24065

1 0.636115
2 0.0134253
3 0.225982
4 0.427445
5 0.0529866
6 0.174261
7 0.255553
8 0.0994891
9 0.203115
10 0.0596744
11 0.226963
12 0.23052
13 0.319778
14 0.329747
15 0.235382
16 0.586663
17 0.203963
18 0.103166
19 0.0443795
20 0.29823
21 0.298832
22 0.217036
23 0.211407
24 0.307609
25 0.420461
26 0.290613
27 0.307975
28 0.132891
29 0.464218
30 0.27668
31 0.639134
32 0.399638
33 0.513266
34 0.42435
35 0.198282
36 0.0355948
37 0.152357
38 0.0443556
39 0.218051
40 0.534587
41 0.0801972
42 0.225801
43 0.333027
44 0.147856
45 0.146408
46 0.107968
47 0.299645
48 0.255091
49 0.54045
50 0.400411
51 0.824999
52 0.362611
53 0.589388
54 0.315895
55 0.176193
56 0.24908
57 0.0370905
58 0.513275
59 0.272532
60 0.34142
61 0.486679
62 0.261645
63 0.335912
64 0.139375
65 0.287359
66 0.121931
67 0.021988
68 0.311693
69 0.362871
70 0.291068
71 0.488811
72 0.306069
73 0.636181
74 0.492578
75 0.394144
76 0.365697
77 0.354495
78 0.494707
79 0.414181
80 0.0408985
81 0.0376124
82 0.0656628
83 0.696918
84 0.257311
85 0.258334
86 0.0166305
87 0.188995
88 0.188764
89 0.202589
90 0.568603
91 0.0724381
92 0.0112513
93 0.0567584
94 0.00959855
95 0.0597778
96 0.00759031
97 0.0476751
98 0.050125
99 0.558663
100 0.19575
101 0.140701
102 0.185961
103 0.059412
104 0.00312418
105 0.0573276
106 0.0434089
107 0.122626
108 0.0166818
109 0.0742855
110 0.0299815
111 0.0163758
112 0.00304119
113 0.625728
114 0.311739
115 0.0311496
116 0.234306
117 0.00315626
118 0.0606691
119 0.0110926
120 0.0506598
121 0.443177
122 0.00114914
123 0.290235
124 0.348976
125 0.00575366
126 0.360213
127 0.00064615
128 0.0619248
129 0.0626813
130 0.272
131 0.758795
132 0.000977483
133 0.378847
134 0.265888
135 0.00940399
136 0.38935
137 0.0353684
138 0.222378
139 0.195053
140 0.182269
141 0.00101293
142 0.236905
143 0.0209229
144 0.00952129
145 0.00181628
146 0.000621258
147 0.0615662
148 0.495809
149 0.000633495
150 0.00103305
151 0.262129
152 0.0037711
153 0.33813
154 0.031859
155 0.238162
156 0.18233
157 0.00577539
158 0.00617223
159 0.173797
160 0.168688
161 0.184224
162 0.182377
163 0.108715
164 0.234247
165 0.0600636
166 0.0607788
167 0.0595494
168 0.076638
169 0.0777399
170 0.00959429
171 0.0460879
172 0.0105594
173 0.0792789
174 0.105871
175 0.108255
176 0.0488252
177 0.10363
178 0.120144
179 0.0517177
180 0.0124885
181 0.279756
182 0.0520059
183 0.104125
184 0.0137415
185 0.0134129
186 0.0545087
187 0.0133421
188 0.0568
189 0.0667169
190 0.0692832
191 0.0690561
192 0.0634369
193 0.110689
194 0.259167
195 0.00382195
196 0.0638689
197 0.208879
198 0.120965
199 0.637625
200 0.101871
201 0.192917
202 0.167691
203 0.174818
204 0.00363288
205 0.0017562
206 0.137943
207 0.0366427
208 0.442529
209 0.288179
210 0.0559633
211 0.10821
212 0.12779
213 0.0977814
214 0.0514099
215 0.0921915
216 0.0865161
217 0.080858
218 0.0753016
219 0.0730962
220 0.0461913
221 0.0754997
222 0.00747524
223 0.00762842
224 0.0363398
225 0.0106385
226 0.287924
227 0.0977718
228 0.435024
229 0.508343
230 0.0999965
231 0.178211
232 0.0145952
233 0.0878746
234 0.0170677
235 0.0832863
236 0.0551015
237 0.308914
238 0.0496018
239 0.245634
240 0.0331417
241 0.0404236
242 0.133534
243 0.102782
244 0.0352758
245 0.0639186
246 0.17536
247 0.0710881
248 0.134905
249 0.0350987
250 0.207114
251 0.173088
252 0.0757038
253 0.386324
254 0.329939
255 0.404331
256 0.414627
257 0.456172
258 0.145429
259 0.229883
260 0.439743
261 0.192445
262 0.0946673
263 0.448588
264 0.496753
265 0.278113
266 0.238206
267 0.473684
268 0.128415
269 0.390824
270 0.0927966
271 0.0846944
272 0.0786105
273 0.383905
274 0.0739971
275 0.0703083
276 0.394209
277 0.0627892
278 0.264476
279 0.0683219
280 0.0514745
281 0.0627821
282 0.0575089
283 0.371958
284 0.309094
285 0.171645
286 0.511204
287 0.257208
288 0.0464082
289 0.28761
290 0.880401
291 0.198415
292 0.701227
293 0.320111
294 0.391597
295 0.537336
296 0.405729
297 0.540229
298 0.379912
299 0.476249
300 0.487995
301 0.486776
302 0.459434
303 0.803816
304 0.403066
305 0.22055
306 0.416381
307 0.459075
308 0.0907717
309 0.275344
310 0.944185
311 0.115655
312 0.607897
313 0.156866
314 0.845708
315 0.24111
316 0.267044
317 0.460193
318 0.27922
319 0.576054
320 0.478466
321 0.60806
322 0.487425
323 0.410571
324 0.534105
325 0.950179
326 0.3751
327 0.326091
328 0.856244
329 0.273572
330 0.195404
331 0.303594
332 0.293136
333 0.177662
334 0.337149
335 0.276664
336 0.239122
337 0.135649
338 0.0977336
339 0.0662765
340 0.350601
341 0.684324
342 0.189599
343 0.307771
344 0.0852097
345 0.0956814
346 0.219507
347 0.26824
348 0.78602
349 0.0854797
350 0.753155
351 0.071095
352 0.0852854
353 0.0673092
354 0.296127
355 0.0786183
356 0.511046
357 0.145557
358 0.260675
359 0.287225
360 0.194268
361 0.196757
362 0.241299
363 0.276345
364 0.167295
365 0.246518
366 0.154121
367 0.100905
368 0.209728
369 0.0904821
370 0.106186
371 0.107586
372 0.132301
373 0.290806
374 0.293587
375 0.350375
376 0.278934
377 0.209855
378 0.216926
379 0.260181
380 0.20817
381 0.205706
382 0.183805
383 0.160861
384 0.813177
385 0.140644
386 0.185289
387 0.12308
388 0.124361
389 0.121643
390 0.220682
391 0.117586
392 0.112199
393 0.213743
394 0.105863
395 0.655486
396 0.0989331
397 0.0917164
398 0.084465
399 0.0793692
400 0.16789
401 0.0340554
402 0.0849481
403 0.705833
404 0.309137
405 0.237847
406 0.0625328
407 0.108238
408 0.221645
409 0.174727
410 0.211109
411 0.194753
412 0.911081
413 0.628842
414 0.287717
415 0.297018
416 0.315107
417 0.296609
418 0.279576
419 0.268733
420 0.277738
421 0.242598
422 0.264358
423 0.868052
424 0.268081
425 0.34123
426 0.297662
427 0.412316
428 0.31266
429 0.377552
430 0.298711
431 0.26439
432 0.50327
433 0.374143
434 0.294386
435 0.472853
436 0.279234
437 0.587021
438 0.664141
439 0.309798
440 0.18147
441 0.305627
442 0.723716
443 0.243793
444 0.384952
445 0.331192
446 0.286473
447 0.292897
448 0.353151
449 0.382326
450 0.947442
451 0.253549
452 0.404292
453 0.435465
454 0.317734
455 0.260948
456 0.296097
457 0.284186
458 0.297771
459 0.332176
460 0.392516
461 0.676654
462 0.335319
463 0.365491
464 0.340691
465 0.296136
466 0.346186
467 0.689677
468 0.42434
469 0.69408
470 0.362279
471 0.594413
472 0.0879197
473 0.166399
474 0.286194
475 0.296304
476 0.811112
477 0.0523409
478 0.0417328
479 0.287666
480 0.302033
481 0.272221
482 0.354355
483 0.237881
484 0.256208
485 0.330611
486 0.286028
487 0.263635
488 0.365867
489 0.701564
490 0.302879
491 0.311881
492 0.310055
493 0.294506
494 0.323817
495 0.806758
496 0.194534
497 0.231161
498 0.421486
499 0.317366
500 0.360655
501 0.270505
502 0.471267
503 0.89148
504 0.340926
505 0.307267
506 0.329353
507 0.315499
508 0.333609
509 0.440173
510 0.491414
511 0.31481
512 0.506161
513 0.420966
514 0.31044
515 0.343315
516 0.525638
517 0.254956
518 0.80414
519 0.421668
520 0.279883
521 0.471439
522 0.577446
523 0.446452
524 0.443651
525 0.33969
526 0.409886
527 0.0453771
528 0.15324
529 0.72663
530 0.274021
531 0.253131
532 0.368887
533 0.383718
534 0.441826
535 0.395618
536 0.474664
537 0.45563
538 0.442778
539 0.392529
540 0.307723
541 0.277259
542 0.26227
543 0.275108
544 0.256721
545 0.747718
546 0.923453
547 0.247601
548 0.24113
549 0.219398
550 0.420346
551 0.391145
552 0.455971
553 0.454147
554 0.614178
555 0.215106
556 0.367495
557 0.225995
558 0.303362
559 0.25359
560 0.366027
561 0.197865
562 0.318489
563 0.318098
564 0.091013
565 0.0598702
566 0.079538
567 0.116308
568 0.0603101
569 0.100241
570 0.0967438
571 0.09045
572 0.0868538
573 0.0649003
574 0.0725103
575 0.0570965
576 0.0659301
577 0.0595848
578 0.0752597
579 0.238524
580 0.112769
581 0.191944
582 0.0501813
583 0.236607
584 0.257155
585 0.0460926
586 0.207936
587 0.0550714
588 0.08074
589 0.441206
590 0.101426
591 0.250613
592 0.00184521
593 0.0802066
594 0.0724977
595 0.0653422
596 0.337302
597 0.13371
598 0.285315
599 0.293889
600 0.197073
601 0.0522735
602 0.0100185
603 0.0502591
604 0.0325865
605 0.234378
606 0.106647
607 0.0691818
608 0.249091
609 0.112228
610 0.0975124
611 0.120514
612 0.200892
613 0.222067
614 0.247873
615 0.0907119
616 0.405145
617 0.24119
618 0.249861
619 0.152288
620 0.192677
621 0.262675
622 0.171841
623 0.252538
624 0.188396
625 0.498864
626 0.199491
627 0.276304
628 0.301697
629 0.203183
630 0.280024
631 0.242414
632 0.198785
633 0.274133
634 0.249133
635 0.187146
636 0.216159
637 0.17029
638 0.060447
639 0.259422
640 0.150669
641 0.210227
642 0.19578
643 0.00737163
644 0.430926
645 0.148406
646 0.0264526
647 0.233654
648 0.372965
649 0.22667
650 0.309697
651 0.308838
652 0.327977
653 0.564005
654 0.28255
655 0.233503
656 0.212442
657 0.191656
658 0.760979
659 0.183606
660 0.0136727
661 0.724979
662 0.16206
663 0.0686788
664 0.293338
665 0.208263
666 0.150327
667 0.256841
668 0.162369
669 0.306868
670 0.271903
671 0.167524
672 0.301533
673 0.163577
674 0.261035
675 0.244669
676 0.130513
677 0.279556
678 0.175145
679 0.199338
680 0.296571
681 0.219135
682 0.231082
683 0.282658
684 0.462606
685 0.308402
686 0.00419475
687 0.353196
688 0.285642
689 0.000408058
690 0.53685
691 0.288829
692 0.21422
693 0.246554
694 0.25107
695 0.349684
696 0.254043
697 0.300311
698 0.411477
699 0.243861
700 0.222912
701 0.286262
702 0.248388
703 0.208702
704 0.328944
705 0.342772
706 0.310222
707 0.0520818
708 0.258732
709 0.491732
710 0.277488
711 0.0539327
712 0.249452
713 0.0555245
714 0.235913
715 0.262617
716 0.152902
717 0.293813
718 0.1778
719 0.475324
720 0.476655
721 0.113917
722 0.15953
723 0.332028
724 0.316385
725 0.374637
726 0.317476
727 0.228884
728 0.267842
729 0.248207
730 0.0804558
731 0.33392
732 0.134449
733 0.198953
734 0.31812
735 0.35223
736 0.324134
737 0.36732
738 0.761151
739 0.23551
740 0.158559
741 0.160899
742 0.255464
743 0.0113966
744 0.00149799
745 0.139716
746 0.61227
747 0.36868
748 0.356782
749 0.249248
750 0.207325
751 0.644027
752 0.181464
753 0.774018
754 0.215248
755 0.481197
756 0.270723
757 0.230152
758 0.0472276
759 0.230715
760 0.148114
761 0.0468515
762 0.228733
763 0.3244
764 0.276254
765 0.738565
766 0.248857
767 0.0752799
768 0.25317
769 0.250656
770 0.0645432
771 0.0812176
772 0.232148
773 0.222533
774 0.277096
775 0.296755
776 0.324712
777 0.104368
778 0.114004
779 0.308689
780 0.224451
781 0.123351
782 0.279557
783 0.317672
784 0.220288
785 0.138644
786 0.461822
787 0.20516
788 0.19774
789 0.264567
790 0.519021
791 0.298921
792 0.520941
793 0.250297
794 0.306895
795 0.288572
796 0.287909
797 0.312511
798 0.3102
799 0.288291
800 0.597668
801 0.253687
802 0.232297
803 0.256461
804 0.255592
805 0.279119
806 0.289075
807 0.289836
808 0.298218
809 0.317182
810 0.311647
811 0.24598
812 0.30918
813 0.322877
814 0.216259
815 0.477091
816 0.28768
817 0.447623
818 0.200317
819 0.328957
820 0.299421
821 0.240698
822 0.272416
823 0.314204
824 0.298125
825 0.294111
826 0.269389
827 0.758841
828 0.316323
829 0.306074
830 0.798652
831 0.266225
832 0.784488
833 0.333668
834 0.377353
835 0.856651
836 0.509722
837 0.398531
838 0.282343
839 0.312214
840 0.321747
841 0.386595
842 0.407278
843 0.466109
844 0.862551
845 0.476743
846 0.435853
847 0.298375
848 0.358842
849 0.351831
850 0.299631
851 0.263398
852 0.292543
853 0.918082
854 0.294116
855 0.220543
856 0.431895
857 0.410417
858 0.367107
859 0.356567
860 0.446752
861 0.475168
862 0.168868
863 0.25098
864 0.131811
865 0.649643
866 0.291043
867 0.228771
868 0.312926
869 0.761768
870 0.417495
871 0.0900311
872 0.0980352
873 0.642389
874 0.369482
875 0.314344
876 0.25435
877 0.570892
878 0.320701
879 0.804054
880 0.332685
881 0.315311
882 0.325659
883 0.329662
884 0.320943
885 0.339671
886 0.291651
887 0.816869
888 0.232155
889 0.330472
890 0.252146
891 0.333483
892 0.969428
893 0.317664
894 0.753441
895 0.525017
896 0.314997
897 0.323451
898 0.326317
899 0.297896
900 0.318542
901 0.330575
902 0.306148
903 0.302463
904 0.299871
905 0.267188
906 0.13478
907 0.152342
908 0.42368
909 0.461085
910 0.521706
911 0.317
912 0.636011
913 0.603224
914 0.392612
915 0.452176
916 0.290769
917 0.530832
918 0.385742
919 0.38964
920 0.385143
921 0.506797
922 0.33362
923 0.469094
924 0.237034
925 0.37577
926 0.371536
927 0.54661
928 0.393136
929 0.37968
930 0.340351
931 0.497726
932 0.473419
933 0.530589
934 0.412604
935 0.231884
936 0.0817555
937 0.0740116
938 0.627349
939 0.303169
940 0.0813845
941 0.158242
942 0.152482
943 0.0961493
944 0.563665
945 0.519883
946 0.362962
947 0.0548259
948 0.0904371
949 0.631376
950 0.17739
951 0.22896
952 0.166439
953 0.379496
954 0.81347
955 0.415397
956 0.305083
957 0.318553
958 0.292804
959 0.264915
960 0.28699
961 0.297521
962 0.307913
963 0.316511
964 0.373141
965 0.929541
966 0.261929
967 0.261994
968 0.285346
969 0.202749
970 0.309933
971 0.268756
972 0.256522
973 0.289362
974 0.149522
975 0.204463
976 0.212392
977 0.313668
978 0.286343
979 0.315346
980 0.117468
981 0.302585
982 0.27739
983 0.117275
984 0.242907
985 0.131551
986 0.113896
987 0.254138
988 0.293712
989 0.612702
990 0.294944
991 0.23004
992 0.2798
993 0.231798
994 0.304983
995 0.256236
996 0.0750934
997 0.436111
998 0.245209
999 0.282042
1000 0.687338
1001 0.104914
1002 0.120582
1003 0.238705
1004 0.143714
1005 0.101789
1006 0.237647
1007 0.067162
1008 0.306049
1009 0.255045
1010 0.208584
1011 0.120174
1012 0.261655
1013 0.270058
1014 0.609165
1015 0.230627
1016 0.246212
1017 0.652675
1018 0.425597
1019 0.664376
1020 0.2622
1021 0.335321
1022 0.243851
1023 0.23482
1024 0.169754
1025 0.215903
1026 0.316578
1027 0.667214
1028 0.313879
1029 0.296341
1030 0.266701
1031 0.358596
1032 0.304422
1033 0.235747
1034 0.341962
1035 0.344209
1036 0.270842
1037 0.250596
1038 0.22248
1039 0.232653
1040 0.229733
1041 0.46318
1042 0.215534
1043 0.382792
1044 0.103206
1045 0.429961
1046 0.614136
1047 0.455365
1048 0.145426
1049 0.477164
1050 0.565937
1051 0.12297
1052 0.0840369
1053 0.402427
1054 0.140448
1055 0.0752949
1056 0.576465
1057 0.0891612
1058 0.0597672
1059 0.0798497
1060 0.202697
1061 0.0715882
1062 0.0619816
1063 0.350272
1064 0.0298711
1065 0.434035
1066 0.682409
1067 0.418486
1068 0.428196
1069 0.395733
1070 0.489399
1071 0.453974
1072 0.978837
1073 0.617725
1074 0.493886
1075 0.465589
1076 0.485892
1077 0.591056
1078 0.433794
1079 0.416604
1080 0.387768
1081 0.311244
1082 0.39386
1083 0.427127
1084 0.552081
1085 0.491431
1086 0.418115
1087 0.502958
1088 0.471532
1089 0.501356
1090 0.386264
1091 0.448804
1092 0.603821
1093 0.436764
1094 0.497345
1095 0.467031
1096 0.43684
1097 0.494214
1098 0.428407
1099 0.434367
1100 0.611506
1101 0.428071
1102 0.443012
1103 0.471077
1104 0.36256
1105 0.399942
1106 0.46339
1107 0.366964
1108 0.407768
1109 0.445574
1110 0.765186
1111 0.460548
1112 0.24699
1113 0.398515
1114 0.358536
1115 0.488403
1116 0.376716
1117 0.438197
1118 0.33586
1119 0.404595
1120 0.409541
1121 0.35623
1122 0.369159
1123 0.405927
1124 0.435762
1125 0.392383
1126 0.399558
1127 0.657577
1128 0.430796
1129 0.405036
1130 0.418754
1131 0.38331
1132 0.869946
1133 0.517428
1134 0.417927
1135 0.405442
1136 0.718915
1137 0.434784
1138 0.444111
1139 0.456362
1140 0.375458
1141 0.425007
1142 0.261518
1143 0.375719
1144 0.570612
1145 0.424227
1146 0.308304
1147 0.419746
1148 0.280356
1149 0.322315
1150 0.364506
1151 0.304155
1152 0.248398
1153 0.219609
1154 0.389141
1155 0.424085
1156 0.84535
1157 0.34405
1158 0.413802
1159 0.428306
1160 0.347204
1161 0.441106
1162 0.410389
1163 0.405072
1164 0.35805
1165 0.319634
1166 0.381197
1167 0.181892
1168 0.418683
1169 0.382593
1170 0.289756
1171 0.346365
1172 0.778981
1173 0.360314
1174 0.349136
1175 0.434107
1176 0.418432
1177 0.437087
1178 0.413972
1179 0.44082
1180 0.414653
1181 0.779038
1182 0.462712
1183 0.404637
1184 0.372086
1185 0.901036
1186 0.447223
1187 0.347307
1188 0.0533521
1189 0.135649
1190 0.844024
1191 0.0995103
1192 0.239091
1193 0.162236
1194 0.14144
1195 0.0910374
1196 0.235144
1197 0.113679
1198 0.0821035
1199 0.522738
1200 0.127649
1201 0.0157661
1202 0.0441322
1203 0.0304176
1204 0.381455
1205 0.0522003
1206 0.389793
1207 0.317981
1208 0.110787
1209 0.0103715
1210 0.173789
1211 0.146117
1212 0.00268951
1213 0.00280586
1214 0.404718
1215 0.179984
1216 0.196365
1217 0.409336
1218 0.00286974
1219 0.00293527
1220 0.171823
1221 0.00300249
1222 0.00314215
1223 0.12304
1224 0.00321469
1225 0.0032891
1226 0.00336543
1227 0.00344372
1228 0.00352402
1229 0.136566
1230 0.00377754
1231 0.13757
1232 0.153666
1233 0.277421
1234 0.159098
1235 0.161111
1236 0.658612
1237 0.176497
1238 0.150488
1239 0.0036466
1240 0.00473329
1241 0.192274
1242 0.0473197
1243 0.287809
1244 0.328007
1245 0.361059
1246 0.0163811
1247 0.0199862
1248 0.347637
1249 0.0308721
1250 0.149723
1251 0.0391576
1252 0.0503741
1253 0.0794138
1254 0.108703
1255 0.33977
1256 0.145693
1257 0.183895
1258 0.147565
1259 0.235287
1260 0.590527
1261 0.608996
1262 0.31851
1263 0.0135744
1264 0.281079
1265 0.5741
1266 0.19626
1267 0.106266
1268 0.130861
1269 0.130695
1270 0.0197218
1271 0.181453
1272 0.0318653
1273 0.166687
1274 0.0495235
1275 0.0800922
1276 0.102539
1277 0.0713161
1278 0.160699
1279 0.0543828
1280 0.221129
1281 0.170653
1282 0.171291
1283 0.0867078
1284 0.0627256
1285 0.148775
1286 0.0279862
1287 0.407548
1288 0.674668
1289 0.158794
1290 0.19446
1291 0.150628
1292 0.168951
1293 0.0604649
1294 0.163898
1295 0.138478
1296 0.203331
1297 0.040704
1298 0.0505573
1299 0.0344342
1300 0.0680048
1301 0.0712303
1302 0.0590098
1303 0.0741603
1304 0.0857508
1305 0.0766658
1306 0.0679563
1307 0.531754
1308 0.0519717
1309 0.0566623
1310 0.0769308
1311 0.0587588
1312 0.0612367
1313 0.0627461
1314 0.153783
1315 0.0638877
1316 0.0205651
1317 0.344152
1318 0.0444657
1319 0.0587091
1320 0.264462
1321 0.428749
1322 0.240956
1323 0.3321
1324 0.231421
1325 0.171386
1326 0.199563
1327 0.171098
1328 0.441172
1329 0.0503324
1330 0.381999
1331 0.0632039
1332 0.185681
1333 0.0251515
1334 0.146743
1335 0.14674
1336 0.0341844
1337 0.0641719
1338 0.1144
1339 0.110219
1340 0.151924
1341 0.230971
1342 0.229861
1343 0.085619
1344 0.216945
1345 0.197144
1346 0.0953997
1347 0.270536
1348 0.169114
1349 0.0954935
1350 0.242612
1351 0.0834038
1352 0.202464
1353 0.601803
1354 0.0660621
1355 0.118438
1356 0.0383326
1357 0.0060229
1358 0.115437
1359 0.0889216
1360 0.368983
1361 0.967637
1362 0.111749
1363 0.102124
1364 0.0218507
1365 0.0501353
1366 0.12034
1367 0.0233439
1368 0.0749966
1369 0.49531
1370 0.677892
1371 0.0575209
1372 0.103471
1373 0.697442
1374 0.0480011
1375 0.210462
1376 0.871447
1377 0.193652
1378 0.205192
1379 0.212717
1380 0.108068
1381 0.217447
1382 0.177899
1383 0.12826
1384 0.121023
1385 0.235602
1386 0.218897
1387 0.225028
1388 0.193766
1389 0.221023
1390 0.186432
1391 0.219785
1392 0.227347
1393 0.148371
1394 0.212127
1395 0.199006
1396 0.22424
1397 0.898379
1398 0.0986038
1399 0.198617
1400 0.216056
1401 0.22206
1402 0.226845
1403 0.226267
1404 0.220322
1405 0.0966497
1406 0.209483
1407 0.108975
1408 0.194505
1409 0.264304
1410 0.192484
1411 0.288107
1412 0.189178
1413 0.162655
1414 0.169682
1415 0.382669
1416 0.0836564
1417 0.264314
1418 0.525768
1419 0.242667
1420 0.227583
1421 0.309218
1422 0.218674
1423 0.602822
1424 0.685941
1425 0.313636
1426 0.382417
1427 0.465641
1428 0.249188
1429 0.155673
1430 0.332449
1431 0.117799
1432 0.340668
1433 0.0855029
1434 0.665676
1435 0.392589
1436 0.375768
1437 0.271272
1438 0.237703
1439 0.274517
1440 0.261898
1441 0.212969
1442 0.183814
1443 0.311357
1444 0.149907
1445 0.200605
1446 0.198425
1447 0.212677
1448 0.158907
1449 0.185852
1450 0.138386
1451 0.260298
1452 0.148255
1453 0.160817
1454 0.153361
1455 0.0408576
1456 0.145351
1457 0.23497
1458 0.229318
1459 0.0424217
1460 0.28611
1461 0.281371
1462 0.270651
1463 0.250662
1464 0.127832
1465 0.176652
1466 0.270227
1467 0.115593
1468 0.306269
1469 0.1258
1470 0.329054
1471 0.135
1472 0.332689
1473 0.14507
1474 0.316161
1475 0.149987
1476 0.263104
1477 0.150914
1478 0.28391
1479 0.140076
1480 0.146029
1481 0.13905
1482 0.128192
1483 0.115035
1484 0.101085
1485 0.385405
1486 0.551087
1487 0.523272
1488 0.146162
1489 0.132752
1490 0.150848
1491 0.166982
1492 0.154982
1493 0.374055
1494 0.731008
1495 0.535352
1496 0.587377
1497 0.498122
1498 0.206884
1499 0.470419
1500 0.493545
1501 0.084772
1502 0.354251
1503 0.275601
1504 0.267362
1505 0.352853
1506 0.43932
1507 0.370807
1508 0.37806
1509 0.397544
1510 0.157746
1511 0.216177
1512 0.240859
1513 0.184324
1514 0.23005
1515 0.134981
1516 0.601113
1517 0.758707
1518 0.155762
1519 0.328769
1520 0.347511
1521 0.382835
1522 0.400882
1523 0.410645
1524 0.485135
1525 0.520422
1526 0.466846
1527 0.261979
1528 0.470252
1529 0.291575
1530 0.325605
1531 0.532462
1532 0.556534
1533 0.492369
1534 0.561605
1535 0.507778
1536 0.453113
1537 0.298579
1538 0.369125
1539 0.49631
1540 0.371117
1541 0.544384
1542 0.474723
1543 0.345877
1544 0.336559
1545 0.714952
1546 0.287511
1547 0.358566
1548 0.263469
1549 0.397141
1550 0.256948
1551 0.356329
1552 0.88613
1553 0.424881
1554 0.41522
1555 0.235862
1556 0.3731
1557 0.287842
1558 0.467659
1559 0.482278
1560 0.307462
1561 0.493039
1562 0.261111
1563 0.284724
1564 0.58878
1565 0.38659
1566 0.412731
1567 0.487424
1568 0.608411
1569 0.470642
1570 0.605693
1571 0.393419
1572 0.536943
1573 0.447926
1574 0.479103
1575 0.567528
1576 0.482117
1577 0.62954
1578 0.318366
1579 0.450984
1580 0.579407
1581 0.399796
1582 0.429735
1583 0.42392
1584 0.369659
1585 0.449855
1586 0.494002
1587 0.55696
1588 0.457935
1589 0.494067
1590 0.372902
1591 0.372356
1592 0.4572
1593 0.435277
1594 0.43156
1595 0.526029
1596 0.512218
1597 0.556999
1598 0.359729
1599 0.448408
1600 0.9215
1601 0.43867
1602 0.576365
1603 0.489526
1604 0.523439
1605 0.55508
1606 0.489057
1607 0.496265
1608 0.612464
1609 0.53354
1610 0.61332
1611 0.56843
1612 0.540649
1613 0.426906
1614 0.577852
1615 0.623332
1616 0.572217
1617 0.404734
1618 0.48241
1619 0.604744
1620 0.421666
1621 0.605588
1622 0.446091
1623 0.478495
1624 0.543389
1625 0.581132
1626 0.429722
1627 0.50751
1628 0.506624
1629 0.366068
1630 0.601323
1631 0.295629
1632 0.580527
1633 0.453464
1634 0.433182
1635 0.466895
1636 0.54809
1637 0.580952
1638 0.52336
1639 0.592099
1640 0.519767
1641 0.491354
1642 0.584379
1643 0.513203
1644 0.822952
1645 0.593817
1646 0.564611
1647 0.461435
1648 0.592898
1649 0.611463
1650 0.50107
1651 0.380819
1652 0.273082
1653 0.407706
1654 0.379603
1655 0.363263
1656 0.407182
1657 0.403688
1658 0.434599
1659 0.502166
1660 0.647346
1661 0.612103
1662 0.486105
1663 0.0543136
1664 0.384416
1665 0.317664
1666 0.347379
1667 0.133123
1668 0.422825
1669 0.101492
1670 0.463409
1671 0.318591
1672 0.133767
1673 0.455369
1674 0.727695
1675 0.311416
1676 0.402413
1677 0.181642
1678 0.285879
1679 0.405767
1680 0.463189
1681 0.217544
1682 0.184092
1683 0.310909
1684 0.413896
1685 0.290268
1686 0.388229
1687 0.386672
1688 0.424085
1689 0.501525
1690 0.297321
1691 0.466787
1692 0.226226
1693 0.277827
1694 0.302282
1695 0.313695
1696 0.193806
1697 0.356492
1698 0.309181
1699 0.163577
1700 0.275695
1701 0.143301
1702 0.37431
1703 0.310802
1704 0.212482
1705 0.0879888
1706 0.239801
1707 0.0761805
1708 0.296972
1709 0.18409
1710 0.31944
1711 0.0937473
1712 0.079584
1713 0.0629143
1714 0.296072
1715 0.342623
1716 0.297572
1717 0.289582
1718 0.113711
1719 0.287513
1720 0.312314
1721 0.275729
1722 0.227786
1723 0.249349
1724 0.11944
1725 0.797556
1726 0.0807349
1727 0.559691
1728 0.159524
1729 0.30201
1730 0.269487
1731 0.213869
1732 0.297693
1733 0.262189
1734 0.323639
1735 0.327803
1736 0.323183
1737 0.15144
1738 0.162059
1739 0.138651
1740 0.117543
1741 0.216031
1742 0.463794
1743 0.647101
1744 0.0578175
1745 0.122031
1746 0.464715
1747 0.115518
1748 0.10072
1749 0.0930134
1750 0.0503309
1751 0.77774
1752 0.566572
1753 0.0868832
1754 0.0780476
1755 0.219529
1756 0.483862
1757 0.0527944
1758 0.203806
1759 0.680349
1760 0.578961
1761 0.200513
1762 0.579163
1763 0.279337
1764 0.0880369
1765 0.0948816
1766 0.319474
1767 0.325527
1768 0.259232
1769 0.274293
1770 0.235081
1771 0.301153
1772 0.315328
1773 0.276377
1774 0.312407
1775 0.292973
1776 0.303905
1777 0.783575
1778 0.401127
1779 0.638332
1780 0.315344
1781 0.537108
1782 0.323871
1783 0.930025
1784 0.317919
1785 0.296759
1786 0.308331
1787 0.297255
1788 0.300479
1789 0.284653
1790 0.316593
1791 0.321272
1792 0.299127
1793 0.323645
1794 0.320948
1795 0.307082
1796 0.263612
1797 0.301141
1798 0.637561
1799 0.316882
1800 0.308637
1801 0.271418
1802 0.556106
1803 0.606227
1804 0.401794
1805 0.328035
1806 0.507997
1807 0.254103
1808 0.541991
1809 0.38488
1810 0.445193
1811 0.525123
1812 0.321453
1813 0.593462
1814 0.303919
1815 0.223348
1816 0.267181
1817 0.300418
1818 0.49031
1819 0.593729
1820 0.312874
1821 0.578582
1822 0.298821
1823 0.456471
1824 0.477506
1825 0.303059
1826 0.31155
1827 0.346669
1828 0.200847
1829 0.362774
1830 0.589858
1831 0.624
1832 0.455833
1833 0.636808
1834 0.431959
1835 0.317196
1836 0.256804
1837 0.326133
1838 0.290641
1839 0.0654518
1840 0.261104
1841 0.848491
1842 0.499374
1843 0.292987
1844 0.221092
1845 0.283273
1846 0.357776
1847 0.222603
1848 0.300561
1849 0.267715
1850 0.266072
1851 0.237473
1852 0.317499
1853 0.248375
1854 0.319663
1855 0.318735
1856 0.393473
1857 0.302222
1858 0.285176
1859 0.311493
1860 0.271166
1861 0.321845
1862 0.313892
1863 0.2289
1864 0.2895
1865 0.2522
1866 0.315739
1867 0.257357
1868 0.325106
1869 0.181527
1870 0.30786
1871 0.282844
1872 0.233011
1873 0.248015
1874 0.294581
1875 0.216627
1876 0.264212
1877 0.252974
1878 0.250958
1879 0.462079
1880 0.192152
1881 0.409257
1882 0.507497
1883 0.371241
1884 0.195535
1885 0.447459
1886 0.454539
1887 0.480839
1888 0.302731
1889 0.390399
1890 0.468198
1891 0.179042
1892 0.962483
1893 0.346876
1894 0.473405
1895 0.291869
1896 0.78834
1897 0.195041
1898 0.200117
1899 0.227136
1900 0.297525
1901 0.341155
1902 0.346156
1903 0.842469
1904 0.209925
1905 0.83302
1906 0.612368
1907 0.273538
1908 0.30407
1909 0.24169
1910 0.118679
1911 0.12721
1912 0.210667
1913 0.167839
1914 0.11392
1915 0.122707
1916 0.113354
1917 0.103928
1918 0.303645
1919 0.0947347
1920 0.0859782
1921 0.254879
1922 0.067349
1923 0.071244
1924 0.0633006
1925 0.237925
1926 0.0813913
1927 0.2148
1928 0.0606454
1929 0.709249
1930 0.0553266
1931 0.0530113
1932 0.560647
1933 0.0631334
1934 0.0788466
1935 0.125719
1936 0.169491
1937 0.186376
1938 0.13831
1939 0.20092
1940 0.647934
1941 0.211937
1942 0.218445
1943 0.190227
1944 0.0163299
1945 0.0166979
1946 0.210193
1947 0.196255
1948 0.17001
1949 0.293199
1950 0.208674
1951 0.301899
1952 0.498974
1953 0.215385
1954 0.315102
1955 0.281957
1956 0.281908
1957 0.29761
1958 0.315587
1959 0.148766
1960 0.322945
1961 0.168685
1962 0.662296
1963 0.190795
1964 0.256852
1965 0.293213
1966 0.208257
1967 0.542187
1968 0.217892
1969 0.456116
1970 0.303176
1971 0.207657
1972 0.290069
1973 0.189931
1974 0.239417
1975 0.242563
1976 0.00753079
1977 0.291616
1978 0.301818
1979 0.314061
1980 0.300265
1981 0.286367
1982 0.226012
1983 0.278654
1984 0.220001
1985 0.275317
1986 0.310705
1987 0.312676
1988 0.342014
1989 0.263258
1990 0.311311
1991 0.287343
1992 0.351453
1993 0.34861
1994 0.358412
1995 0.315791
1996 0.333401
1997 0.30077
1998 0.579378
1999 0.30326
2000 0.146208
2001 0.147452
2002 0.147425
2003 0.248453
2004 0.141694
2005 0.299599
2006 0.652423
2007 0.343235
2008 0.368981
2009 0.147335
2010 0.25666
2011 0.252831
2012 0.235702
2013 0.171886
2014 0.142391
2015 0.661329
2016 0.173242
2017 0.180491
2018 0.115749
2019 0.228739
2020 0.237928
2021 0.234922
2022 0.220819
2023 0.277864
2024 0.378041
2025 0.376025
2026 0.231434
2027 0.203552
2028 0.350152
2029 0.337983
2030 0.770696
2031 0.257398
2032 0.477347
2033 0.355114
2034 0.216742
2035 0.142207
2036 0.199293
2037 0.744391
2038 0.325381
2039 0.311337
2040 0.388219
2041 0.225542
2042 0.171314
2043 0.0426238
2044 0.753101
2045 0.112115
2046 0.273892
2047 0.1763
2048 0.255122
2049 0.429641
2050 0.140586
2051 0.060664
2052 0.307292
2053 0.234521
2054 0.297533
2055 0.289369
2056 0.275589
2057 0.13439
2058 0.301105
2059 0.299571
2060 0.163404
2061 0.285191
2062 0.260241
2063 0.831928
2064 0.249232
2065 0.175121
2066 0.615145
2067 0.193916
2068 0.210004
2069 0.303844
2070 0.229502
2071 0.354838
2072 0.253981
2073 0.293664
2074 0.267567
2075 0.26872
2076 0.267271
2077 0.247199
2078 0.24349
2079 0.298939
2080 0.631965
2081 0.727898
2082 0.295351
2083 0.245166
2084 0.278345
2085 0.94746
2086 0.252521
2087 0.907175
2088 0.229284
2089 0.261627
2090 0.279881
2091 0.278658
2092 0.295469
2093 0.301041
2094 0.434961
2095 0.29338
2096 0.279037
2097 0.338148
2098 0.300934
2099 0.25718
2100 0.223163
2101 0.266279
2102 0.289016
2103 0.206737
2104 0.367317
2105 0.213257
2106 0.406599
2107 0.197692
2108 0.273868
2109 0.25945
2110 0.25581
2111 0.241134
2112 0.290655
2113 0.377606
2114 0.32669
2115 0.398738
2116 0.323967
2117 0.382354
2118 0.316935
2119 0.33452
2120 0.805642
2121 0.31552
2122 0.71197
2123 0.337901
2124 0.274237
2125 0.318084
2126 0.180148
2127 0.200445
2128 0.909589
2129 0.291286
2130 0.153291
2131 0.268286
2132 0.313881
2133 0.315626
2134 0.323484
2135 0.350526
2136 0.262678
2137 0.815033
2138 0.303408
2139 0.273481
2140 0.1394
2141 0.21195
2142 0.249313
2143 0.124453
2144 0.277876
2145 0.837177
2146 0.111005
2147 0.463162
2148 0.0991523
2149 0.447927
2150 0.118058
2151 0.201847
2152 0.282788
2153 0.491432
2154 0.212708
2155 0.257363
2156 0.20272
2157 0.236743
2158 0.305347
2159 0.325439
2160 0.320998
2161 0.269455
2162 0.293481
2163 0.311674
2164 0.331277
2165 0.316224
2166 0.308695
2167 0.205216
2168 0.319147
2169 0.315926
2170 0.308812
2171 0.314277
2172 0.259007
2173 0.148093
2174 0.116151
2175 0.537794
2176 0.116634
2177 0.133751
2178 0.416173
2179 0.378211
2180 0.492208
2181 0.509526
2182 0.461697
2183 0.308936
2184 0.693294
2185 0.530953
2186 0.19278
2187 0.543865
2188 0.607714
2189 0.462379
2190 0.57342
2191 0.572945
2192 0.542994
2193 0.0528254
2194 0.347588
2195 0.48835
2196 0.162278
2197 0.0503879
2198 0.156612
2199 0.483862
2200 0.0909597
2201 0.332634
2202 0.518276
2203 0.0631095
2204 0.0551981
2205 0.592396
2206 0.054354
2207 0.0653615
2208 0.471042
2209 0.328827
2210 0.158886
2211 0.080807
2212 0.31654
2213 0.307432
2214 0.288209
2215 0.100524
2216 0.271608
2217 0.249837
2218 0.913099
2219 0.21964
2220 0.206755
2221 0.261436
2222 0.32948
2223 0.239003
2224 0.260117
2225 0.264223
2226 0.322455
2227 0.2504
2228 0.299342
2229 0.111182
2230 0.263883
2231 0.647148
2232 0.792076
2233 0.239914
2234 0.26791
2235 0.279935
2236 0.27237
2237 0.295176
2238 0.211742
2239 0.129823
2240 0.30846
2241 0.350512
2242 0.313285
2243 0.246803
2244 0.243471
2245 0.192227
2246 0.209546
2247 0.298413
2248 0.138824
2249 0.172288
2250 0.301484
2251 0.123433
2252 0.804498
2253 0.282853
2254 0.305459
2255 0.613289
2256 0.107775
2257 0.247085
2258 0.254959
2259 0.108993
2260 0.274502
2261 0.262565
2262 0.182261
2263 0.70686
2264 0.2971
2265 0.290592
2266 0.686534
2267 0.103418
2268 0.257754
2269 0.0941596
2270 0.286016
2271 0.146011
2272 0.107647
2273 0.284703
2274 0.0800396
2275 0.608177
2276 0.316108
2277 0.218342
2278 0.137248
2279 0.141158
2280 0.781417
2281 0.492842
2282 0.27183
2283 0.404088
2284 0.272251
2285 0.259728
2286 0.478852
2287 0.343846
2288 0.293437
2289 0.253272
2290 0.146883
2291 0.728266
2292 0.302358
2293 0.281242
2294 0.482383
2295 0.231079
2296 0.444362
2297 0.463125
2298 0.259682
2299 0.475441
2300 0.428468
2301 0.27933
2302 0.327346
2303 0.384703
2304 0.263042
2305 0.421389
2306 0.200376
2307 0.403791
2308 0.316954
2309 0.0950358
2310 0.35134
2311 0.0872262
2312 0.355469
2313 0.0733169
2314 0.0867182
2315 0.0874717
2316 0.0874959
2317 0.597739
2318 0.0861237
2319 0.296475
2320 0.0830321
2321 0.39596
2322 0.0808666
2323 0.459661
2324 0.0756138
2325 0.326819
2326 0.288059
2327 0.287271
2328 0.271577
2329 0.478286
2330 0.249746
2331 0.713214
2332 0.343507
2333 0.399435
2334 0.467543
2335 0.45195
2336 0.115087
2337 0.483189
2338 0.4581
2339 0.437409
2340 0.133401
2341 0.153903
2342 0.258588
2343 0.127254
2344 0.258493
2345 0.110998
2346 0.132243
2347 0.154483
2348 0.223264
2349 0.159708
2350 0.0544671
2351 0.144528
2352 0.0399266
2353 0.149618
2354 0.242284
2355 0.101239
2356 0.130011
2357 0.0658464
2358 0.154825
2359 0.201559
2360 0.144861
2361 0.126206
2362 0.248307
2363 0.157669
2364 0.260181
2365 0.157745
2366 0.150124
2367 0.155049
2368 0.155801
2369 0.0669263
2370 0.154648
2371 0.143143
2372 0.0467443
2373 0.137623
2374 0.206886
2375 0.128905
2376 0.119043
2377 0.15894
2378 0.0708956
2379 0.108109
2380 0.0649158
2381 0.112828
2382 0.0662771
2383 0.104431
2384 0.0666169
2385 0.102606
2386 0.0672566
2387 0.146226
2388 0.598394
2389 0.0665822
2390 0.137452
2391 0.0658785
2392 0.0646155
2393 0.519571
2394 0.0636496
2395 0.403166
2396 0.0429318
2397 0.26773
2398 0.155498
2399 0.158184
2400 0.13779
2401 0.0442025
2402 0.143945
2403 0.0769748
2404 0.00924857
2405 0.0463233
2406 0.299242
2407 0.209334
2408 0.244422
2409 0.19797
2410 0.149929
2411 0.140777
2412 0.195096
2413 0.118764
2414 0.288114
2415 0.141915
2416 0.116129
2417 0.326805
2418 0.0810313
2419 0.214571
2420 0.14857
2421 0.53585
2422 0.829112
2423 0.144953
2424 0.204194
2425 0.132999
2426 0.266284
2427 0.229275
2428 0.132113
2429 0.441715
2430 0.150419
2431 0.150828
2432 0.331783
2433 0.219978
2434 0.14854
2435 0.247112
2436 0.295207
2437 0.132885
2438 0.259704
2439 0.141669
2440 0.247568
2441 0.755648
2442 0.235053
2443 0.0852529
2444 0.172375
2445 0.28704
2446 0.323711
2447 0.202736
2448 0.168829
2449 0.339555
2450 0.175446
2451 0.259027
2452 0.365781
2453 0.15709
2454 0.186731
2455 0.363125
2456 0.207228
2457 0.332339
2458 0.0647357
2459 0.33123
2460 0.0611216
2461 0.526701
2462 0.201468
2463 0.388696
2464 0.176923
2465 0.0528748
2466 0.0504457
2467 0.342587
2468 0.326273
2469 0.354253
2470 0.264629
2471 0.0455689
2472 0.337711
2473 0.0431731
2474 0.450603
2475 0.211382
2476 0.0408339
2477 0.0397402
2478 0.242192
2479 0.0386641
2480 0.0890326
2481 0.693724
2482 0.209508
2483 0.0352564
2484 0.265112
2485 0.0346309
2486 0.0225548
2487 0.0336964
2488 0.342601
2489 0.0479783
2490 0.370951
2491 0.384402
2492 0.209135
2493 0.277165
2494 0.739152
2495 0.336168
2496 0.623895
2497 0.205481
2498 0.175921
2499 0.0236345
2500 0.11173
2501 0.0229373
2502 0.226974
2503 0.178098
2504 0.0228159
2505 0.223968
2506 0.0221935
2507 0.210186
2508 0.177966
2509 0.117475
2510 0.175532
2511 0.130665
2512 0.173174
2513 0.164473
2514 0.172668
2515 0.156469
2516 0.167132
2517 0.15989
2518 0.01314
2519 0.143742
2520 0.0209544
2521 0.140154
2522 0.246232
2523 0.0204444
2524 0.0199398
2525 0.135584
2526 0.220882
2527 0.315821
2528 0.144777
2529 0.125896
2530 0.146746
2531 0.129476
2532 0.144885
2533 0.141849
2534 0.0154469
2535 0.127926
2536 0.13776
2537 0.0151577
2538 0.13277
2539 0.0148674
2540 0.71117
2541 0.117922
2542 0.0145769
2543 0.115916
2544 0.0142866
2545 0.259306
2546 0.121452
2547 0.0139974
2548 0.122427
2549 0.0137095
2550 0.238294
2551 0.0134236
2552 0.258656
2553 0.267323
2554 0.061503
2555 0.316921
2556 0.214669
2557 0.00876532
2558 0.316152
2559 0.582672
2560 0.198088
2561 0.0388624
2562 0.346564
2563 0.00096892
2564 0.353392
2565 0.174329
2566 0.0579764
2567 0.00978297
2568 0.281359
2569 0.147973
2570 0.00838493
2571 0.820484
2572 0.0325456
2573 0.157101
2574 0.314934
2575 0.00955519
2576 0.196404
2577 0.00933207
2578 0.177058
2579 0.00911361
2580 0.153189
2581 0.0088998
2582 0.128644
2583 0.200833
2584 0.00869061
2585 0.122521
2586 0.00848604
2587 0.201462
2588 0.00828603
2589 0.176484
2590 0.00809055
2591 0.17682
2592 0.193686
2593 0.00789956
2594 0.193205
2595 0.189742
2596 0.0516409
2597 0.170144
2598 0.188696
2599 0.0590941
2600 0.201427
2601 0.171548
2602 0.0072912
2603 0.217676
2604 0.205841
2605 0.0074608
2606 0.209196
2607 0.204625
2608 0.200987
2609 0.19151
2610 0.00781107
2611 0.172438
2612 0.187909
2613 0.389949
2614 0.559768
2615 0.0106947
2616 0.186989
2617 0.263218
2618 0.00895063
2619 0.195283
2620 0.00915327
2621 0.19507
2622 0.190964
2623 0.0093594
2624 0.186397
2625 0.00965455
2626 0.204226
2627 0.00990551
2628 0.143528
2629 0.119789
2630 0.0101625
2631 0.0560314
2632 0.0523073
2633 0.0542769
2634 0.014045
2635 0.0104256
2636 0.0587309
2637 0.202388
2638 0.0604415
2639 0.191062
2640 0.3694
2641 0.059621
2642 0.0672105
2643 0.17894
2644 0.198632
2645 0.1833
2646 0.209881
2647 0.0133858
2648 0.210779
2649 0.0137129
2650 0.205172
2651 0.0730992
2652 0.193477
2653 0.17667
2654 0.0143817
2655 0.156293
2656 0.0147228
2657 0.0150678
2658 0.0675641
2659 0.0154165
2660 0.0157682
2661 0.0161226
2662 0.0349395
2663 0.0655449
2664 0.0170539
2665 0.0586253
2666 0.0692882
2667 0.574836
2668 0.569475
2669 0.212829
2670 0.0718387
2671 0.200799
2672 0.155662
2673 0.015965
2674 0.215501
2675 0.211614
2676 0.406836
2677 0.20298
2678 0.011797
2679 0.190392
2680 0.0115876
2681 0.174921
2682 0.157751
2683 0.0113793
2684 0.0111725
2685 0.0109676
2686 0.010765
2687 0.0105647
2688 0.0799046
2689 0.0820773
2690 0.0103671
2691 0.0744261
2692 0.0101723
2693 0.0753755
2694 0.00998041
2695 0.0755197
2696 0.00979158
2697 0.0744949
2698 0.00960586
2699 0.077368
2700 0.00942332
2701 0.0662357
2702 0.00924399
2703 0.074278
2704 0.0687642
2705 0.0606372
2706 0.0606081
2707 0.0577574
2708 0.00807888
2709 0.0714386
2710 0.0597746
2711 0.0670661
2712 0.0653803
2713 0.0585206
2714 0.00618582
2715 0.0580989
2716 0.0575147
2717 0.0559376
2718 0.0549792
2719 0.0539272
2720 0.0515922
2721 0.082119
2722 0.680404
2723 0.0671755
2724 0.0678282
2725 0.229924
2726 0.0703008
2727 0.0704294
2728 0.0696815
2729 0.0395118
2730 0.039121
2731 0.0593194
2732 0.116693
2733 0.0620267
2734 0.0622849
2735 0.062988
2736 0.0592043
2737 0.062707
2738 0.0607796
2739 0.0586238
2740 0.0573363
2741 0.0397938
2742 0.21979
2743 0.0403067
2744 0.0623652
2745 0.0846782
2746 0.0607481
2747 0.155646
2748 0.0411874
2749 0.00537086
2750 0.00547297
2751 0.053952
2752 0.055089
2753 0.0560783
2754 0.00557731
2755 0.0569004
2756 0.335562
2757 0.0575373
2758 0.057973
2759 0.0786401
2760 0.00625271
2761 0.0703642
2762 0.00637399
2763 0.0718557
2764 0.00649791
2765 0.073187
2766 0.00662452
2767 0.0743405
2768 0.00675386
2769 0.0747192
2770 0.00688599
2771 0.0752998
2772 0.00702097
2773 0.00715884
2774 0.0762897
2775 0.0764766
2776 0.00729966
2777 0.00744347
2778 0.07642
2779 0.076116
2780 0.00941387
2781 0.0693252
2782 0.00774023
2783 0.0714967
2784 0.00837137
2785 0.0796131
2786 0.0563628
2787 0.0441516
2788 0.00887831
2789 0.0741877
2790 0.0853175
2791 0.079673
2792 0.00905369
2793 0.00923223
2794 0.085587
2795 0.14425
2796 0.175594
2797 0.0176574
2798 0.00978617
2799 0.252768
2800 0.115415
2801 0.00997662
2802 0.127339
2803 0.0101698
2804 0.13849
2805 0.0103654
2806 0.148069
2807 0.0105634
2808 0.155316
2809 0.0107634
2810 0.159664
2811 0.225931
2812 0.0109651
2813 0.155519
2814 0.0111683
2815 0.154873
2816 0.0113725
2817 0.220044
2818 0.151307
2819 0.0115772
2820 0.145316
2821 0.581643
2822 0.0131412
2823 0.502651
2824 0.0575456
2825 0.0135483
2826 0.211128
2827 0.014394
2828 0.0553338
2829 0.0540787
2830 0.0152806
2831 0.189307
2832 0.0563331
2833 0.198969
2834 0.157882
2835 0.226939
2836 0.0605694
2837 0.00252337
2838 0.00328839
2839 0.00242353
2840 0.00438858
2841 0.103606
2842 0.213939
2843 0.369097
2844 0.37623
2845 0.0114378
2846 0.200149
2847 0.0725652
2848 0.040954
2849 0.0388564
2850 0.037801
2851 0.145219
2852 0.0278466
2853 0.038309
2854 0.026783
2855 0.22093
2856 0.067083
2857 0.0759551
2858 0.0133173
2859 0.400734
2860 0.253002
2861 0.284992
2862 0.217778
2863 0.273774
2864 0.19676
2865 0.223359
2866 0.284188
2867 0.239155
2868 0.190637
2869 0.0663652
2870 0.0919605
2871 0.33251
2872 0.684954
2873 0.0543757
2874 0.742147
2875 0.307048
2876 0.636476
2877 0.208009
2878 0.513803
2879 0.309747
2880 0.302902
2881 0.33104
2882 0.29211
2883 0.268292
2884 0.286128
2885 0.333755
2886 0.277098
2887 0.312279
2888 0.382896
2889 0.274048
2890 0.093543
2891 0.233437
2892 0.228837
2893 0.281648
2894 0.15494
2895 0.593221
2896 0.237786
2897 0.262438
2898 0.269175
2899 0.853225
2900 0.249362
2901 0.301318
2902 0.264874
2903 0.102167
2904 0.193111
2905 0.273844
2906 0.171367
2907 0.169916
2908 0.270263
2909 0.296561
2910 0.324827
2911 0.304162
2912 0.192645
2913 0.217892
2914 0.24594
2915 0.304418
2916 0.158719
2917 0.250793
2918 0.250636
2919 0.0930764
2920 0.937226
2921 0.287377
2922 0.204952
2923 0.292096
2924 0.326712
2925 0.344763
2926 0.209735
2927 0.0644316
2928 0.176892
2929 0.279688
2930 0.313627
2931 0.261591
2932 0.131214
2933 0.223376
2934 0.320407
2935 0.161764
2936 0.307051
2937 0.279983
2938 0.294783
2939 0.277862
2940 0.751751
2941 0.285445
2942 0.399457
2943 0.189175
2944 0.514486
2945 0.282327
2946 0.219948
2947 0.00985112
2948 0.00732998
2949 0.41695
2950 0.544833
2951 0.00957605
2952 0.0655181
2953 0.305596
2954 0.400891
2955 0.036219
2956 0.0224422
2957 0.0232124
2958 0.463452
2959 0.21701
2960 0.149662
2961 0.22518
2962 0.192376
2963 0.323779
2964 0.415554
2965 0.33235
2966 0.214988
2967 0.423889
2968 0.312558
2969 0.0386293
2970 0.0295172
2971 0.290043
2972 0.181447
2973 0.264434
2974 0.0824824
2975 0.552125
2976 0.227693
2977 0.289617
2978 0.279057
2979 0.289252
2980 0.955041
2981 0.440603
2982 0.877189
2983 0.317192
2984 0.453875
2985 0.274824
2986 0.317088
2987 0.695295
2988 0.324116
2989 0.318778
2990 0.174463
2991 0.461336
2992 0.284717
2993 0.446312
2994 0.532659
2995 0.29897
2996 0.415761
2997 0.329529
2998 0.548404
2999 0.302411
3000 0.510121
3001 0.598234
3002 0.0517896
3003 0.646565
3004 0.291472
3005 0.128251
3006 0.223027
3007 0.0542096
3008 0.0984606
3009 0.311173
3010 0.327149
3011 0.461497
3012 0.358008
3013 0.224937
3014 0.421264
3015 0.279629
3016 0.23451
3017 0.484178
3018 0.677837
3019 0.342383
3020 0.273821
3021 0.609064
3022 0.0584489
3023 0.124048
3024 0.35593
3025 0.0877329
3026 0.380047
3027 0.0846348
3028 0.59078
3029 0.0783756
3030 0.117298
3031 0.0631927
3032 0.30316
3033 0.263733
3034 0.173174
3035 0.26232
3036 0.0994069
3037 0.290446
3038 0.276208
3039 0.484283
3040 0.461196
3041 0.445757
3042 0.154206
3043 0.150052
3044 0.213346
3045 0.077032
3046 0.0763414
3047 0.145592
3048 0.155027
3049 0.163707
3050 0.361345
3051 0.2512
3052 0.291382
3053 0.159681
3054 0.00155894
3055 0.0677816
3056 0.0100154
3057 0.43633
3058 0.0707904
3059 0.00855901
3060 0.0634165
3061 0.0729954
3062 0.0731713
3063 0.160389
3064 0.0401296
3065 0.0307942
3066 0.00489185
3067 0.0562461
3068 0.563588
3069 0.00584612
3070 0.00573747
3071 0.00563102
3072 0.00552673
3073 0.00542456
3074 0.00532447
3075 0.00522641
3076 0.00513033
3077 0.00503621
3078 0.00494399
3079 0.432067
3080 0.0040346
3081 0.061214
3082 0.0419023
3083 0.00474021
3084 0.00449928
3085 0.00432289
3086 0.00423754
3087 0.00415406
3088 0.00485364
3089 0.00476511
3090 0.00467838
3091 0.0045934
3092 0.00451014
3093 0.00442856
3094 0.00434863
3095 0.0042703
3096 0.00448459
3097 0.00426229
3098 0.00418385
3099 0.004074
3100 0.00400131
3101 0.00393012
3102 0.00410707
3103 0.0040319
3104 0.00395831
3105 0.00379213
3106 0.0469904
3107 0.102035
3108 0.00388628
3109 0.114352
3110 0.0445139
3111 0.0739583
3112 0.0555934
3113 0.710529
3114 0.283243
3115 0.238705
3116 0.252283
3117 0.61387
3118 0.300813
3119 0.218102
3120 0.188248
3121 0.483072
3122 0.306645
3123 0.203622
3124 0.300012
3125 0.209104
3126 0.500924
3127 0.21185
3128 0.100057
3129 0.16708
3130 0.0578308
3131 0.104085
3132 0.0617135
3133 0.0653942
3134 0.136413
3135 0.635308
3136 0.487603
3137 0.065805
3138 0.100629
3139 0.448843
3140 0.00595704
3141 0.0412347
3142 0.0567882
3143 0.0478893
3144 0.0536818
3145 0.0729793
3146 0.0520469
3147 0.0581031
3148 0.0658891
3149 0.0512412
3150 0.0498493
3151 0.00386041
3152 0.00480204
3153 0.00471412
3154 0.00462805
3155 0.00454379
3156 0.0044613
3157 0.00438054
3158 0.00430146
3159 0.00422404
3160 0.00414823
3161 0.0603936
3162 0.072517
3163 0.407213
3164 0.0741209
3165 0.2577
3166 0.053332
3167 0.0449847
3168 0.290792
3169 0.0755641
3170 0.117188
3171 0.155201
3172 0.149716
3173 0.345802
3174 0.0457185
3175 0.0386944
3176 0.819472
3177 0.0188843
3178 0.38439
3179 0.0463444
3180 0.260816
3181 0.441512
3182 0.292249
3183 0.0407716
3184 0.066975
3185 0.0919204
3186 0.234359
3187 0.223945
3188 0.0687309
3189 0.357782
3190 0.0421511
3191 0.10343
3192 0.265959
3193 0.330294
3194 0.347397
3195 0.04334
3196 0.0453469
3197 0.046128
3198 0.04746
3199 0.270583
3200 0.287255
3201 0.0853811
3202 0.290057
3203 0.0444119
3204 0.0467424
3205 0.0475364
3206 0.308536
3207 0.107237
3208 0.0857767
3209 0.236005
3210 0.0157386
3211 0.0471826
3212 0.0474463
3213 0.285636
3214 0.145691
3215 0.085269
3216 0.218012
3217 0.649607
3218 0.0839829
3219 0.222857
3220 0.230265
3221 0.0616114
3222 0.0820735
3223 0.0162058
3224 0.201354
3225 0.717826
3226 0.249053
3227 0.161722
3228 0.00712526
3229 0.191731
3230 0.275844
3231 0.284811
3232 0.193533
3233 0.164214
3234 0.155091
3235 0.111332
3236 0.41847
3237 0.121895
3238 0.553648
3239 0.536622
3240 0.123089
3241 0.387104
3242 0.0681295
3243 0.427955
3244 0.0348053
3245 0.00875156
3246 0.0085561
3247 0.305338
3248 0.249617
3249 0.0083643
3250 0.00817618
3251 0.00799177
3252 0.00763408
3253 0.34623
3254 0.165517
3255 0.148945
3256 0.0716691
3257 0.209806
3258 0.0721717
3259 0.21427
3260 0.0721539
3261 0.0706648
3262 0.134347
3263 0.0716377
3264 0.176933
3265 0.0693414
3266 0.074443
3267 0.0433284
3268 0.0130857
3269 0.00697278
3270 0.00625529
3271 0.276437
3272 0.00360639
3273 0.258437
3274 0.0443664
3275 0.225795
3276 0.141688
3277 0.627077
3278 0.1534
3279 0.171251
3280 0.134087
3281 0.332522
3282 0.0529517
3283 0.185349
3284 0.896153
3285 0.193454
3286 0.129053
3287 0.214077
3288 0.0766189
3289 0.122918
3290 0.104558
3291 0.194123
3292 0.276028
3293 0.213305
3294 0.345008
3295 0.0740026
3296 0.0625049
3297 0.105213
3298 0.0722135
3299 0.0473585
3300 0.187281
3301 0.0915387
3302 0.00945579
3303 0.0700779
3304 0.0592374
3305 0.174228
3306 0.0676526
3307 0.0621737
3308 0.157099
3309 0.457585
3310 0.182044
3311 0.0649978
3312 0.0493203
3313 0.138142
3314 0.127841
3315 0.174477
3316 0.25188
3317 0.130924
3318 0.0518896
3319 0.324305
3320 0.130475
3321 0.140679
3322 0.164627
3323 0.00454994
3324 0.153142
3325 0.102096
3326 0.156334
3327 0.0542532
3328 0.271134
3329 0.0859539
3330 0.389107
3331 0.0915862
3332 0.273972
3333 0.0520044
3334 0.09659
3335 0.12609
3336 0.0419765
3337 0.0753937
3338 0.080182
3339 0.0863925
3340 0.150602
3341 0.180185
3342 0.583785
3343 0.319724
3344 0.320577
3345 0.298932
3346 0.312886
3347 0.262622
3348 0.513242
3349 0.280346
3350 0.251752
3351 0.255845
3352 0.158323
3353 0.157177
3354 0.809946
3355 0.272816
3356 0.261984
3357 0.153168
3358 0.274001
3359 0.278322
3360 0.322696
3361 0.24039
3362 0.212266
3363 0.26235
3364 0.0442589
3365 0.0587416
3366 0.145987
3367 0.216741
3368 0.132116
3369 0.165821
3370 0.045648
3371 0.18952
3372 0.199174
3373 0.226588
3374 0.04768
3375 0.0767426
3376 0.00859859
3377 0.000416181
3378 0.028369
3379 0.167789
3380 0.481783
3381 0.0577309
3382 0.187764
3383 0.219854
3384 0.512842
3385 0.000599017
3386 0.0077051
3387 0.00787698
3388 0.262713
3389 0.122751
3390 0.0539427
3391 0.00721003
3392 0.180135
3393 0.0566903
3394 0.304916
3395 0.290355
3396 0.281795
3397 0.259074
3398 0.299667
3399 0.300423
3400 0.386982
3401 0.270665
3402 0.00817222
3403 0.416071
3404 0.67128
3405 0.820663
3406 0.454241
3407 0.282522
3408 0.232105
3409 0.292308
3410 0.384967
3411 0.156545
3412 0.219661
3413 0.0582797
3414 0.136184
3415 0.28552
3416 0.397874
3417 0.213393
3418 0.185985
3419 0.00753665
3420 0.0439553
3421 0.0450471
3422 0.00878736
3423 0.00805229
3424 0.0100649
3425 0.0103091
3426 0.267778
3427 0.29166
3428 0.383485
3429 0.0568323
3430 0.274415
3431 0.312685
3432 0.296299
3433 0.130933
3434 0.0640307
3435 0.163962
3436 0.148655
3437 0.266705
3438 0.140938
3439 0.83219
3440 0.301143
3441 0.306694
3442 0.203018
3443 0.295673
3444 0.0888816
3445 0.0927022
3446 0.210942
3447 0.0905536
3448 0.0918447
3449 0.0440757
3450 0.183016
3451 0.411536
3452 0.213984
3453 0.251921
3454 0.881294
3455 0.191598
3456 0.209732
3457 0.257501
3458 0.188657
3459 0.879896
3460 0.301258
3461 0.253383
3462 0.187831
3463 0.246387
3464 0.0608362
3465 0.164421
3466 0.163164
3467 0.320005
3468 0.229878
3469 0.313122
3470 0.167697
3471 0.276051
3472 0.306598
3473 0.242696
3474 0.266621
3475 0.0541675
3476 0.343875
3477 0.0678423
3478 0.217607
3479 0.0648685
3480 0.605745
3481 0.0116231
3482 0.0113476
3483 0.00982666
3484 0.37913
3485 0.0108159
3486 0.00823102
3487 0.00841313
3488 0.0483556
3489 0.26417
3490 0.297133
3491 0.0758008
3492 0.0846301
3493 0.0836753
3494 0.076283
3495 0.305551
3496 0.294927
3497 0.2703
3498 0.0822924
3499 0.0765993
3500 0.642177
3501 0.537797
3502 0.323648
3503 0.369046
3504 0.301254
3505 0.299374
3506 0.640601
3507 0.0805224
3508 0.62225
3509 0.054798
3510 0.595571
3511 0.335284
3512 0.261995
3513 0.226034
3514 0.743889
3515 0.152837
3516 0.255532
3517 0.436907
3518 0.332585
3519 0.601122
3520 0.825869
3521 0.270309
3522 0.141045
3523 0.122395
3524 0.14942
3525 0.245652
3526 0.433501
3527 0.0520163
3528 0.335546
3529 0.308385
3530 0.254398
3531 0.162904
3532 0.445872
3533 0.256237
3534 0.323022
3535 0.15167
3536 0.29465
3537 0.188715
3538 0.295826
3539 0.322484
3540 0.322089
3541 0.238089
3542 0.313087
3543 0.32924
3544 0.229556
3545 0.228222
3546 0.231628
3547 0.253854
3548 0.0095966
3549 0.53143
3550 0.167789
3551 0.24469
3552 0.00642685
3553 0.282207
3554 0.274468
3555 0.25493
3556 0.227502
3557 0.158728
3558 0.637962
3559 0.0324827
3560 0.290032
3561 0.0597597
3562 0.0691453
3563 0.00964347
3564 0.097917
3565 0.0627824
3566 0.00231022
3567 0.0613638
3568 0.0607994
3569 0.0511106
3570 0.0600305
3571 0.44787
3572 0.0590709
3573 0.0724748
3574 0.0579371
3575 0.0566475
3576 0.0685436
3577 0.0552222
3578 0.410747
3579 0.125952
3580 0.363977
3581 0.299448
3582 0.227618
3583 0.44727
3584 0.171958
3585 0.145139
3586 0.047449
3587 0.0622578
3588 0.0796988
3589 0.510382
3590 0.637113
3591 0.351109
3592 0.173904
3593 0.123822
3594 0.0893613
3595 0.30715
3596 0.0826814
3597 0.236001
3598 0.363668
3599 0.00232938
3600 0.439693
3601 0.405142
3602 0.141049
3603 0.140049
3604 0.257177
3605 0.205458
3606 0.0242319
3607 0.107738
3608 0.283627
3609 0.298601
3610 0.259097
3611 0.233963
3612 0.204317
3613 0.883967
3614 0.00455583
3615 0.00434626
3616 0.00606093
3617 0.259034
3618 0.275389
3619 0.00477624
3620 0.0638761
3621 0.0141362
3622 0.0674964
3623 0.0939925
3624 0.00407239
3625 0.203774
3626 0.152735
3627 0.0544054
3628 0.0520771
3629 0.154492
3630 0.0491014
3631 0.12057
3632 0.236951
3633 0.00805039
3634 0.222509
3635 0.00778829
3636 0.00762173
3637 0.00745829
3638 0.0503417
3639 0.0062315
3640 0.00609607
3641 0.00596361
3642 0.0058341
3643 0.00570748
3644 0.00558371
3645 0.00546275
3646 0.00534455
3647 0.00522905
3648 0.0559456
3649 0.00441012
3650 0.00463838
3651 0.0432137
3652 0.0468053
3653 0.0472209
3654 0.0631297
3655 0.0532656
3656 0.0602433
3657 0.0753849
3658 0.106818
3659 0.0594482
3660 0.0291512
3661 0.0462313
3662 0.0492331
3663 0.378318
3664 0.146386
3665 0.0480461
3666 0.117833
3667 0.0027508
3668 0.0455605
3669 0.0431975
3670 0.0411185
3671 0.597563
3672 0.011304
3673 0.0497909
3674 0.0481413
3675 0.0464716
3676 0.0424417
3677 0.0596697
3678 0.0627198
3679 0.065275
3680 0.00424538
3681 0.0672118
3682 0.0684686
3683 0.00444972
3684 0.0690565
3685 0.00466464
3686 0.00489068
3687 0.00405111
3688 0.0810791
3689 0.00369088
3690 0.0422756
3691 0.00386643
3692 0.00597846
3693 0.229955
3694 0.0110705
3695 0.0830478
3696 0.0878699
3697 0.00245891
3698 0.00337802
3699 0.00307143
3700 0.389964
3701 0.39112
3702 0.163574
3703 0.498263
3704 0.331747
3705 0.322797
3706 0.110785
3707 0.289544
3708 0.337102
3709 0.402616
3710 0.191877
3711 0.329263
3712 0.53634
3713 0.253943
3714 0.23784
3715 0.3348
3716 0.280505
3717 0.393182
3718 0.220741
3719 0.420704
3720 0.428341
3721 0.54385
3722 0.362469
3723 0.391127
3724 0.793174
3725 0.465874
3726 0.283901
3727 0.500681
3728 0.44401
3729 0.491122
3730 0.43479
3731 0.285956
3732 0.531879
3733 0.428065
3734 0.946767
3735 0.500986
3736 0.271009
3737 0.264181
3738 0.274201
3739 0.272774
3740 0.73939
3741 0.43458
3742 0.293775
3743 0.277115
3744 0.330381
3745 0.293068
3746 0.306869
3747 0.317507
3748 0.272602
3749 0.228513
3750 0.299945
3751 0.896271
3752 0.310655
3753 0.295854
3754 0.274663
3755 0.250999
3756 0.286047
3757 0.391571
3758 0.282302
3759 0.280178
3760 0.299616
3761 0.275689
3762 0.29489
3763 0.274213
3764 0.131205
3765 0.56996
3766 0.0737532
3767 0.0805214
3768 0.0948828
3769 0.16871
3770 0.225932
3771 0.255844
3772 0.277359
3773 0.224756
3774 0.120733
3775 0.284966
3776 0.189165
3777 0.546408
3778 0.394465
3779 0.299674
3780 0.41876
3781 0.25744
3782 0.31237
3783 0.400551
3784 0.31705
3785 0.333343
3786 0.412644
3787 0.482826
3788 0.400104
3789 0.410037
3790 0.494254
3791 0.481245
3792 0.306005
3793 0.44442
3794 0.503311
3795 0.32385
3796 0.280686
3797 0.456361
3798 0.24426
3799 0.721144
3800 0.31421
3801 0.360981
3802 0.978309
3803 0.246475
3804 0.146674
3805 0.198189
3806 0.237345
3807 0.461297
3808 0.170461
3809 0.241211
3810 0.536008
3811 0.251278
3812 0.216286
3813 0.248277
3814 0.259137
3815 0.150507
3816 0.22827
3817 0.182151
3818 0.0676473
3819 0.228099
3820 0.191068
3821 0.218088
3822 0.180141
3823 0.42289
3824 0.16975
3825 0.14789
3826 0.0883543
3827 0.0560641
3828 0.0380243
3829 0.0383972
3830 0.0340797
3831 0.0981535
3832 0.146801
3833 0.14161
3834 0.192545
3835 0.0590635
3836 0.00728261
3837 0.0203568
3838 0.391827
3839 0.19876
3840 0.00991316
3841 0.0372622
3842 0.524167
3843 0.0295018
3844 0.0307484
3845 0.0383103
3846 0.04473
3847 0.0393856
3848 0.33877
3849 0.313372
3850 0.214679
3851 0.0404832
3852 0.259327
3853 0.266036
3854 0.152764
3855 0.135525
3856 0.0568043
3857 0.183678
3858 0.303373
3859 0.337296
3860 0.336784
3861 0.307847
3862 0.281939
3863 0.240745
3864 0.0035999
3865 0.232415
3866 0.243012
3867 0.241186
3868 0.227482
3869 0.697867
3870 0.349234
3871 0.320301
3872 0.00769265
3873 0.222281
3874 0.223358
3875 0.215406
3876 0.198938
3877 0.177006
3878 0.116624
3879 0.5033
3880 0.154454
3881 0.161998
3882 0.165148
3883 0.163422
3884 0.0547633
3885 0.159994
3886 0.047438
3887 0.053719
3888 0.051612
3889 0.305402
3890 0.0526153
3891 0.0533706
3892 0.05367
3893 0.658513
3894 0.0535155
3895 0.0529405
3896 0.0520015
3897 0.649258
3898 0.264715
3899 0.213903
3900 0.372126
3901 0.0185631
3902 0.261223
3903 0.209968
3904 0.178531
3905 0.219883
3906 0.233653
3907 0.0875994
3908 0.330127
3909 0.676485
3910 0.00631072
3911 0.72308
3912 0.143538
3913 0.226599
3914 0.220839
3915 0.0110786
3916 0.447865
3917 0.287743
3918 0.138529
3919 0.228896
3920 0.380735
3921 0.130609
3922 0.068386
3923 0.650249
3924 0.468435
3925 0.29376
3926 0.116138
3927 0.372343
3928 0.277036
3929 0.295356
3930 0.520444
3931 0.288119
3932 0.444403
3933 0.0965401
3934 0.382676
3935 0.104217
3936 0.773781
3937 0.0135395
3938 0.284889
3939 0.125404
3940 0.0471968
3941 0.0452554
3942 0.0608277
3943 0.0560791
3944 0.208923
3945 0.12545
3946 0.0584578
3947 0.0185172
3948 0.374782
3949 0.0361504
3950 0.230539
3951 0.0450466
3952 0.0732419
3953 0.122579
3954 0.240719
3955 0.261673
3956 0.117238
3957 0.510845
3958 0.152476
3959 0.150867
3960 0.396956
3961 0.593614
3962 0.135606
3963 0.470717
3964 0.0590203
3965 0.0571046
3966 0.114323
3967 0.123536
3968 0.149139
3969 0.175395
3970 0.19821
3971 0.212243
3972 0.21315
3973 0.195561
3974 0.23033
3975 0.526568
3976 0.433081
3977 0.85548
3978 0.0542758
3979 0.175113
3980 0.175862
3981 0.169402
3982 0.163686
3983 0.5102
3984 0.163564
3985 0.380179
3986 0.157879
3987 0.272342
3988 0.502125
3989 0.760063
3990 0.404426
3991 0.238202
3992 0.483193
3993 0.329711
3994 0.282459
3995 0.488294
3996 0.227929
3997 0.474145
3998 0.697311
3999 0.0764362
4000 0.631464
4001 0.389443
4002 0.585706
4003 0.954765
4004 0.40139
4005 0.251569
4006 0.852136
4007 0.467779
4008 0.624164
4009 0.413765
4010 0.50671
4011 0.480172
4012 0.475567
4013 0.213384
4014 0.298268
4015 0.387588
4016 0.444536
4017 0.620968
4018 0.482781
4019 0.620081
4020 0.528135
4021 0.063053
4022 0.344143
4023 0.21352
4024 0.472379
4025 0.39884
4026 0.391838
4027 0.32584
4028 0.205167
4029 0.300166
4030 0.293578
4031 0.321313
4032 0.262251
4033 0.361598
4034 0.627561
4035 0.398877
4036 0.465996
4037 0.245101
4038 0.866134
4039 0.839284
4040 0.953478
4041 0.563775
4042 0.788291
4043 0.177312
4044 0.753913
4045 0.721344
4046 0.251796
4047 0.200795
4048 0.223394
4049 0.196771
4050 0.072712
4051 0.781844
4052 0.186789
4053 0.247431
4054 0.223466
4055 0.655131
4056 0.207936
4057 0.10656
4058 0.165493
4059 0.270722
4060 0.0934069
4061 0.267983
4062 0.238292
4063 0.538675
4064 0.807515
4065 0.680397
4066 0.15091
4067 0.251426
4068 0.2855
4069 0.210372
4070 0.284985
4071 0.443726
4072 0.397636
4073 0.783849
4074 0.300693
4075 0.730542
4076 0.124002
4077 0.592199
4078 0.318639
4079 0.680557
4080 0.300797
4081 0.218895
4082 0.255038
4083 0.26875
4084 0.253636
4085 0.414174
4086 0.810226
4087 0.330143
4088 0.273555
4089 0.966555
4090 0.423948
4091 0.402397
4092 0.288111
4093 0.207437
4094 0.266692
4095 0.236619
4096 0.689997
4097 0.369954
4098 0.362982
4099 0.518682
4100 0.246209
4101 0.957121
4102 0.235885
4103 0.219764
4104 0.694919
4105 0.746036
4106 0.388325
4107 0.578103
4108 0.560339
4109 0.307784
4110 0.527002
4111 0.390326
4112 0.577697
4113 0.897082
4114 0.762235
4115 0.355952
4116 0.243557
4117 0.273018
4118 0.221482
4119 0.287692
4120 0.642043
4121 0.505258
4122 0.232642
4123 0.229878
4124 0.732582
4125 0.678495
4126 0.31997
4127 0.455254
4128 0.0886834
4129 0.076785
4130 0.0497513
4131 0.44375
4132 0.333808
4133 0.145122
4134 0.116957
4135 0.0591781
4136 0.220488
4137 0.13216
4138 0.625011
4139 0.0605421
4140 0.956416
4141 0.0665436
4142 0.245856
4143 0.10142
4144 0.249885
4145 0.230932
4146 0.146398
4147 0.347836
4148 0.124055
4149 0.226011
4150 0.393652
4151 0.253546
4152 0.618689
4153 0.782901
4154 0.174698
4155 0.38207
4156 0.207845
4157 0.264463
4158 0.345259
4159 0.408054
4160 0.2356
4161 0.412582
4162 0.281625
4163 0.914756
4164 0.629787
4165 0.286668
4166 0.67379
4167 0.286844
4168 0.316217
4169 0.324138
4170 0.326899
4171 0.263335
4172 0.0613014
4173 0.775233
4174 0.244904
4175 0.275278
4176 0.285943
4177 0.761325
4178 0.81503
4179 0.274855
4180 0.223272
4181 0.169635
4182 0.199694
4183 0.255551
4184 0.300431
4185 0.300539
4186 0.235633
4187 0.294641
4188 0.22176
4189 0.141929
4190 0.230048
4191 0.131637
4192 0.0928513
4193 0.148679
4194 0.102069
4195 0.187039
4196 0.196915
4197 0.169388
4198 0.23518
4199 0.351719
4200 0.93395
4201 0.39042
4202 0.444768
4203 0.27269
4204 0.288869
4205 0.800569
4206 0.895352
4207 0.378794
4208 0.33157
4209 0.690593
4210 0.290589
4211 0.880622
4212 0.623307
4213 0.291125
4214 0.370468
4215 0.282112
4216 0.754773
4217 0.461136
4218 0.315557
4219 0.957749
4220 0.444113
4221 0.424945
4222 0.838002
4223 0.21327
4224 0.263372
4225 0.692723
4226 0.217317
4227 0.302286
4228 0.397558
4229 0.294382
4230 0.389101
4231 0.204078
4232 0.276506
4233 0.241405
4234 0.482471
4235 0.393241
4236 0.665479
4237 0.720714
4238 0.70025
4239 0.583613
4240 0.241908
4241 0.334407
4242 0.304664
4243 0.857433
4244 0.147165
4245 0.270517
4246 0.302417
4247 0.23885
4248 0.848288
4249 0.240846
4250 0.249158
4251 0.501998
4252 0.481132
4253 0.93743
4254 0.302223
4255 0.340162
4256 0.329908
4257 0.834662
4258 0.783953
4259 0.831169
4260 0.270117
4261 0.512735
4262 0.688941
4263 0.754385
4264 0.648174
4265 0.279285
4266 0.273247
4267 0.389246
4268 0.4304
4269 0.808899
4270 0.352745
4271 0.490047
4272 0.29657
4273 0.400109
4274 0.0580788
4275 0.666352
4276 0.233694
4277 0.0567097
4278 0.358186
4279 0.344536
4280 0.286274
4281 0.237205
4282 0.748089
4283 0.280903
4284 0.236251
4285 0.547053
4286 0.383304
4287 0.413476
4288 0.316118
4289 0.310445
4290 0.160523
4291 0.369518
4292 0.946118
4293 0.402939
4294 0.541164
4295 0.265937
4296 0.344875
4297 0.350274
4298 0.267492
4299 0.281208
4300 0.777398
4301 0.278578
4302 0.571205
4303 0.268973
4304 0.272315
4305 0.185792
4306 0.881714
4307 0.259733
4308 0.223732
4309 0.684765
4310 0.295681
4311 0.170429
4312 0.730708
4313 0.851572
4314 0.79476
4315 0.743851
4316 0.289366
4317 0.0887026
4318 0.0770018
4319 0.0680345
4320 0.0629513
4321 0.0545299
4322 0.0237854
4323 0.141382
4324 0.0615888
4325 0.181719
4326 0.827426
4327 0.0609833
4328 0.184814
4329 0.211761
4330 0.185118
4331 0.625584
4332 0.126742
4333 0.688875
4334 0.189584
4335 0.626757
4336 0.192917
4337 0.731212
4338 0.253549
4339 0.192228
4340 0.254166
4341 0.635027
4342 0.102228
4343 0.10463
4344 0.222433
4345 0.58986
4346 0.576357
4347 0.667524
4348 0.205389
4349 0.63168
4350 0.177836
4351 0.307314
4352 0.890902
4353 0.272092
4354 0.204121
4355 0.297919
4356 0.876303
4357 0.228571
4358 0.609974
4359 0.310455
4360 0.264695
4361 0.249393
4362 0.23332
4363 0.349974
4364 0.36692
4365 0.556952
4366 0.825777
4367 0.619886
4368 0.562348
4369 0.259556
4370 0.296285
4371 0.288593
4372 0.294124
4373 0.263076
4374 0.283675
4375 0.497651
4376 0.590507
4377 0.287708
4378 0.458449
4379 0.471317
4380 0.483825
4381 0.450222
4382 0.335293
4383 0.627451
4384 0.748897
4385 0.900985
4386 0.308309
4387 0.275292
4388 0.852199
4389 0.974494
4390 0.402142
4391 0.195114
4392 0.346886
4393 0.51742
4394 0.49048
4395 0.418883
4396 0.261221
4397 0.401688
4398 0.785971
4399 0.238002
4400 0.457348
4401 0.202072
4402 0.468167
4403 0.429731
4404 0.1609
4405 0.424372
4406 0.394612
4407 0.173346
4408 0.408918
4409 0.101767
4410 0.603865
4411 0.846379
4412 0.296739
4413 0.341947
4414 0.116937
4415 0.230162
4416 0.19415
4417 0.930181
4418 0.319889
4419 0.778848
4420 0.264012
4421 0.303922
4422 0.30218
4423 0.616812
4424 0.366499
4425 0.379521
4426 0.493891
4427 0.409466
4428 0.375171
4429 0.28592
4430 0.797077
4431 0.303025
4432 0.309661
4433 0.300651
4434 0.313639
4435 0.348016
4436 0.132877
4437 0.388056
4438 0.894017
4439 0.946509
4440 0.528413
4441 0.452077
4442 0.32115
4443 0.365101
4444 0.710313
4445 0.938918
4446 0.438973
4447 0.469346
4448 0.325227
4449 0.775156
4450 0.430422
4451 0.348172
4452 0.454941
4453 0.926506
4454 0.882904
4455 0.832135
4456 0.9486
4457 0.688258
4458 0.490375
4459 0.689432
4460 0.497229
4461 0.41874
4462 0.457327
4463 0.484549
4464 0.412643
4465 0.713397
4466 0.914692
4467 0.893718
4468 0.260964
4469 0.196987
4470 0.244235
4471 0.36954
4472 0.500416
4473 0.498598
4474 0.910755
4475 0.449697
4476 0.877875
4477 0.819878
4478 0.746437
4479 0.425351
4480 0.931548
4481 0.337303
4482 0.479499
4483 0.543076
4484 0.845939
4485 0.479299
4486 0.822426
4487 0.206841
4488 0.566163
4489 0.612175
4490 0.355857
4491 0.385792
4492 0.929903
4493 0.958369
4494 0.337628
4495 0.35241
4496 0.859974
4497 0.909114
4498 0.860584
4499 0.946932
4500 0.161006
4501 0.138245
4502 0.382779
4503 0.0683833
4504 0.386756
4505 0.694606
4506 0.266012
4507 0.606257
4508 0.328154
4509 0.0881884
4510 0.08716
4511 0.276245
4512 0.42505
4513 0.657323
4514 0.465568
4515 0.438452
4516 0.309656
4517 0.397675
4518 0.863101
4519 0.937472
4520 0.297002
4521 0.280353
4522 0.268185
4523 0.515612
4524 0.0726366
4525 0.0669186
4526 0.576615
4527 0.0676269
4528 0.254443
4529 0.4469
4530 0.655582
4531 0.162544
4532 0.324545
4533 0.355561
4534 0.46879
4535 0.325416
4536 0.128666
4537 0.176491
4538 0.706273
4539 0.183146
4540 0.754049
4541 0.64467
4542 0.183482
4543 0.828444
4544 0.33895
4545 0.186492
4546 0.321686
4547 0.350751
4548 0.671342
4549 0.377652
4550 0.0643601
4551 0.154451
4552 0.255805
4553 0.380211
4554 0.27894
4555 0.0952236
4556 0.133779
4557 0.241072
4558 0.296479
4559 0.828109
4560 0.0521041
4561 0.41232
4562 0.344959
4563 0.168772
4564 0.396104
4565 0.798683
4566 0.419703
4567 0.428049
4568 0.347141
4569 0.687254
4570 0.379578
4571 0.477157
4572 0.624857
4573 0.0109481
4574 0.199202
4575 0.283875
4576 0.18736
4577 0.164105
4578 0.203492
4579 0.532875
4580 0.0882339
4581 0.130175
4582 0.869298
4583 0.448383
4584 0.0306837
4585 0.157992
4586 0.20328
4587 0.0685452
4588 0.0690478
4589 0.145935
4590 0.202103
4591 0.144015
4592 0.10615
4593 0.287634
4594 0.404132
4595 0.0647608
4596 0.103929
4597 0.107884
4598 0.080941
4599 0.101781
4600 0.090446
4601 0.10305
4602 0.77922
4603 0.110635
4604 0.0803193
4605 0.221965
4606 0.160376
4607 0.039507
4608 0.113339
4609 0.119871
4610 0.120518
4611 0.171186
4612 0.167537
4613 0.327918
4614 0.119278
4615 0.118674
4616 0.17344
4617 0.322871
4618 0.113955
4619 0.106943
4620 0.137709
4621 0.151359
4622 0.0418858
4623 0.496621
4624 0.0772543
4625 0.214858
4626 0.413764
4627 0.182558
4628 0.0942695
4629 0.237475
4630 0.247218
4631 0.166371
4632 0.172076
4633 0.195096
4634 0.120025
4635 0.23861
4636 0.25432
4637 0.255118
4638 0.243482
4639 0.251465
4640 0.058178
4641 0.226931
4642 0.118521
4643 0.738836
4644 0.501652
4645 0.0646154
4646 0.0679015
4647 0.120864
4648 0.204402
4649 0.510042
4650 0.0320806
4651 0.0135813
4652 0.142241
4653 0.400345
4654 0.475295
4655 0.030342
4656 0.172276
4657 0.131707
4658 0.0811298
4659 0.170727
4660 0.0375536
4661 0.69746
4662 0.00826664
4663 0.0645906
4664 0.0730301
4665 0.119857
4666 0.183785
4667 0.212238
4668 0.234462
4669 0.246085
4670 0.341186
4671 0.32807
4672 0.19495
4673 0.8177
4674 0.287273
4675 0.682423
4676 0.289941
4677 0.192901
4678 0.0233538
4679 0.241662
4680 0.2124
4681 0.0168878
4682 0.531345
4683 0.21663
4684 0.0985803
4685 0.225479
4686 0.684051
4687 0.700653
4688 0.439813
4689 0.215581
4690 0.376161
4691 0.375493
4692 0.15188
4693 0.863513
4694 0.439922
4695 0.232971
4696 0.211228
4697 0.602855
4698 0.287843
4699 0.675714
4700 0.237552
4701 0.619177
4702 0.63124
4703 0.296891
4704 0.188965
4705 0.181069
4706 0.149093
4707 0.00257151
4708 0.552735
4709 0.262795
4710 0.212398
4711 0.0909387
4712 0.315735
4713 0.204028
4714 0.279536
4715 0.150107
4716 0.26424
4717 0.0461606
4718 0.105617
4719 0.56278
4720 0.22343
4721 0.118479
4722 0.558075
4723 0.0847878
4724 0.056281
4725 0.277045
4726 0.308658
4727 0.325046
4728 0.12973
4729 0.32184
4730 0.299981
4731 0.153318
4732 0.193473
4733 0.137863
4734 0.0148604
4735 0.141546
4736 0.303084
4737 0.382412
4738 0.767197
4739 0.677982
4740 0.0875002
4741 0.280738
4742 0.439069
4743 0.239738
4744 0.783696
4745 0.408508
4746 0.498062
4747 0.714426
4748 0.736498
4749 0.416162
4750 0.193023
4751 0.153666
4752 0.520379
4753 0.572211
4754 0.477011
4755 0.795682
4756 0.209386
4757 0.152807
4758 0.883567
4759 0.339273
4760 0.1766
4761 0.415198
4762 0.434089
4763 0.729998
4764 0.415308
4765 0.36081
4766 0.743146
4767 0.404099
4768 0.556875
4769 0.407746
4770 0.342339
4771 0.261505
4772 0.723839
4773 0.23759
4774 0.357287
4775 0.486625
4776 0.772096
4777 0.429234
4778 0.654766
4779 0.911406
4780 0.548299
4781 0.542001
4782 0.761668
4783 0.4437
4784 0.853049
4785 0.336798
4786 0.841677
4787 0.0694976
4788 0.791037
4789 0.435536
4790 0.365946
4791 0.418814
4792 0.340244
4793 0.412477
4794 0.406939
4795 0.304267
4796 0.559552
4797 0.576062
4798 0.597692
4799 0.643782
4800 0.435557
4801 0.629399
4802 0.490724
4803 0.404621
4804 0.460976
4805 0.730954
4806 0.460092
4807 0.769303
4808 0.829532
4809 0.410338
4810 0.963967
4811 0.440235
4812 0.477569
4813 0.546098
4814 0.851051
4815 0.492984
4816 0.934528
4817 0.978038
4818 0.626743
4819 0.893126
4820 0.638811
4821 0.977544
4822 0.866046
4823 0.957988
4824 0.789612
4825 0.946183
4826 0.956885
4827 0.734358
4828 0.825245
4829 0.395006
4830 0.665471
4831 0.429541
4832 0.403639
4833 0.460361
4834 0.396406
4835 0.955819
4836 0.398772
4837 0.384503
4838 0.420728
4839 0.961728
4840 0.379035
4841 0.463691
4842 0.942681
4843 0.693152
4844 0.434167
4845 0.508966
4846 0.953074
4847 0.949062
4848 0.817664
4849 0.49496
4850 0.439596
4851 0.817924
4852 0.903114
4853 0.389464
4854 0.96205
4855 0.492586
4856 0.952547
4857 0.572955
4858 0.944868
4859 0.442567
4860 0.502366
4861 0.874284
4862 0.978749
4863 0.918541
4864 0.411583
4865 0.243122
4866 0.401664
4867 0.448826
4868 0.442589
4869 0.235859
4870 0.152348
4871 0.301742
4872 0.826656
4873 0.0859721
4874 0.17629
4875 0.276916
4876 0.341972
4877 0.183923
4878 0.442853
4879 0.327072
4880 0.384444
4881 0.243528
4882 0.417585
4883 0.872093
4884 0.0708494
4885 0.411009
4886 0.0620066
4887 0.0811331
4888 0.0705242
4889 0.0400477
4890 0.423142
4891 0.288789
4892 0.0686291
4893 0.0300633
4894 0.10831
4895 0.706631
4896 0.560174
4897 0.274134
4898 0.0310509
4899 0.239475
4900 0.190481
4901 0.32337
4902 0.268535
4903 0.105346
4904 0.170048
4905 0.0399755
4906 0.135052
4907 0.119396
4908 0.460872
4909 0.852054
4910 0.503276
4911 0.18215
4912 0.39195
4913 0.803894
4914 0.473692
4915 0.970945
4916 0.465997
4917 0.442224
4918 0.796917
4919 0.361576
4920 0.416966
4921 0.424242
4922 0.618931
4923 0.369979
4924 0.436375
4925 0.710262
4926 0.872563
4927 0.801743
4928 0.42418
4929 0.631142
4930 0.246185
4931 0.250839
4932 0.238785
4933 0.355315
4934 0.588686
4935 0.228522
4936 0.703654
4937 0.359732
4938 0.406895
4939 0.20966
4940 0.377049
4941 0.234315
4942 0.459179
4943 0.308744
4944 0.0738158
4945 0.291395
4946 0.211772
4947 0.635269
4948 0.302635
4949 0.325946
4950 0.311379
4951 0.691002
4952 0.306371
4953 0.198888
4954 0.737847
4955 0.623726
4956 0.575349
4957 0.373385
4958 0.312056
4959 0.20882
4960 0.351296
4961 0.256195
4962 0.297353
4963 0.290962
4964 0.709715
4965 0.301451
4966 0.456781
4967 0.576486
4968 0.29446
4969 0.281949
4970 0.255309
4971 0.216861
4972 0.31195
4973 0.288282
4974 0.316401
4975 0.116814
4976 0.309709
4977 0.48133
4978 0.476818
4979 0.770439
4980 0.658882
4981 0.378268
4982 0.661684
4983 0.14738
4984 0.558168
4985 0.109181
4986 0.560485
4987 0.271851
4988 0.665092
4989 0.306833
4990 0.306642
4991 0.373378
4992 0.281884
4993 0.265987
4994 0.799724
4995 0.438532
4996 0.296753
4997 0.866599
4998 0.357511
4999 0.447607
5000 0.465278
5001 0.542463
5002 0.40806
5003 0.530838
5004 0.470246
5005 0.552241
5006 0.314279
5007 0.265758
5008 0.280989
5009 0.515528
5010 0.0999861
5011 0.0821597
5012 0.589992
5013 0.210284
5014 0.296376
5015 0.345057
5016 0.772483
5017 0.378428
5018 0.408564
5019 0.306996
5020 0.710684
5021 0.238927
5022 0.396985
5023 0.50892
5024 0.298007
5025 0.0875157
5026 0.554135
5027 0.325179
5028 0.505756
5029 0.318507
5030 0.334509
5031 0.395295
5032 0.326077
5033 0.317138
5034 0.328809
5035 0.364722
5036 0.328123
5037 0.325945
5038 0.262591
5039 0.308045
5040 0.279176
5041 0.198228
5042 0.191495
5043 0.939884
5044 0.201696
5045 0.208658
5046 0.700461
5047 0.293178
5048 0.297552
5049 0.291519
5050 0.340278
5051 0.385923
5052 0.317896
5053 0.297113
5054 0.271526
5055 0.880601
5056 0.326763
5057 0.637162
5058 0.317575
5059 0.718588
5060 0.316183
5061 0.819941
5062 0.360474
5063 0.385809
5064 0.234485
5065 0.766524
5066 0.398304
5067 0.261703
5068 0.633543
5069 0.212991
5070 0.724047
5071 0.24116
5072 0.184362
5073 0.488028
5074 0.131222
5075 0.493956
5076 0.633627
5077 0.131574
5078 0.090245
5079 0.0985986
5080 0.458724
5081 0.0854025
5082 0.833563
5083 0.347533
5084 0.232474
5085 0.20056
5086 0.416148
5087 0.292923
5088 0.309468
5089 0.253159
5090 0.319081
5091 0.313597
5092 0.267796
5093 0.455792
5094 0.259238
5095 0.300839
5096 0.292249
5097 0.641445
5098 0.283851
5099 0.320971
5100 0.224113
5101 0.245281
5102 0.286435
5103 0.347016
5104 0.322073
5105 0.238069
5106 0.269534
5107 0.165282
5108 0.303079
5109 0.407225
5110 0.206444
5111 0.235001
5112 0.245062
5113 0.673206
5114 0.228978
5115 0.127503
5116 0.472478
5117 0.77571
5118 0.225675
5119 0.364464
5120 0.28232
5121 0.199865
5122 0.201261
5123 0.26257
5124 0.906532
5125 0.270463
5126 0.570566
5127 0.400543
5128 0.760815
5129 0.748615
5130 0.409196
5131 0.253863
5132 0.795328
5133 0.266132
5134 0.374143
5135 0.837734
5136 0.32535
5137 0.260647
5138 0.309085
5139 0.294141
5140 0.267817
5141 0.265226
5142 0.270928
5143 0.246718
5144 0.238756
5145 0.227211
5146 0.922615
5147 0.804982
5148 0.705885
5149 0.235568
5150 0.889068
5151 0.517593
5152 0.618683
5153 0.354257
5154 0.457073
5155 0.211335
5156 0.358804
5157 0.178652
5158 0.192557
5159 0.0662205
5160 0.507566
5161 0.407491
5162 0.233704
5163 0.400781
5164 0.385132
5165 0.721217
5166 0.897072
5167 0.70365
5168 0.288371
5169 0.287212
5170 0.307381
5171 0.288433
5172 0.495929
5173 0.184017
5174 0.262387
5175 0.347541
5176 0.41552
5177 0.214046
5178 0.408746
5179 0.0544121
5180 0.0611314
5181 0.0635627
5182 0.0655416
5183 0.14931
5184 0.0538081
5185 0.314102
5186 0.350541
5187 0.206978
5188 0.27746
5189 0.0528786
5190 0.0796149
5191 0.00771299
5192 0.770639
5193 0.270971
5194 0.361828
5195 0.0880877
5196 0.154988
5197 0.327568
5198 0.224606
5199 0.303409
5200 0.151321
5201 0.244711
5202 0.224216
5203 0.195044
5204 0.286562
5205 0.309781
5206 0.146126
5207 0.251488
5208 0.236459
5209 0.237028
5210 0.140914
5211 0.25973
5212 0.607489
5213 0.133539
5214 0.224675
5215 0.103943
5216 0.396897
5217 0.108808
5218 0.155114
5219 0.115345
5220 0.523245
5221 0.0849207
5222 0.143958
5223 0.219875
5224 0.22821
5225 0.32031
5226 0.170083
5227 0.163874
5228 0.172907
5229 0.237637
5230 0.104073
5231 0.208349
5232 0.119215
5233 0.10058
5234 0.148316
5235 0.177297
5236 0.179759
5237 0.179518
5238 0.126826
5239 0.177147
5240 0.663618
5241 0.861948
5242 0.445082
5243 0.492655
5244 0.0377408
5245 0.326703
5246 0.21276
5247 0.255601
5248 0.876109
5249 0.282125
5250 0.184277
5251 0.228238
5252 0.315636
5253 0.302806
5254 0.313876
5255 0.298873
5256 0.334274
5257 0.220501
5258 0.857663
5259 0.263354
5260 0.276615
5261 0.604998
5262 0.286449
5263 0.572503
5264 0.284883
5265 0.615406
5266 0.336603
5267 0.203199
5268 0.299609
5269 0.890392
5270 0.765646
5271 0.143122
5272 0.245881
5273 0.189903
5274 0.300295
5275 0.331833
5276 0.8122
5277 0.323442
5278 0.263418
5279 0.357427
5280 0.513107
5281 0.118787
5282 0.740382
5283 0.765438
5284 0.310806
5285 0.363768
5286 0.258571
5287 0.380995
5288 0.341268
5289 0.249199
5290 0.776383
5291 0.383983
5292 0.204235
5293 0.386823
5294 0.113547
5295 0.318567
5296 0.299415
5297 0.317137
5298 0.258348
5299 0.785256
5300 0.664358
5301 0.607703
5302 0.257331
5303 0.311323
5304 0.67534
5305 0.333062
5306 0.312918
5307 0.899316
5308 0.331651
5309 0.372283
5310 0.65798
5311 0.23275
5312 0.64722
5313 0.749148
5314 0.717515
5315 0.528462
5316 0.796279
5317 0.06658
5318 0.132786
5319 0.218592
5320 0.181194
5321 0.174886
5322 0.117134
5323 0.210518
5324 0.183251
5325 0.184318
5326 0.226238
5327 0.668359
5328 0.284791
5329 0.182116
5330 0.570804
5331 0.260733
5332 0.860926
5333 0.21594
5334 0.100922
5335 0.80319
5336 0.462041
5337 0.397213
5338 0.821893
5339 0.132186
5340 0.484432
5341 0.493693
5342 0.488362
5343 0.267059
5344 0.818678
5345 0.106633
5346 0.138706
5347 0.229933
5348 0.805373
5349 0.653483
5350 0.798007
5351 0.100514
5352 0.0356372
5353 0.764742
5354 0.357042
5355 0.153996
5356 0.164625
5357 0.370922
5358 0.0990612
5359 0.55113
5360 0.132869
5361 0.355627
5362 0.287323
5363 0.329058
5364 0.933776
5365 0.27677
5366 0.293426
5367 0.218703
5368 0.236766
5369 0.335393
5370 0.707389
5371 0.200596
5372 0.249379
5373 0.363986
5374 0.365998
5375 0.326623
5376 0.321257
5377 0.636623
5378 0.778759
5379 0.266085
5380 0.27446
5381 0.150063
5382 0.258453
5383 0.221359
5384 0.748721
5385 0.69557
5386 0.147218
5387 0.297168
5388 0.388034
5389 0.771097
5390 0.81384
5391 0.437737
5392 0.395686
5393 0.163542
5394 0.359886
5395 0.295299
5396 0.240497
5397 0.870181
5398 0.383953
5399 0.54864
5400 0.86133
5401 0.544093
5402 0.227934
5403 0.253065
5404 0.226107
5405 0.304555
5406 0.191625
5407 0.462693
5408 0.813767
5409 0.763602
5410 0.575501
5411 0.62902
5412 0.161769
5413 0.622018
5414 0.147634
5415 0.133992
5416 0.199888
5417 0.0751345
5418 0.748653
5419 0.496699
5420 0.29112
5421 0.51079
5422 0.281626
5423 0.388348
5424 0.153354
5425 0.737727
5426 0.678875
5427 0.38667
5428 0.260516
5429 0.264449
5430 0.213887
5431 0.710988
5432 0.344214
5433 0.312012
5434 0.242089
5435 0.233551
5436 0.312036
5437 0.40867
5438 0.0870738
5439 0.368803
5440 0.193272
5441 0.764493
5442 0.400853
5443 0.343285
5444 0.286132
5445 0.730959
5446 0.531237
5447 0.845778
5448 0.796841
5449 0.216519
5450 0.692654
5451 0.944457
5452 0.530159
5453 0.383041
5454 0.650422
5455 0.312138
5456 0.439145
5457 0.378935
5458 0.49437
5459 0.363463
5460 0.880279
5461 0.564629
5462 0.85411
5463 0.767071
5464 0.75726
5465 0.430397
5466 0.400534
5467 0.381891
5468 0.378227
5469 0.413513
5470 0.889295
5471 0.399122
5472 0.554831
5473 0.823731
5474 0.536773
5475 0.443375
5476 0.424601
5477 0.975943
5478 0.559228
5479 0.797599
5480 0.376257
5481 0.833265
5482 0.330329
5483 0.35157
5484 0.976987
5485 0.734045
5486 0.797679
5487 0.523154
5488 0.551014
5489 0.726124
5490 0.12557
5491 0.455419
5492 0.403875
5493 0.609513
5494 0.6107
5495 0.441128
5496 0.602775
5497 0.159535
5498 0.0802422
5499 0.715396
5500 0.659577
5501 0.753069
5502 0.382234
5503 0.159717
5504 0.0610804
5505 0.0665154
5506 0.638527
5507 0.576224
5508 0.499033
5509 0.065022
5510 0.538942
5511 0.230881
5512 0.742439
5513 0.142494
5514 0.416766
5515 0.695412
5516 0.268831
5517 0.231124
5518 0.0662474
5519 0.168696
5520 0.36408
5521 0.355776
5522 0.288058
5523 0.290065
5524 0.112525
5525 0.181271
5526 0.231845
5527 0.294412
5528 0.161935
5529 0.918152
5530 0.261898
5531 0.254264
5532 0.301993
5533 0.414531
5534 0.404808
5535 0.456746
5536 0.126159
5537 0.0939599
5538 0.265709
5539 0.163246
5540 0.213398
5541 0.188595
5542 0.0410544
5543 0.345372
5544 0.340377
5545 0.12303
5546 0.107474
5547 0.126412
5548 0.104012
5549 0.207753
5550 0.0990658
5551 0.138723
5552 0.207672
5553 0.145545
5554 0.104338
5555 0.15242
5556 0.152442
5557 0.572186
5558 0.203991
5559 0.54354
5560 0.502502
5561 0.239585
5562 0.246642
5563 0.686025
5564 0.122762
5565 0.280599
5566 0.15862
5567 0.379002
5568 0.135031
5569 0.6023
5570 0.869854
5571 0.215922
5572 0.1675
5573 0.697675
5574 0.648869
5575 0.724442
5576 0.830668
5577 0.175763
5578 0.452573
5579 0.231099
5580 0.235464
5581 0.0672275
5582 0.0730354
5583 0.0342993
5584 0.0840777
5585 0.0933477
5586 0.0220884
5587 0.17405
5588 0.186538
5589 0.0989754
5590 0.0967581
5591 0.297543
5592 0.586574
5593 0.754599
5594 0.0272201
5595 0.143229
5596 0.0441182
5597 0.0267067
5598 0.0561834
5599 0.131758
5600 0.0261887
5601 0.0256669
5602 0.0251423
5603 0.0246159
5604 0.0291155
5605 0.0240885
5606 0.0235612
5607 0.0230348
5608 0.576488
5609 0.176444
5610 0.177468
5611 0.176183
5612 0.540272
5613 0.253152
5614 0.170946
5615 0.245502
5616 0.251838
5617 0.766711
5618 0.0225101
5619 0.0443535
5620 0.338311
5621 0.143675
5622 0.00696295
5623 0.146691
5624 0.596595
5625 0.131998
5626 0.0649177
5627 0.0782239
5628 0.0632761
5629 0.186294
5630 0.0127475
5631 0.0130639
5632 0.360441
5633 0.111547
5634 0.51949
5635 0.254243
5636 0.152171
5637 0.247898
5638 0.235233
5639 0.683528
5640 0.11289
5641 0.152211
5642 0.675178
5643 0.489137
5644 0.0515675
5645 0.0769149
5646 0.0879817
5647 0.610987
5648 0.584299
5649 0.620001
5650 0.172097
5651 0.779393
5652 0.736617
5653 0.859449
5654 0.741239
5655 0.191
5656 0.393071
5657 0.255569
5658 0.675146
5659 0.191164
5660 0.293825
5661 0.446791
5662 0.391459
5663 0.152248
5664 0.544215
5665 0.172126
5666 0.227766
5667 0.0678621
5668 0.159618
5669 0.80146
5670 0.590827
5671 0.056241
5672 0.248955
5673 0.186271
5674 0.178224
5675 0.206604
5676 0.272061
5677 0.494514
5678 0.240361
5679 0.16722
5680 0.149577
5681 0.270344
5682 0.0695287
5683 0.225999
5684 0.738061
5685 0.551124
5686 0.326285
5687 0.00540542
5688 0.567102
5689 0.684161
5690 0.314704
5691 0.778944
5692 0.712882
5693 0.630556
5694 0.716539
5695 0.282394
5696 0.760479
5697 0.756175
5698 0.735783
5699 0.290711
5700 0.272662
5701 0.301478
5702 0.481253
5703 0.846791
5704 0.240766
5705 0.568985
5706 0.833417
5707 0.665945
5708 0.206491
5709 0.787101
5710 0.204008
5711 0.127554
5712 0.172053
5713 0.0997522
5714 0.347726
5715 0.372773
5716 0.282587
5717 0.254819
5718 0.50041
5719 0.487773
5720 0.573152
5721 0.181808
5722 0.157259
5723 0.552571
5724 0.295912
5725 0.816826
5726 0.265457
5727 0.766295
5728 0.463707
5729 0.275567
5730 0.842597
5731 0.629425
5732 0.7465
5733 0.609798
5734 0.704309
5735 0.627791
5736 0.848125
5737 0.756148
5738 0.618668
5739 0.56372
5740 0.391689
5741 0.482951
5742 0.385819
5743 0.7958
5744 0.572673
5745 0.68309
5746 0.317767
5747 0.645769
5748 0.594971
5749 0.329278
5750 0.433413
5751 0.389855
5752 0.614124
5753 0.287803
5754 0.12477
5755 0.779511
5756 0.394604
5757 0.858279
5758 0.744756
5759 0.942329
5760 0.275152
5761 0.686696
5762 0.334391
5763 0.29963
5764 0.749475
5765 0.20505
5766 0.0980931
5767 0.255793
5768 0.317987
5769 0.384482
5770 0.447594
5771 0.324452
5772 0.215113
5773 0.119679
5774 0.888821
5775 0.913558
5776 0.58343
5777 0.600685
5778 0.0800386
5779 0.165217
5780 0.167085
5781 0.158217
5782 0.147162
5783 0.119739
5784 0.103727
5785 0.0944757
5786 0.27105
5787 0.85284
5788 0.554814
5789 0.673051
5790 0.232721
5791 0.220535
5792 0.237716
5793 0.289701
5794 0.658354
5795 0.64932
5796 0.550507
5797 0.180582
5798 0.477704
5799 0.245049
5800 0.838144
5801 0.29487
5802 0.181254
5803 0.220216
5804 0.729367
5805 0.65586
5806 0.891344
5807 0.620442
5808 0.640721
5809 0.857186
5810 0.166002
5811 0.797638
5812 0.648178
5813 0.632973
5814 0.367067
5815 0.705861
5816 0.171667
5817 0.683056
5818 0.514147
5819 0.294988
5820 0.643634
5821 0.0562333
5822 0.429365
5823 0.74053
5824 0.703444
5825 0.311562
5826 0.182932
5827 0.54503
5828 0.614625
5829 0.112117
5830 0.326271
5831 0.72646
5832 0.790115
5833 0.394713
5834 0.426959
5835 0.485601
5836 0.136727
5837 0.110654
5838 0.0508416
5839 0.471852
5840 0.805998
5841 0.231698
5842 0.167583
5843 0.749358
5844 0.173106
5845 0.280116
5846 0.110021
5847 0.341664
5848 0.61438
5849 0.0964743
5850 0.0817453
5851 0.258956
5852 0.314197
5853 0.568414
5854 0.383048
5855 0.160618
5856 0.22303
5857 0.755894
5858 0.334829
5859 0.706177
5860 0.259443
5861 0.175087
5862 0.0654357
5863 0.0541787
5864 0.892233
5865 0.270483
5866 0.614736
5867 0.748579
5868 0.271847
5869 0.658707
5870 0.791956
5871 0.342486
5872 0.334091
5873 0.318129
5874 0.852684
5875 0.507195
5876 0.887834
5877 0.683751
5878 0.759042
5879 0.33238
5880 0.314589
5881 0.898682
5882 0.351806
5883 0.200506
5884 0.367199
5885 0.276108
5886 0.348025
5887 0.652913
5888 0.0567071
5889 0.107768
5890 0.1101
5891 0.08543
5892 0.487848
5893 0.288964
5894 0.500478
5895 0.240434
5896 0.699839
5897 0.736394
5898 0.532368
5899 0.0588118
5900 0.102992
5901 0.412996
5902 0.0602226
5903 0.0765791
5904 0.626198
5905 0.432596
5906 0.695914
5907 0.296434
5908 0.812463
5909 0.00500803
5910 0.00512838
5911 0.00525179
5912 0.00537834
5913 0.320703
5914 0.13782
5915 0.0055081
5916 0.0100078
5917 0.152309
5918 0.0707777
5919 0.165727
5920 0.00564116
5921 0.0057776
5922 0.0059175
5923 0.0638711
5924 0.868395
5925 0.460749
5926 0.904574
5927 0.862191
5928 0.33619
5929 0.296935
5930 0.456702
5931 0.798489
5932 0.131979
5933 0.460096
5934 0.360964
5935 0.343965
5936 0.36684
5937 0.522215
5938 0.0443559
5939 0.344446
5940 0.319342
5941 0.517214
5942 0.478037
5943 0.48972
5944 0.617263
5945 0.448364
5946 0.718513
5947 0.643365
5948 0.0253832
5949 0.443278
5950 0.462059
5951 0.771585
5952 0.824255
5953 0.761774
5954 0.852427
5955 0.697959
5956 0.628959
5957 0.219573
5958 0.537319
5959 0.0474128
5960 0.0584446
5961 0.00175469
5962 0.0582375
5963 0.398037
5964 0.688532
5965 0.846754
5966 0.144576
5967 0.226346
5968 0.821914
5969 0.613841
5970 0.81715
5971 0.421398
5972 0.733397
5973 0.634098
5974 0.66213
5975 0.412134
5976 0.735628
5977 0.290365
5978 0.748985
5979 0.784307
5980 0.396664
5981 0.56108
5982 0.90836
5983 0.777554
5984 0.600419
5985 0.901501
5986 0.800254
5987 0.830062
5988 0.870726
5989 0.733057
5990 0.768569
5991 0.599961
5992 0.889624
5993 0.799669
5994 0.769899
5995 0.507335
5996 0.627262
5997 0.597095
5998 0.857756
5999 0.817727
6000 0.318185
6001 0.724265
6002 0.648739
6003 0.667544
6004 0.462565
6005 0.827502
6006 0.477886
6007 0.33046
6008 0.920869
6009 0.532097
6010 0.358503
6011 0.36952
6012 0.617817
6013 0.605433
6014 0.364986
6015 0.321905
6016 0.271522
6017 0.863879
6018 0.553271
6019 0.544709
6020 0.220492
6021 0.420516
6022 0.672215
6023 0.722946
6024 0.568781
6025 0.470793
6026 0.875677
6027 0.431826
6028 0.474702
6029 0.409658
6030 0.535517
6031 0.700937
6032 0.710375
6033 0.58445
6034 0.0577756
6035 0.249569
6036 0.668477
6037 0.197236
6038 0.290611
6039 0.324951
6040 0.16994
6041 0.666739
6042 0.762035
6043 0.815294
6044 0.652287
6045 0.28387
6046 0.510278
6047 0.260145
6048 0.832485
6049 0.489716
6050 0.549364
6051 0.737547
6052 0.35107
6053 0.57208
6054 0.737552
6055 0.317459
6056 0.354448
6057 0.472068
6058 0.70816
6059 0.267097
6060 0.815106
6061 0.357755
6062 0.684988
6063 0.647151
6064 0.773183
6065 0.857235
6066 0.748465
6067 0.726784
6068 0.369099
6069 0.751961
6070 0.842759
6071 0.91281
6072 0.657597
6073 0.856268
6074 0.761958
6075 0.647495
6076 0.545026
6077 0.522576
6078 0.695574
6079 0.82265
6080 0.720752
6081 0.689936
6082 0.616842
6083 0.695865
6084 0.786082
6085 0.670019
6086 0.726507
6087 0.597374
6088 0.765564
6089 0.64943
6090 0.425238
6091 0.632003
6092 0.627684
6093 0.651658
6094 0.720032
6095 0.664395
6096 0.710312
6097 0.56969
6098 0.588478
6099 0.598592
6100 0.443354
6101 0.701704
6102 0.514203
6103 0.853534
6104 0.444817
6105 0.650759
6106 0.762805
6107 0.0895809
6108 0.933957
6109 0.74084
6110 0.449732
6111 0.481165
6112 0.124336
6113 0.363631
6114 0.604966
6115 0.12649
6116 0.0638961
6117 0.709298
6118 0.161729
6119 0.055359
6120 0.0456021
6121 0.0575221
6122 0.518142
6123 0.715328
6124 0.633247
6125 0.447617
6126 0.467986
6127 0.571255
6128 0.533535
6129 0.46357
6130 0.866344
6131 0.713399
6132 0.667098
6133 0.131757
6134 0.0596438
6135 0.0657067
6136 0.0453135
6137 0.0439218
6138 0.699695
6139 0.678009
6140 0.512479
6141 0.500978
6142 0.784148
6143 0.392553
6144 0.369985
6145 0.894984
6146 0.540054
6147 0.332473
6148 0.159745
6149 0.656
6150 0.289546
6151 0.622695
6152 0.295885
6153 0.876435
6154 0.504306
6155 0.702953
6156 0.729732
6157 0.723368
6158 0.44635
6159 0.527246
6160 0.590459
6161 0.740572
6162 0.715427
6163 0.918589
6164 0.740434
6165 0.825169
6166 0.642048
6167 0.597671
6168 0.786399
6169 0.889734
6170 0.604099
6171 0.640857
6172 0.779315
6173 0.7825
6174 0.704323
6175 0.783787
6176 0.734783
6177 0.449644
6178 0.828229
6179 0.760893
6180 0.911787
6181 0.787714
6182 0.797266
6183 0.727501
6184 0.50856
6185 0.430867
6186 0.698414
6187 0.704421
6188 0.652852
6189 0.685521
6190 0.59098
6191 0.735436
6192 0.742873
6193 0.592031
6194 0.725054
6195 0.784449
6196 0.613314
6197 0.684004
6198 0.811333
6199 0.76094
6200 0.753655
6201 0.968441
6202 0.876141
6203 0.480504
6204 0.874421
6205 0.914824
6206 0.627725
6207 0.602695
6208 0.696883
6209 0.84628
6210 0.744183
6211 0.739143
6212 0.715023
6213 0.280437
6214 0.202076
6215 0.458766
6216 0.499516
6217 0.586873
6218 0.678905
6219 0.152249
6220 0.672034
6221 0.224195
6222 0.650239
6223 0.36147
6224 0.635385
6225 0.295692
6226 0.224785
6227 0.149284
6228 0.555346
6229 0.545793
6230 0.584966
6231 0.114952
6232 0.937653
6233 0.352639
6234 0.508865
6235 0.0600459
6236 0.0571499
6237 0.0729831
6238 0.12448
6239 0.459467
6240 0.358763
6241 0.238786
6242 0.611599
6243 0.287985
6244 0.192639
6245 0.341622
6246 0.197247
6247 0.318911
6248 0.286136
6249 0.853689
6250 0.158695
6251 0.0769573
6252 0.16164
6253 0.159041
6254 0.0534439
6255 0.276022
6256 0.200151
6257 0.314292
6258 0.787463
6259 0.309573
6260 0.416506
6261 0.346575
6262 0.20406
6263 0.424835
6264 0.854551
6265 0.480174
6266 0.269984
6267 0.358569
6268 0.27319
6269 0.362025
6270 0.590954
6271 0.324711
6272 0.547565
6273 0.368806
6274 0.394656
6275 0.260544
6276 0.277335
6277 0.316814
6278 0.294529
6279 0.587266
6280 0.724656
6281 0.313393
6282 0.334693
6283 0.319107
6284 0.457662
6285 0.421982
6286 0.739306
6287 0.318708
6288 0.891555
6289 0.268233
6290 0.297281
6291 0.294981
6292 0.308283
6293 0.489233
6294 0.609853
6295 0.673182
6296 0.675927
6297 0.456399
6298 0.378059
6299 0.796988
6300 0.350447
6301 0.263121
6302 0.300064
6303 0.581794
6304 0.434168
6305 0.330375
6306 0.397289
6307 0.82765
6308 0.240091
6309 0.351147
6310 0.216566
6311 0.260438
6312 0.272585
6313 0.146236
6314 0.383459
6315 0.368066
6316 0.637404
6317 0.310854
6318 0.47604
6319 0.719426
6320 0.316841
6321 0.71794
6322 0.21903
6323 0.774023
6324 0.279792
6325 0.452242
6326 0.0461893
6327 0.613348
6328 0.723847
6329 0.110631
6330 0.27756
6331 0.256225
6332 0.251864
6333 0.27094
6334 0.308498
6335 0.934382
6336 0.245582
6337 0.670971
6338 0.143366
6339 0.234299
6340 0.332886
6341 0.455314
6342 0.552891
6343 0.15053
6344 0.148906
6345 0.594641
6346 0.335196
6347 0.558407
6348 0.137931
6349 0.262618
6350 0.253325
6351 0.347519
6352 0.311193
6353 0.514779
6354 0.66717
6355 0.410598
6356 0.708727
6357 0.37719
6358 0.29661
6359 0.324002
6360 0.293739
6361 0.272871
6362 0.548026
6363 0.507772
6364 0.646839
6365 0.0611918
6366 0.198788
6367 0.38597
6368 0.136697
6369 0.476281
6370 0.0624757
6371 0.123387
6372 0.526692
6373 0.692939
6374 0.26049
6375 0.758877
6376 0.236594
6377 0.43309
6378 0.211881
6379 0.0667195
6380 0.131381
6381 0.220552
6382 0.773352
6383 0.828179
6384 0.22369
6385 0.631324
6386 0.171081
6387 0.263348
6388 0.255325
6389 0.146402
6390 0.228317
6391 0.353012
6392 0.810926
6393 0.0985974
6394 0.0803516
6395 0.0039576
6396 0.00414701
6397 0.464643
6398 0.197701
6399 0.149104
6400 0.162849
6401 0.197534
6402 0.274157
6403 0.31245
6404 0.818822
6405 0.220811
6406 0.695659
6407 0.649149
6408 0.204513
6409 0.199328
6410 0.186729
6411 0.40752
6412 0.692802
6413 0.113384
6414 0.245898
6415 0.317161
6416 0.203022
6417 0.294806
6418 0.132386
6419 0.380138
6420 0.308702
6421 0.365505
6422 0.857223
6423 0.816792
6424 0.246143
6425 0.228232
6426 0.246051
6427 0.680633
6428 0.826919
6429 0.282206
6430 0.278095
6431 0.315904
6432 0.323225
6433 0.140752
6434 0.632914
6435 0.378616
6436 0.38439
6437 0.414095
6438 0.855858
6439 0.168856
6440 0.404467
6441 0.499779
6442 0.381186
6443 0.343427
6444 0.366578
6445 0.276281
6446 0.28583
6447 0.237591
6448 0.226909
6449 0.761875
6450 0.442067
6451 0.256135
6452 0.595755
6453 0.00808238
6454 0.0440307
6455 0.635175
6456 0.0747126
6457 0.0524806
6458 0.356494
6459 0.217919
6460 0.420264
6461 0.377763
6462 0.233524
6463 0.00717928
6464 0.00735291
6465 0.076729
6466 0.462284
6467 0.202152
6468 0.145614
6469 0.510696
6470 0.437905
6471 0.237809
6472 0.504002
6473 0.198729
6474 0.182556
6475 0.253537
6476 0.39735
6477 0.269703
6478 0.138896
6479 0.235566
6480 0.164915
6481 0.437291
6482 0.153671
6483 0.452629
6484 0.363241
6485 0.422824
6486 0.364003
6487 0.617873
6488 0.892538
6489 0.300813
6490 0.596132
6491 0.657747
6492 0.868906
6493 0.769555
6494 0.904731
6495 0.917532
6496 0.70515
6497 0.210633
6498 0.68625
6499 0.539452
6500 0.791637
6501 0.333847
6502 0.301165
6503 0.613026
6504 0.37134
6505 0.523162
6506 0.62208
6507 0.538543
6508 0.854846
6509 0.50174
6510 0.736454
6511 0.381097
6512 0.464009
6513 0.761981
6514 0.661896
6515 0.691063
6516 0.843242
6517 0.391736
6518 0.377541
6519 0.699658
6520 0.496781
6521 0.566866
6522 0.825468
6523 0.501741
6524 0.269426
6525 0.752027
6526 0.73392
6527 0.678131
6528 0.575728
6529 0.618694
6530 0.614125
6531 0.520817
6532 0.183356
6533 0.139678
6534 0.284037
6535 0.68522
6536 0.20704
6537 0.726155
6538 0.882338
6539 0.772845
6540 0.752575
6541 0.549986
6542 0.581846
6543 0.746084
6544 0.527922
6545 0.301899
6546 0.660823
6547 0.929275
6548 0.666625
6549 0.544066
6550 0.548197
6551 0.722782
6552 0.980081
6553 0.190252
6554 0.223713
6555 0.591901
6556 0.0209257
6557 0.207103
6558 0.189327
6559 0.0987212
6560 0.399354
6561 0.18182
6562 0.611533
6563 0.203965
6564 0.181843
6565 0.124443
6566 0.490043
6567 0.282203
6568 0.0379016
6569 0.594979
6570 0.743433
6571 0.199238
6572 0.587727
6573 0.641457
6574 0.437034
6575 0.391394
6576 0.406892
6577 0.338098
6578 0.0276997
6579 0.0658149
6580 0.335559
6581 0.0640286
6582 0.418228
6583 0.10622
6584 0.5785
6585 0.385058
6586 0.0653749
6587 0.307158
6588 0.266915
6589 0.227093
6590 0.253159
6591 0.294747
6592 0.254023
6593 0.389209
6594 0.624834
6595 0.516795
6596 0.354869
6597 0.0843634
6598 0.123518
6599 0.295651
6600 0.277926
6601 0.624433
6602 0.499264
6603 0.124062
6604 0.259736
6605 0.160054
6606 0.0503811
6607 0.123933
6608 0.0580806
6609 0.31787
6610 0.276407
6611 0.264998
6612 0.53308
6613 0.381611
6614 0.304014
6615 0.334804
6616 0.0873075
6617 0.0617377
6618 0.0706499
6619 0.0677153
6620 0.682342
6621 0.0545668
6622 0.332124
6623 0.42574
6624 0.442683
6625 0.0137764
6626 0.363127
6627 0.00362691
6628 0.395373
6629 0.0899094
6630 0.0401261
6631 0.517717
6632 0.227889
6633 0.0673648
6634 0.36998
6635 0.229123
6636 0.421146
6637 0.780263
6638 0.136
6639 0.166535
6640 0.0901636
6641 0.0760502
6642 0.177511
6643 0.243539
6644 0.418413
6645 0.717577
6646 0.00427732
6647 0.176382
6648 0.141501
6649 0.820675
6650 0.429869
6651 0.282492
6652 0.645732
6653 0.749616
6654 0.329023
6655 0.724142
6656 0.185815
6657 0.152792
6658 0.888286
6659 0.239241
6660 0.369613
6661 0.498553
6662 0.643718
6663 0.147849
6664 0.198535
6665 0.161599
6666 0.0486757
6667 0.089324
6668 0.0064524
6669 0.0553172
6670 0.00590461
6671 0.639045
6672 0.226853
6673 0.236366
6674 0.734558
6675 0.0799651
6676 0.0130982
6677 0.393144
6678 0.257505
6679 0.46857
6680 0.248924
6681 0.00737139
6682 0.00603688
6683 0.359263
6684 0.0521922
6685 0.0244402
6686 0.223489
6687 0.213117
6688 0.196408
6689 0.468603
6690 0.00564915
6691 0.105315
6692 0.392571
6693 0.108626
6694 0.209976
6695 0.473698
6696 0.204229
6697 0.060647
6698 0.0592855
6699 0.0546867
6700 0.472069
6701 0.244045
6702 0.177467
6703 0.217183
6704 0.41792
6705 0.0543064
6706 0.1862
6707 0.156674
6708 0.574563
6709 0.244769
6710 0.222078
6711 0.66695
6712 0.209857
6713 0.162346
6714 0.46582
6715 0.704438
6716 0.40005
6717 0.72467
6718 0.499967
6719 0.0622805
6720 0.479756
6721 0.0548721
6722 0.0763825
6723 0.0892561
6724 0.116903
6725 0.353723
6726 0.137684
6727 0.00411385
6728 0.320949
6729 0.405494
6730 0.364348
6731 0.271587
6732 0.0148323
6733 0.438731
6734 0.00152731
6735 0.287934
6736 0.436112
6737 0.0133338
6738 0.787173
6739 0.0693162
6740 0.294152
6741 0.352985
6742 0.422612
6743 0.52174
6744 0.183898
6745 0.198801
6746 0.193255
6747 0.184183
6748 0.188682
6749 0.493118
6750 0.190672
6751 0.257774
6752 0.141831
6753 0.0484772
6754 0.240951
6755 0.587222
6756 0.051265
6757 0.0597512
6758 0.271012
6759 0.143609
6760 0.0631911
6761 0.325886
6762 0.0483723
6763 0.0464313
6764 0.063602
6765 0.264921
6766 0.0635166
6767 0.264522
6768 0.0629652
6769 0.287242
6770 0.255009
6771 0.538135
6772 0.245479
6773 0.0685512
6774 0.0698661
6775 0.0706233
6776 0.0707841
6777 0.0703452
6778 0.0501714
6779 0.161395
6780 0.178356
6781 0.192944
6782 0.01097
6783 0.253971
6784 0.328885
6785 0.257285
6786 0.216126
6787 0.376845
6788 0.187984
6789 0.281737
6790 0.107147
6791 0.267159
6792 0.00528782
6793 0.794427
6794 0.807917
6795 0.58508
6796 0.544028
6797 0.262503
6798 0.551574
6799 0.224618
6800 0.302927
6801 0.157924
6802 0.325244
6803 0.164801
6804 0.14019
6805 0.532827
6806 0.681425
6807 0.106276
6808 0.482116
6809 0.707912
6810 0.68931
6811 0.675625
6812 0.320016
6813 0.556433
6814 0.735308
6815 0.563984
6816 0.0947166
6817 0.0749577
6818 0.491557
6819 0.0988018
6820 0.171787
6821 0.203978
6822 0.127334
6823 0.247917
6824 0.363713
6825 0.322597
6826 0.246134
6827 0.0299088
6828 0.189288
6829 0.222351
6830 0.269936
6831 0.207204
6832 0.188536
6833 0.265693
6834 0.312291
6835 0.676545
6836 0.613648
6837 0.523799
6838 0.289743
6839 0.197156
6840 0.282402
6841 0.309171
6842 0.0960891
6843 0.0981358
6844 0.321382
6845 0.454087
6846 0.110691
6847 0.37701
6848 0.151702
6849 0.0954032
6850 0.323819
6851 0.298751
6852 0.349098
6853 0.551563
6854 0.278241
6855 0.0864356
6856 0.11266
6857 0.745714
6858 0.586199
6859 0.115133
6860 0.676293
6861 0.757229
6862 0.66495
6863 0.549079
6864 0.575424
6865 0.544243
6866 0.54771
6867 0.770186
6868 0.688896
6869 0.642087
6870 0.32818
6871 0.324071
6872 0.304255
6873 0.382411
6874 0.20141
6875 0.39885
6876 0.385628
6877 0.0576841
6878 0.311458
6879 0.412103
6880 0.174688
6881 0.292074
6882 0.167468
6883 0.233185
6884 0.242535
6885 0.772266
6886 0.309927
6887 0.13764
6888 0.350255
6889 0.860846
6890 0.302663
6891 0.291789
6892 0.315165
6893 0.206852
6894 0.347275
6895 0.314255
6896 0.310778
6897 0.83928
6898 0.570393
6899 0.173084
6900 0.287616
6901 0.373355
6902 0.308407
6903 0.595438
6904 0.376508
6905 0.605772
6906 0.439269
6907 0.344974
6908 0.154739
6909 0.123157
6910 0.189508
6911 0.0976282
6912 0.189556
6913 0.171416
6914 0.0785962
6915 0.117045
6916 0.128731
6917 0.106645
6918 0.130046
6919 0.43013
6920 0.0365766
6921 0.144759
6922 0.0838825
6923 0.0891751
6924 0.0743577
6925 0.0840257
6926 0.0742365
6927 0.0498937
6928 0.135706
6929 0.270158
6930 0.744804
6931 0.292534
6932 0.301594
6933 0.304065
6934 0.269762
6935 0.239972
6936 0.246542
6937 0.836167
6938 0.0608968
6939 0.245244
6940 0.338539
6941 0.162706
6942 0.178902
6943 0.188587
6944 0.229644
6945 0.219564
6946 0.184073
6947 0.222459
6948 0.434986
6949 0.207036
6950 0.278973
6951 0.235965
6952 0.381092
6953 0.262414
6954 0.297301
6955 0.344298
6956 0.0583595
6957 0.487256
6958 0.222781
6959 0.182541
6960 0.205696
6961 0.188942
6962 0.249466
6963 0.56386
6964 0.135529
6965 0.260313
6966 0.8253
6967 0.509001
6968 0.355642
6969 0.0986944
6970 0.354525
6971 0.12377
6972 0.140921
6973 0.201231
6974 0.0691788
6975 0.20803
6976 0.545067
6977 0.199038
6978 0.293163
6979 0.0377559
6980 0.207416
6981 0.19612
6982 0.274972
6983 0.0529481
6984 0.165867
6985 0.0526982
6986 0.00872541
6987 0.0588687
6988 0.049846
6989 0.00823577
6990 0.00839581
6991 0.420938
6992 0.0156036
6993 0.176711
6994 0.0561929
6995 0.0730837
6996 0.764616
6997 0.322534
6998 0.473689
6999 0.183355
7000 0.246726
7001 0.199201
7002 0.475338
7003 0.0892111
7004 0.820918
7005 0.238421
7006 0.342897
7007 0.385524
7008 0.374224
7009 0.317733
7010 0.231397
7011 0.0123606
7012 0.0947778
7013 0.141607
7014 0.125855
7015 0.202421
7016 0.211633
7017 0.0774577
7018 0.0120133
7019 0.0773164
7020 0.0771649
7021 0.0230548
7022 0.0764545
7023 0.0147295
7024 0.0767318
7025 0.0753501
7026 0.0738822
7027 0.050381
7028 0.075703
7029 0.0720871
7030 0.117653
7031 0.0742376
7032 0.0700065
7033 0.0723537
7034 0.0676857
7035 0.0651717
7036 0.0625118
7037 0.0569322
7038 0.0606229
7039 0.0214692
7040 0.128308
7041 0.0493198
7042 0.0327901
7043 0.0365887
7044 0.514043
7045 0.670957
7046 0.199012
7047 0.403596
7048 0.521221
7049 0.19683
7050 0.275968
7051 0.222834
7052 0.172766
7053 0.049681
7054 0.199216
7055 0.377309
7056 0.218445
7057 0.149497
7058 0.483144
7059 0.163757
7060 0.132991
7061 0.341206
7062 0.310381
7063 0.651012
7064 0.222872
7065 0.57911
7066 0.514985
7067 0.208342
7068 0.550887
7069 0.233576
7070 0.657142
7071 0.113608
7072 0.323462
7073 0.177084
7074 0.20721
7075 0.221542
7076 0.14783
7077 0.197002
7078 0.178055
7079 0.330639
7080 0.468852
7081 0.0850604
7082 0.295609
7083 0.291688
7084 0.277516
7085 0.275729
7086 0.244949
7087 0.309372
7088 0.270317
7089 0.227425
7090 0.670486
7091 0.190631
7092 0.341661
7093 0.947016
7094 0.546966
7095 0.409307
7096 0.367432
7097 0.417063
7098 0.271756
7099 0.213812
7100 0.345098
7101 0.256812
7102 0.283763
7103 0.618212
7104 0.390403
7105 0.348849
7106 0.0627281
7107 0.373028
7108 0.208383
7109 0.46752
7110 0.153936
7111 0.916247
7112 0.915305
7113 0.643593
7114 0.0575273
7115 0.0708293
7116 0.176808
7117 0.188569
7118 0.0912191
7119 0.069682
7120 0.444391
7121 0.0966611
7122 0.408266
7123 0.140105
7124 0.549697
7125 0.641725
7126 0.70273
7127 0.488223
7128 0.717639
7129 0.148489
7130 0.402083
7131 0.57756
7132 0.313699
7133 0.680295
7134 0.0830805
7135 0.00322576
7136 0.25189
7137 0.0713388
7138 0.070614
7139 0.325836
7140 0.277993
7141 0.0691074
7142 0.118634
7143 0.0699295
7144 0.166205
7145 0.123085
7146 0.00777434
7147 0.00792508
7148 0.248978
7149 0.167678
7150 0.244474
7151 0.142569
7152 0.49869
7153 0.234423
7154 0.304046
7155 0.149781
7156 0.158822
7157 0.340754
7158 0.597187
7159 0.868849
7160 0.298954
7161 0.406973
7162 0.280029
7163 0.559008
7164 0.378097
7165 0.305057
7166 0.228346
7167 0.107657
7168 0.256906
7169 0.226591
7170 0.224616
7171 0.0837867
7172 0.0261911
7173 0.232577
7174 0.192772
7175 0.0435923
7176 0.150337
7177 0.472568
7178 0.114978
7179 0.313055
7180 0.891806
7181 0.215664
7182 0.30455
7183 0.133578
7184 0.571734
7185 0.355746
7186 0.0508776
7187 0.0139659
7188 0.0525845
7189 0.483014
7190 0.524733
7191 0.387145
7192 0.683439
7193 0.457377
7194 0.407963
7195 0.716363
7196 0.289551
7197 0.14798
7198 0.512778
7199 0.00854158
7200 0.388876
7201 0.115773
7202 0.215678
7203 0.146197
7204 0.49418
7205 0.0923218
7206 0.147356
7207 0.146956
7208 0.147801
7209 0.037178
7210 0.037371
7211 0.0676533
7212 0.25877
7213 0.06902
7214 0.0777116
7215 0.229204
7216 0.23334
7217 0.0703495
7218 0.0675407
7219 0.24933
7220 0.200846
7221 0.176868
7222 0.466792
7223 0.217185
7224 0.274623
7225 0.0601724
7226 0.0121935
7227 0.0852965
7228 0.033647
7229 0.0521915
7230 0.373827
7231 0.0342791
7232 0.0127901
7233 0.0522506
7234 0.0558257
7235 0.0138612
7236 0.186906
7237 0.195668
7238 0.13704
7239 0.187124
7240 0.0880103
7241 0.184278
7242 0.0988592
7243 0.0776988
7244 0.147083
7245 0.249276
7246 0.71093
7247 0.469914
7248 0.581279
7249 0.205046
7250 0.216228
7251 0.19398
7252 0.46899
7253 0.362852
7254 0.35045
7255 0.447394
7256 0.548834
7257 0.0836943
7258 0.237545
7259 0.26146
7260 0.716642
7261 0.028366
7262 0.183803
7263 0.155445
7264 0.127414
7265 0.583001
7266 0.0514835
7267 0.154836
7268 0.210522
7269 0.545747
7270 0.0352096
7271 0.277375
7272 0.156297
7273 0.49465
7274 0.337375
7275 0.841431
7276 0.799784
7277 0.320128
7278 0.377685
7279 0.439838
7280 0.493296
7281 0.681751
7282 0.156339
7283 0.238732
7284 0.371025
7285 0.0405949
7286 0.543685
7287 0.874406
7288 0.177642
7289 0.253443
7290 0.516526
7291 0.162104
7292 0.362754
7293 0.036244
7294 0.0865257
7295 0.660641
7296 0.288722
7297 0.0694717
7298 0.230597
7299 0.210002
7300 0.0539064
7301 0.070569
7302 0.301706
7303 0.327405
7304 0.475773
7305 0.405118
7306 0.761939
7307 0.194582
7308 0.696274
7309 0.145732
7310 0.312522
7311 0.360736
7312 0.336808
7313 0.36119
7314 0.735528
7315 0.190883
7316 0.739106
7317 0.0819603
7318 0.376437
7319 0.420272
7320 0.183446
7321 0.442914
7322 0.791437
7323 0.403632
7324 0.344007
7325 0.387882
7326 0.295911
7327 0.251711
7328 0.362961
7329 0.00789327
7330 0.00870612
7331 0.298942
7332 0.00804945
7333 0.00853714
7334 0.0585787
7335 0.00820881
7336 0.006134
7337 0.00601782
7338 0.00590411
7339 0.00579283
7340 0.00568391
7341 0.356475
7342 0.363601
7343 0.826629
7344 0.237364
7345 0.421259
7346 0.253776
7347 0.752443
7348 0.223355
7349 0.241145
7350 0.481947
7351 0.392949
7352 0.298242
7353 0.419865
7354 0.206473
7355 0.598363
7356 0.0124366
7357 0.257734
7358 0.011905
7359 0.135093
7360 0.276459
7361 0.265255
7362 0.519484
7363 0.887985
7364 0.820141
7365 0.268201
7366 0.212726
7367 0.0698007
7368 0.0596217
7369 0.219152
7370 0.280849
7371 0.0535317
7372 0.00552584
7373 0.295963
7374 0.138689
7375 0.119501
7376 0.314623
7377 0.172098
7378 0.501851
7379 0.244204
7380 0.0125819
7381 0.054442
7382 0.0397972
7383 0.7757
7384 0.0886168
7385 0.1662
7386 0.268495
7387 0.58502
7388 0.335557
7389 0.638148
7390 0.165862
7391 0.346478
7392 0.353408
7393 0.320655
7394 0.274966
7395 0.206201
7396 0.00335324
7397 0.284019
7398 0.043496
7399 0.200172
7400 0.340876
7401 0.101547
7402 0.0778101
7403 0.0219407
7404 0.257984
7405 0.215308
7406 0.873458
7407 0.460999
7408 0.233363
7409 0.119941
7410 0.240881
7411 0.241562
7412 0.207254
7413 0.12129
7414 0.711657
7415 0.184346
7416 0.0999548
7417 0.119638
7418 0.101435
7419 0.11442
7420 0.103476
7421 0.0561051
7422 0.0861648
7423 0.0604709
7424 0.26611
7425 0.213272
7426 0.227753
7427 0.284193
7428 0.319463
7429 0.810839
7430 0.00714693
7431 0.00281362
7432 0.00759643
7433 0.00809331
7434 0.00864454
7435 0.0636484
7436 0.0026297
7437 0.00994399
7438 0.00208381
7439 0.00257135
7440 0.0107125
7441 0.636716
7442 0.00251444
7443 0.0125469
7444 0.193108
7445 0.00240476
7446 0.0136384
7447 0.144817
7448 0.265141
7449 0.0923181
7450 0.041837
7451 0.25663
7452 0.236731
7453 0.178224
7454 0.186441
7455 0.0056414
7456 0.0942364
7457 0.252327
7458 0.948829
7459 0.821889
7460 0.106577
7461 0.489409
7462 0.223165
7463 0.0402063
7464 0.0375884
7465 0.900654
7466 0.437351
7467 0.160062
7468 0.533111
7469 0.191929
7470 0.0170685
7471 0.0174411
7472 0.0712745
7473 0.0152463
7474 0.0178151
7475 0.0699143
7476 0.143372
7477 0.42851
7478 0.0181898
7479 0.509365
7480 0.0463192
7481 0.0462721
7482 0.440408
7483 0.0675446
7484 0.045995
7485 0.152542
7486 0.510051
7487 0.157272
7488 0.592633
7489 0.080515
7490 0.20067
7491 0.112492
7492 0.213374
7493 0.149945
7494 0.212434
7495 0.225137
7496 0.336365
7497 0.169329
7498 0.296
7499 0.278457
7500 0.53938
7501 0.269945
7502 0.253855
7503 0.65614
7504 0.313438
7505 0.0669707
7506 0.541428
7507 0.365674
7508 0.0584314
7509 0.0568122
7510 0.0545234
7511 0.606882
7512 0.0558907
7513 0.0432261
7514 0.0563514
7515 0.0566638
7516 0.0537328
7517 0.0568235
7518 0.054592
7519 0.0553242
7520 0.0566775
7521 0.0559206
7522 0.0563737
7523 0.368611
7524 0.580179
7525 0.126647
7526 0.0923871
7527 0.150568
7528 0.186445
7529 0.156672
7530 0.158225
7531 0.196688
7532 0.182175
7533 0.0838992
7534 0.0724702
7535 0.116556
7536 0.0835856
7537 0.0599199
7538 0.120247
7539 0.0529646
7540 0.152306
7541 0.16666
7542 0.591434
7543 0.642305
7544 0.147514
7545 0.212053
7546 0.665951
7547 0.646804
7548 0.133975
7549 0.159064
7550 0.55646
7551 0.168765
7552 0.30057
7553 0.641667
7554 0.345992
7555 0.237202
7556 0.179933
7557 0.559795
7558 0.685735
7559 0.08682
7560 0.249923
7561 0.283306
7562 0.306719
7563 0.202299
7564 0.362779
7565 0.295303
7566 0.797459
7567 0.404238
7568 0.519461
7569 0.362762
7570 0.240939
7571 0.183373
7572 0.0864447
7573 0.276974
7574 0.0440725
7575 0.0109359
7576 0.0117211
7577 0.0125855
7578 0.140567
7579 0.0953633
7580 0.379406
7581 0.263248
7582 0.619831
7583 0.293918
7584 0.0738868
7585 0.105188
7586 0.646648
7587 0.484674
7588 0.293385
7589 0.265028
7590 0.249
7591 0.25214
7592 0.365556
7593 0.06024
7594 0.0469109
7595 0.0708998
7596 0.780395
7597 0.261509
7598 0.536178
7599 0.159504
7600 0.15465
7601 0.310383
7602 0.102943
7603 0.152752
7604 0.151475
7605 0.183792
7606 0.254551
7607 0.205985
7608 0.376107
7609 0.356149
7610 0.716845
7611 0.150479
7612 0.705199
7613 0.0714123
7614 0.585292
7615 0.383952
7616 0.564936
7617 0.148722
7618 0.250092
7619 0.0704229
7620 0.0945717
7621 0.0592691
7622 0.498876
7623 0.320843
7624 0.0476588
7625 0.648663
7626 0.275053
7627 0.605121
7628 0.840672
7629 0.482908
7630 0.683514
7631 0.147595
7632 0.299264
7633 0.218482
7634 0.844125
7635 0.301161
7636 0.065048
7637 0.0671267
7638 0.508841
7639 0.416538
7640 0.0786929
7641 0.064746
7642 0.482575
7643 0.34146
7644 0.364702
7645 0.0699141
7646 0.0665203
7647 0.0246788
7648 0.175666
7649 0.264234
7650 0.286924
7651 0.723926
7652 0.290688
7653 0.472348
7654 0.340717
7655 0.372285
7656 0.777673
7657 0.0562714
7658 0.0748744
7659 0.175848
7660 0.1402
7661 0.061028
7662 0.179916
7663 0.253538
7664 0.14196
7665 0.0777842
7666 0.173659
7667 0.15628
7668 0.141316
7669 0.17824
7670 0.0702178
7671 0.226391
7672 0.219826
7673 0.0503377
7674 0.132103
7675 0.535473
7676 0.161776
7677 0.263986
7678 0.207568
7679 0.288076
7680 0.190803
7681 0.171911
7682 0.152751
7683 0.132195
7684 0.17991
7685 0.198032
7686 0.217333
7687 0.0475159
7688 0.0481646
7689 0.0458575
7690 0.0481353
7691 0.0463828
7692 0.057556
7693 0.206393
7694 0.157394
7695 0.0951059
7696 0.101664
7697 0.0356943
7698 0.289477
7699 0.0518014
7700 0.827007
7701 0.482922
7702 0.270842
7703 0.110324
7704 0.0566817
7705 0.0182962
7706 0.11478
7707 0.0838284
7708 0.122969
7709 0.120486
7710 0.125364
7711 0.127174
7712 0.106124
7713 0.0789885
7714 0.349275
7715 0.344706
7716 0.347173
7717 0.620671
7718 0.310575
7719 0.429468
7720 0.211209
7721 0.288636
7722 0.128193
7723 0.201928
7724 0.126821
7725 0.203351
7726 0.744924
7727 0.123926
7728 0.390397
7729 0.414264
7730 0.407795
7731 0.467751
7732 0.655276
7733 0.637569
7734 0.552034
7735 0.575301
7736 0.810494
7737 0.242076
7738 0.313368
7739 0.433274
7740 0.643918
7741 0.410021
7742 0.425086
7743 0.754083
7744 0.372145
7745 0.407457
7746 0.340017
7747 0.153157
7748 0.387812
7749 0.141928
7750 0.137037
7751 0.472107
7752 0.204022
7753 0.0737393
7754 0.0883982
7755 0.310934
7756 0.0694374
7757 0.483707
7758 0.143908
7759 0.248446
7760 0.512504
7761 0.0740894
7762 0.178933
7763 0.377568
7764 0.131178
7765 0.151972
7766 0.263313
7767 0.290393
7768 0.182219
7769 0.183639
7770 0.182709
7771 0.760861
7772 0.793401
7773 0.195132
7774 0.195988
7775 0.221225
7776 0.184269
7777 0.386694
7778 0.100749
7779 0.0533316
7780 0.0528942
7781 0.0522789
7782 0.0536016
7783 0.0514785
7784 0.0537141
7785 0.0680233
7786 0.0708363
7787 0.0504905
7788 0.0629524
7789 0.0573194
7790 0.0324716
7791 0.0653489
7792 0.310823
7793 0.088429
7794 0.578395
7795 0.0333715
7796 0.150769
7797 0.155674
7798 0.0930672
7799 0.0710872
7800 0.00817344
7801 0.00414146
7802 0.0121314
7803 0.0481524
7804 0.140682
7805 0.0408127
7806 0.440626
7807 0.00517298
7808 0.0513288
7809 0.276277
7810 0.466588
7811 0.737297
7812 0.121986
7813 0.0327199
7814 0.0809587
7815 0.300388
7816 0.287442
7817 0.52239
7818 0.859814
7819 0.106436
7820 0.0627998
7821 0.00693137
7822 0.179368
7823 0.0659714
7824 0.169692
7825 0.810885
7826 0.49679
7827 0.314059
7828 0.437666
7829 0.421614
7830 0.371501
7831 0.406709
7832 0.541771
7833 0.332588
7834 0.0905314
7835 0.68646
7836 0.560862
7837 0.143962
7838 0.644009
7839 0.235923
7840 0.050382
7841 0.215342
7842 0.154647
7843 0.659592
7844 0.0601898
7845 0.133174
7846 0.0115387
7847 0.387366
7848 0.0667462
7849 0.672878
7850 0.0645368
7851 0.174451
7852 0.0691054
7853 0.0647049
7854 0.0643897
7855 0.0600044
7856 0.670171
7857 0.729419
7858 0.81293
7859 0.0844326
7860 0.0869837
7861 0.579619
7862 0.252332
7863 0.151418
7864 0.340033
7865 0.153503
7866 0.158072
7867 0.447321
7868 0.617271
7869 0.484871
7870 0.26405
7871 0.68144
7872 0.513803
7873 0.261769
7874 0.669675
7875 0.521647
7876 0.338741
7877 0.533307
7878 0.0252317
7879 0.404093
7880 0.432242
7881 0.577369
7882 0.12718
7883 0.275679
7884 0.252207
7885 0.133997
7886 0.386308
7887 0.317661
7888 0.712997
7889 0.201904
7890 0.012685
7891 0.479868
7892 0.406634
7893 0.602566
7894 0.795741
7895 0.175976
7896 0.0977696
7897 0.644499
7898 0.606694
7899 0.202472
7900 0.227179
7901 0.00527091
7902 0.0415533
7903 0.272795
7904 0.00517308
7905 0.0418684
7906 0.0534115
7907 0.00507732
7908 0.0561809
7909 0.00498359
7910 0.0590409
7911 0.0171659
7912 0.0392346
7913 0.345844
7914 0.0386307
7915 0.0316862
7916 0.0379845
7917 0.0325472
7918 0.0263574
7919 0.0372987
7920 0.0333953
7921 0.0365764
7922 0.0342264
7923 0.035821
7924 0.0350363
7925 0.120069
7926 0.630357
7927 0.164226
7928 0.144408
7929 0.178968
7930 0.149639
7931 0.183622
7932 0.301726
7933 0.212185
7934 0.818593
7935 0.353814
7936 0.115909
7937 0.870079
7938 0.328518
7939 0.376942
7940 0.0118321
7941 0.516623
7942 0.00506086
7943 0.109837
7944 0.22073
7945 0.404084
7946 0.901316
7947 0.109068
7948 0.326118
7949 0.483007
7950 0.280558
7951 0.590706
7952 0.211765
7953 0.00654712
7954 0.169434
7955 0.0663503
7956 0.256848
7957 0.0503815
7958 0.0485995
7959 0.401823
7960 0.12305
7961 0.0049514
7962 0.525745
7963 0.115646
7964 0.518346
7965 0.00484453
7966 0.321529
7967 0.0540925
7968 0.11828
7969 0.083549
7970 0.394371
7971 0.317267
7972 0.0975394
7973 0.213741
7974 0.160001
7975 0.464456
7976 0.324648
7977 0.275948
7978 0.14911
7979 0.170112
7980 0.0534269
7981 0.22753
7982 0.292879
7983 0.227151
7984 0.316418
7985 0.303548
7986 0.444837
7987 0.294752
7988 0.451857
7989 0.589819
7990 0.945233
7991 0.253497
7992 0.195443
7993 0.214726
7994 0.255932
7995 0.11
7996 0.46767
7997 0.5594
7998 0.496984
7999 0.655779
8000 0.703373
8001 0.212431
8002 0.155538
8003 0.352695
8004 0.176389
8005 0.152795
8006 0.151942
8007 0.167885
8008 0.185009
8009 0.239482
8010 0.516299
8011 0.515336
8012 0.167163
8013 0.468042
8014 0.175599
8015 0.468702
8016 0.724633
8017 0.397592
8018 0.312824
8019 0.374991
8020 0.60752
8021 0.240828
8022 0.853401
8023 0.530586
8024 0.664879
8025 0.18136
8026 0.16409
8027 0.146001
8028 0.12875
8029 0.0963208
8030 0.14794
8031 0.16353
8032 0.23819
8033 0.19323
8034 0.0361557
8035 0.0775495
8036 0.00379856
8037 0.0100153
8038 0.780403
8039 0.331966
8040 0.497588
8041 0.0909387
8042 0.375777
8043 0.340175
8044 0.633454
8045 0.00185433
8046 0.333165
8047 0.0331823
8048 0.357147
8049 0.0304987
8050 0.0585954
8051 0.162098
8052 0.137003
8053 0.401084
8054 0.244697
8055 0.203298
8056 0.158467
8057 0.519475
8058 0.136836
8059 0.0749038
8060 0.515738
8061 0.114721
8062 0.089916
8063 0.894865
8064 0.0828153
8065 0.576809
8066 0.870361
8067 0.748777
8068 0.00700982
8069 0.195808
8070 0.697601
8071 0.380605
8072 0.557258
8073 0.277595
8074 0.289504
8075 0.241332
8076 0.468452
8077 0.401383
8078 0.654564
8079 0.0421318
8080 0.0423423
8081 0.0424985
8082 0.0425984
8083 0.0426394
8084 0.0649873
8085 0.0308163
8086 0.0426182
8087 0.0299414
8088 0.0425308
8089 0.0290649
8090 0.0423723
8091 0.0281901
8092 0.0552878
8093 0.756447
8094 0.316489
8095 0.0422128
8096 0.0568281
8097 0.109996
8098 0.229098
8099 0.589942
8100 0.340699
8101 0.41113
8102 0.24056
8103 0.436432
8104 0.115245
8105 0.0875503
8106 0.131999
8107 0.0909386
8108 0.480608
8109 0.011708
8110 0.541705
8111 0.612122
8112 0.0547844
8113 0.0808014
8114 0.0777544
8115 0.0771926
8116 0.111866
8117 0.550165
8118 0.0543184
8119 0.138894
8120 0.122571
8121 0.233236
8122 0.139079
8123 0.153189
8124 0.355672
8125 0.707287
8126 0.26582
8127 0.183856
8128 0.205079
8129 0.277616
8130 0.283698
8131 0.0334552
8132 0.149413
8133 0.101362
8134 0.378094
8135 0.374857
8136 0.174955
8137 0.248391
8138 0.0492541
8139 0.698055
8140 0.26638
8141 0.00630379
8142 0.00748184
8143 0.00762661
8144 0.00733998
8145 0.0576142
8146 0.0064242
8147 0.00720099
8148 0.0559754
8149 0.0070648
8150 0.0540691
8151 0.621003
8152 0.00889503
8153 0.0508468
8154 0.0519982
8155 0.00906789
8156 0.00667258
8157 0.00680065
8158 0.00161486
8159 0.5789
8160 0.746212
8161 0.311846
8162 0.424249
8163 0.525047
8164 0.296623
8165 0.326269
8166 0.558084
8167 0.0431104
8168 0.0447917
8169 0.025588
8170 0.0130517
8171 0.0115417
8172 0.0171107
8173 0.0573374
8174 0.0117833
8175 0.0167984
8176 0.01279
8177 0.0120289
8178 0.0886597
8179 0.0728943
8180 0.0122786
8181 0.0149768
8182 0.0125323
8183 0.0858309
8184 0.203385
8185 0.0352484
8186 0.393257
8187 0.536791
8188 0.244338
8189 0.0552813
8190 0.167169
8191 0.108488
8192 0.125411
8193 0.204936
8194 0.0849416
8195 0.00607025
8196 0.42353
8197 0.294752
8198 0.557852
8199 0.114735
8200 0.222143
8201 0.364966
8202 0.175378
8203 0.468581
8204 0.544973
8205 0.610087
8206 0.359265
8207 0.223266
8208 0.147341
8209 0.00994969
8210 0.010796
8211 0.0105067
8212 0.187656
8213 0.0102246
8214 0.0626337
8215 0.102801
8216 0.202189
8217 0.215416
8218 0.424654
8219 0.074101
8220 0.0710889
8221 0.0619174
8222 0.0537483
8223 0.0341651
8224 0.084612
8225 0.198823
8226 0.354262
8227 0.272374
8228 0.233282
8229 0.199393
8230 0.149919
8231 0.182249
8232 0.133117
8233 0.117151
8234 0.100972
8235 0.0865093
8236 0.0548022
8237 0.074124
8238 0.0113616
8239 0.281707
8240 0.396323
8241 0.448044
8242 0.727015
8243 0.723094
8244 0.269432
8245 0.366816
8246 0.43832
8247 0.236279
8248 0.246313
8249 0.558097
8250 0.520979
8251 0.766887
8252 0.488147
8253 0.495799
8254 0.624634
8255 0.345515
8256 0.87963
8257 0.395957
8258 0.346052
8259 0.456018
8260 0.651285
8261 0.326989
8262 0.425919
8263 0.116743
8264 0.555678
8265 0.125818
8266 0.185049
8267 0.133005
8268 0.183196
8269 0.13592
8270 0.176867
8271 0.138581
8272 0.166755
8273 0.137486
8274 0.103615
8275 0.695862
8276 0.124223
8277 0.689575
8278 0.00414897
8279 0.38689
8280 0.101883
8281 0.178207
8282 0.208783
8283 0.151085
8284 0.710195
8285 0.00322937
8286 0.243419
8287 0.142294
8288 0.742237
8289 0.214435
8290 0.166939
8291 0.173765
8292 0.133079
8293 0.366351
8294 0.490318
8295 0.316147
8296 0.00287487
8297 0.202788
8298 0.197777
8299 0.365709
8300 0.778973
8301 0.543463
8302 0.197925
8303 0.555081
8304 0.28862
8305 0.282716
8306 0.152206
8307 0.21971
8308 0.0391906
8309 0.719885
8310 0.761089
8311 0.396231
8312 0.713853
8313 0.341886
8314 0.298659
8315 0.219214
8316 0.192973
8317 0.122798
8318 0.116279
8319 0.237175
8320 0.478024
8321 0.127598
8322 0.114863
8323 0.162475
8324 0.0953413
8325 0.242574
8326 0.0853934
8327 0.198945
8328 0.0901534
8329 0.137687
8330 0.132997
8331 0.226069
8332 0.0682025
8333 0.0505012
8334 0.103128
8335 0.0823142
8336 0.113732
8337 0.0191156
8338 0.404402
8339 0.120744
8340 0.059681
8341 0.536336
8342 0.0616478
8343 0.069473
8344 0.0536678
8345 0.512347
8346 0.406852
8347 0.262771
8348 0.399687
8349 0.171716
8350 0.54875
8351 0.365004
8352 0.531833
8353 0.545657
8354 0.392805
8355 0.244319
8356 0.121902
8357 0.250914
8358 0.328277
8359 0.234098
8360 0.353726
8361 0.475491
8362 0.0330713
8363 0.0903174
8364 0.0908494
8365 0.11448
8366 0.10267
8367 0.647015
8368 0.706259
8369 0.229347
8370 0.335618
8371 0.358425
8372 0.549375
8373 0.231638
8374 0.248593
8375 0.523004
8376 0.105309
8377 0.0351207
8378 0.0700768
8379 0.160913
8380 0.32684
8381 0.435045
8382 0.54988
8383 0.547416
8384 0.890821
8385 0.526005
8386 0.0495853
8387 0.0786096
8388 0.0797477
8389 0.0479844
8390 0.533215
8391 0.233924
8392 0.217188
8393 0.13914
8394 0.0662185
8395 0.588146
8396 0.00753289
8397 0.05707
8398 0.072713
8399 0.217996
8400 0.0379946
8401 0.619842
8402 0.0713691
8403 0.0414128
8404 0.267777
8405 0.73035
8406 0.00409021
8407 0.039497
8408 0.274931
8409 0.13803
8410 0.160688
8411 0.158196
8412 0.15855
8413 0.072163
8414 0.140148
8415 0.0725523
8416 0.0463177
8417 0.0454642
8418 0.0445712
8419 0.0436428
8420 0.0426836
8421 0.0416979
8422 0.0406902
8423 0.0396647
8424 0.0386259
8425 0.0375778
8426 0.0365244
8427 0.0354693
8428 0.034416
8429 0.0305752
8430 0.0295181
8431 0.0400174
8432 0.196586
8433 0.0482238
8434 0.0794516
8435 0.0683602
8436 0.0766534
8437 0.0622724
8438 0.0737633
8439 0.0647479
8440 0.0708161
8441 0.482798
8442 0.463311
8443 0.0614407
8444 0.236203
8445 0.414572
8446 0.0753622
8447 0.128354
8448 0.116988
8449 0.676976
8450 0.30579
8451 0.414765
8452 0.156867
8453 0.0470696
8454 0.636312
8455 0.0696844
8456 0.864454
8457 0.391746
8458 0.295207
8459 0.157607
8460 0.22994
8461 0.451955
8462 0.438448
8463 0.475652
8464 0.177755
8465 0.351111
8466 0.235713
8467 0.154555
8468 0.367351
8469 0.151248
8470 0.136801
8471 0.290769
8472 0.165386
8473 0.527121
8474 0.171084
8475 0.157445
8476 0.280209
8477 0.690372
8478 0.143759
8479 0.335969
8480 0.11946
8481 0.272616
8482 0.247441
8483 0.651754
8484 0.543718
8485 0.372532
8486 0.18969
8487 0.599482
8488 0.371071
8489 0.454782
8490 0.31202
8491 0.439694
8492 0.410961
8493 0.305408
8494 0.158977
8495 0.217171
8496 0.216131
8497 0.0956153
8498 0.34505
8499 0.389576
8500 0.184773
8501 0.159136
8502 0.261269
8503 0.230634
8504 0.27626
8505 0.22094
8506 0.253482
8507 0.471448
8508 0.406837
8509 0.0911889
8510 0.376907
8511 0.00188653
8512 0.178627
8513 0.153446
8514 0.357221
8515 0.0471274
8516 0.0930779
8517 0.0515605
8518 0.0929325
8519 0.310227
8520 0.0518003
8521 0.0922399
8522 0.0519558
8523 0.0909909
8524 0.0520218
8525 0.0519929
8526 0.0518635
8527 0.0516279
8528 0.0512808
8529 0.0508174
8530 0.050234
8531 0.0495282
8532 0.0486995
8533 0.0477498
8534 0.353226
8535 0.0618417
8536 0.0450659
8537 0.00936768
8538 0.0992667
8539 0.640309
8540 0.234906
8541 0.310704
8542 0.773118
8543 0.0145373
8544 0.717234
8545 0.147429
8546 0.147208
8547 0.137809
8548 0.682421
8549 0.486494
8550 0.00827165
8551 0.364719
8552 0.252737
8553 0.0043424
8554 0.179682
8555 0.148305
8556 0.349344
8557 0.181812
8558 0.273529
8559 0.161492
8560 0.0831598
8561 0.143686
8562 0.178408
8563 0.105108
8564 0.214736
8565 0.194722
8566 0.21399
8567 0.161943
8568 0.248242
8569 0.216474
8570 0.295124
8571 0.297523
8572 0.237375
8573 0.204812
8574 0.216899
8575 0.188989
8576 0.189714
8577 0.168164
8578 0.19278
8579 0.227317
8580 0.254039
8581 0.240117
8582 0.117916
8583 0.0523982
8584 0.0503323
8585 0.19577
8586 0.450195
8587 0.18918
8588 0.287013
8589 0.137247
8590 0.2533
8591 0.279915
8592 0.814466
8593 0.549567
8594 0.663477
8595 0.464367
8596 0.0036064
8597 0.201087
8598 0.00313489
8599 0.00795971
8600 0.294342
8601 0.314518
8602 0.00792032
8603 0.607902
8604 0.88938
8605 0.929252
8606 0.433601
8607 0.654909
8608 0.437844
8609 0.611041
8610 0.0401058
8611 0.203695
8612 0.179195
8613 0.166185
8614 0.153872
8615 0.1677
8616 0.149886
8617 0.0797985
8618 0.0904591
8619 0.0486465
8620 0.0201332
8621 0.0579018
8622 0.0628628
8623 0.0750831
8624 0.122286
8625 0.0820493
8626 0.0789455
8627 0.830074
8628 0.225941
8629 0.275666
8630 0.425718
8631 0.313239
8632 0.620187
8633 0.747607
8634 0.393716
8635 0.481769
8636 0.809162
8637 0.402284
8638 0.183998
8639 0.473529
8640 0.201565
8641 0.639337
8642 0.762463
8643 0.598859
8644 0.258116
8645 0.819076
8646 0.754664
8647 0.183226
8648 0.259837
8649 0.40793
8650 0.50449
8651 0.621432
8652 0.249694
8653 0.393548
8654 0.733621
8655 0.378529
8656 0.355115
8657 0.0400507
8658 0.063478
8659 0.134492
8660 0.0678381
8661 0.124935
8662 0.0168507
8663 0.046106
8664 0.0482402
8665 0.0380727
8666 0.192018
8667 0.0310771
8668 0.204632
8669 0.0440151
8670 0.0494777
8671 0.377318
8672 0.0540072
8673 0.0419751
8674 0.0575281
8675 0.0399927
8676 0.0610748
8677 0.573161
8678 0.750861
8679 0.303407
8680 0.0875726
8681 0.666384
8682 0.786615
8683 0.172956
8684 0.824667
8685 0.185498
8686 0.482164
8687 0.451075
8688 0.324279
8689 0.765546
8690 0.698115
8691 0.273743
8692 0.188687
8693 0.189581
8694 0.698219
8695 0.0472673
8696 0.0932288
8697 0.0247427
8698 0.0843801
8699 0.590997
8700 0.586625
8701 0.0568061
8702 0.168305
8703 0.275564
8704 0.314071
8705 0.277491
8706 0.313221
8707 0.705383
8708 0.0468302
8709 0.214429
8710 0.117999
8711 0.00201789
8712 0.0793605
8713 0.0778227
8714 0.00925829
8715 0.0398921
8716 0.0795167
8717 0.12796
8718 0.0804552
8719 0.0807306
8720 0.0115758
8721 0.24866
8722 0.0932201
8723 0.112808
8724 0.0514415
8725 0.132568
8726 0.132133
8727 0.0519456
8728 0.087491
8729 0.204285
8730 0.144775
8731 0.125487
8732 0.0758139
8733 0.0924426
8734 0.318265
8735 0.436658
8736 0.373241
8737 0.0258826
8738 0.298013
8739 0.0626327
8740 0.11908
8741 0.138401
8742 0.236409
8743 0.615003
8744 0.113206
8745 0.144578
8746 0.0654339
8747 0.0733046
8748 0.379822
8749 0.0567971
8750 0.00795797
8751 0.512502
8752 0.144822
8753 0.16533
8754 0.470204
8755 0.116483
8756 0.0706171
8757 0.0986572
8758 0.203743
8759 0.00559565
8760 0.244902
8761 0.0246125
8762 0.172337
8763 0.0063238
8764 0.0984354
8765 0.0590064
8766 0.317556
8767 0.0810346
8768 0.486697
8769 0.205726
8770 0.361965
8771 0.0729722
8772 0.130381
8773 0.599227
8774 0.391466
8775 0.767991
8776 0.458193
8777 0.671821
8778 0.695645
8779 0.622197
8780 0.683327
8781 0.017794
8782 0.0118353
8783 0.233742
8784 0.31066
8785 0.185654
8786 0.433929
8787 0.334871
8788 0.498985
8789 0.209045
8790 0.372143
8791 0.126695
8792 0.318131
8793 0.0689282
8794 0.278265
8795 0.186093
8796 0.220466
8797 0.165972
8798 0.342986
8799 0.177338
8800 0.0742437
8801 0.391842
8802 0.295342
8803 0.467403
8804 0.349488
8805 0.287648
8806 0.193433
8807 0.553649
8808 0.459947
8809 0.738405
8810 0.66848
8811 0.110163
8812 0.472953
8813 0.672643
8814 0.169263
8815 0.422987
8816 0.17441
8817 0.354608
8818 0.336071
8819 0.581621
8820 0.262941
8821 0.208111
8822 0.198572
8823 0.152906
8824 0.0573567
8825 0.0811583
8826 0.0545875
8827 0.0803408
8828 0.0520257
8829 0.0778183
8830 0.0496585
8831 0.0759565
8832 0.0474514
8833 0.0762193
8834 0.0822608
8835 0.133467
8836 0.30044
8837 0.320546
8838 0.73938
8839 0.347258
8840 0.458185
8841 0.398061
8842 0.70275
8843 0.0781112
8844 0.0981798
8845 0.341132
8846 0.348873
8847 0.265266
8848 0.471197
8849 0.375531
8850 0.582956
8851 0.424972
8852 0.653293
8853 0.372502
8854 0.322645
8855 0.458799
8856 0.17208
8857 0.227018
8858 0.809368
8859 0.806045
8860 0.678301
8861 0.707859
8862 0.742855
8863 0.520537
8864 0.393805
8865 0.587432
8866 0.200311
8867 0.307146
8868 0.435778
8869 0.246877
8870 0.45886
8871 0.410283
8872 0.583066
8873 0.479851
8874 0.447715
8875 0.329043
8876 0.538522
8877 0.236464
8878 0.549193
8879 0.129117
8880 0.246601
8881 0.727653
8882 0.0739812
8883 0.158705
8884 0.0804378
8885 0.439782
8886 0.191446
8887 0.562141
8888 0.280021
8889 0.326048
8890 0.243218
8891 0.315975
8892 0.256684
8893 0.593045
8894 0.76758
8895 0.557101
8896 0.471408
8897 0.454065
8898 0.196768
8899 0.268971
8900 0.117201
8901 0.279293
8902 0.213905
8903 0.368619
8904 0.509835
8905 0.269983
8906 0.249622
8907 0.0542469
8908 0.0529701
8909 0.0446443
8910 0.0399854
8911 0.584602
8912 0.487673
8913 0.0673073
8914 0.0467719
8915 0.0693367
8916 0.0485734
8917 0.0157343
8918 0.0370007
8919 0.0160191
8920 0.0368327
8921 0.0163002
8922 0.0366651
8923 0.0165767
8924 0.036488
8925 0.0168474
8926 0.0362903
8927 0.0171111
8928 0.0360604
8929 0.0173666
8930 0.0357874
8931 0.198902
8932 0.390604
8933 0.170906
8934 0.115253
8935 0.0911937
8936 0.117483
8937 0.052526
8938 0.183208
8939 0.31527
8940 0.179359
8941 0.485309
8942 0.286133
8943 0.643989
8944 0.288256
8945 0.532357
8946 0.239893
8947 0.452014
8948 0.237752
8949 0.0934972
8950 0.0727688
8951 0.561193
8952 0.0457518
8953 0.643985
8954 0.0194411
8955 0.197286
8956 0.190906
8957 0.433623
8958 0.159778
8959 0.513649
8960 0.236232
8961 0.566673
8962 0.254615
8963 0.551413
8964 0.272901
8965 0.195284
8966 0.17074
8967 0.124922
8968 0.313959
8969 0.609354
8970 0.637252
8971 0.163622
8972 0.149489
8973 0.132296
8974 0.143139
8975 0.0869909
8976 0.396656
8977 0.115291
8978 0.0468963
8979 0.0923708
8980 0.0923166
8981 0.273316
8982 0.625495
8983 0.561057
8984 0.283941
8985 0.420373
8986 0.068438
8987 0.0706742
8988 0.114236
8989 0.311078
8990 0.139039
8991 0.290653
8992 0.143131
8993 0.186039
8994 0.180424
8995 0.654187
8996 0.206706
8997 0.301343
8998 0.231883
8999 0.210587
9000 0.00701442
9001 0.231189
9002 0.0409755
9003 0.527899
9004 0.151347
9005 0.360148
9006 0.117034
9007 0.0749685
9008 0.0798723
9009 0.0734089
9010 0.563081
9011 0.448957
9012 0.0631549
9013 0.160508
9014 0.107329
9015 0.145289
9016 0.204992
9017 0.459647
9018 0.160508
9019 0.774479
9020 0.216585
9021 0.970581
9022 0.0527568
9023 0.642372
9024 0.693354
9025 0.695815
9026 0.469181
9027 0.159649
9028 0.182817
9029 0.17356
9030 0.159714
9031 0.00914673
9032 0.0455536
9033 0.0428206
9034 0.584769
9035 0.0735654
9036 0.250569
9037 0.447859
9038 0.235382
9039 0.244591
9040 0.222536
9041 0.341035
9042 0.0698657
9043 0.149324
9044 0.0754095
9045 0.166624
9046 0.386866
9047 0.0693519
9048 0.280244
9049 0.0594057
9050 0.175709
9051 0.310677
9052 0.211729
9053 0.0327263
9054 0.0351811
9055 0.0155171
9056 0.0206262
9057 0.0151215
9058 0.0204014
9059 0.0546259
9060 0.0728325
9061 0.33496
9062 0.346793
9063 0.0923132
9064 0.520173
9065 0.106455
9066 0.262167
9067 0.138632
9068 0.286738
9069 0.246768
9070 0.0500229
9071 0.170949
9072 0.146031
9073 0.0549052
9074 0.21964
9075 0.160571
9076 0.301194
9077 0.15289
9078 0.19114
9079 0.0418677
9080 0.298842
9081 0.0947438
9082 0.288472
9083 0.428477
9084 0.137198
9085 0.886651
9086 0.105227
9087 0.796421
9088 0.0694547
9089 0.549595
9090 0.47727
9091 0.528861
9092 0.768706
9093 0.611773
9094 0.365683
9095 0.696264
9096 0.278959
9097 0.5599
9098 0.427515
9099 0.488395
9100 0.51028
9101 0.561495
9102 0.497856
9103 0.461987
9104 0.0356792
9105 0.118251
9106 0.53291
9107 0.0673772
9108 0.0559155
9109 0.0998347
9110 0.0507545
9111 0.0874454
9112 0.451225
9113 0.0459349
9114 0.676565
9115 0.342344
9116 0.373491
9117 0.411464
9118 0.462447
9119 0.0640802
9120 0.264053
9121 0.0449152
9122 0.04659
9123 0.119514
9124 0.695174
9125 0.596145
9126 0.27333
9127 0.479047
9128 0.342485
9129 0.806579
9130 0.793586
9131 0.549454
9132 0.238396
9133 0.0562148
9134 0.0822218
9135 0.36951
9136 0.371396
9137 0.350567
9138 0.450069
9139 0.174206
9140 0.213627
9141 0.629111
9142 0.549681
9143 0.726192
9144 0.766584
9145 0.623958
9146 0.164853
9147 0.316771
9148 0.308967
9149 0.270539
9150 0.25811
9151 0.181545
9152 0.119135
9153 0.112558
9154 0.398171
9155 0.333446
9156 0.136754
9157 0.131284
9158 0.11419
9159 0.895842
9160 0.15117
9161 0.384738
9162 0.737564
9163 0.685338
9164 0.654962
9165 0.484323
9166 0.343094
9167 0.402951
9168 0.0410586
9169 0.165604
9170 0.136604
9171 0.427311
9172 0.0394628
9173 0.0368492
9174 0.674909
9175 0.499257
9176 0.132566
9177 0.0522403
9178 0.140794
9179 0.0525916
9180 0.0911469
9181 0.337284
9182 0.457589
9183 0.0464525
9184 0.324063
9185 0.108961
9186 0.176497
9187 0.126789
9188 0.421087
9189 0.64053
9190 0.374996
9191 0.62719
9192 0.493433
9193 0.709354
9194 0.175467
9195 0.499623
9196 0.329846
9197 0.30285
9198 0.224738
9199 0.914691
9200 0.229038
9201 0.969153
9202 0.321114
9203 0.374873
9204 0.564211
9205 0.983018
9206 0.272594
9207 0.550237
9208 0.0306982
9209 0.684345
9210 0.00427179
9211 0.0588593
9212 0.231813
9213 0.0433118
9214 0.0741995
9215 0.0436638
9216 0.076483
9217 0.0448678
9218 0.235802
9219 0.234674
9220 0.0142979
9221 0.0257746
9222 0.0140802
9223 0.0260812
9224 0.0138589
9225 0.0263592
9226 0.0136348
9227 0.0266067
9228 0.0134086
9229 0.0268221
9230 0.0131808
9231 0.0270044
9232 0.012952
9233 0.0271532
9234 0.0127228
9235 0.0272687
9236 0.0124937
9237 0.0273515
9238 0.0122651
9239 0.0274031
9240 0.0120375
9241 0.0274252
9242 0.0118113
9243 0.02742
9244 0.0115867
9245 0.0273902
9246 0.011364
9247 0.0273384
9248 0.0111436
9249 0.0272677
9250 0.0109256
9251 0.027181
9252 0.0107103
9253 0.0270813
9254 0.0104978
9255 0.0269715
9256 0.0102883
9257 0.0268543
9258 0.010082
9259 0.026732
9260 0.00987885
9261 0.0266068
9262 0.00967904
9263 0.0264805
9264 0.00948262
9265 0.0263546
9266 0.413004
9267 0.406922
9268 0.131369
9269 0.131154
9270 0.043121
9271 0.332189
9272 0.0869882
9273 0.0628036
9274 0.0859119
9275 0.0645056
9276 0.0841142
9277 0.0622477
9278 0.0816684
9279 0.0569999
9280 0.142498
9281 0.483527
9282 0.125773
9283 0.347281
9284 0.130996
9285 0.1715
9286 0.247959
9287 0.416699
9288 0.236114
9289 0.382766
9290 0.370082
9291 0.316096
9292 0.650808
9293 0.0773043
9294 0.0473733
9295 0.691629
9296 0.274438
9297 0.0287837
9298 0.184276
9299 0.0602115
9300 0.21318
9301 0.0644624
9302 0.20964
9303 0.0285105
9304 0.0621623
9305 0.0756364
9306 0.0748597
9307 0.0617322
9308 0.226731
9309 0.0556386
9310 0.306159
9311 0.039228
9312 0.328713
9313 0.0641612
9314 0.0433294
9315 0.0636973
9316 0.0427589
9317 0.0628418
9318 0.0421366
9319 0.0615732
9320 0.0414674
9321 0.0599101
9322 0.0407565
9323 0.0579062
9324 0.0400085
9325 0.168919
9326 0.830409
9327 0.144544
9328 0.242183
9329 0.151035
9330 0.17429
9331 0.0792705
9332 0.0577491
9333 0.0769633
9334 0.387411
9335 0.0883944
9336 0.368077
9337 0.304922
9338 0.0630322
9339 0.230148
9340 0.0963776
9341 0.216297
9342 0.283671
9343 0.662042
9344 0.402191
9345 0.805458
9346 0.240299
9347 0.30468
9348 0.272244
9349 0.350999
9350 0.254467
9351 0.18921
9352 0.341479
9353 0.283256
9354 0.231357
9355 0.748379
9356 0.24089
9357 0.911931
9358 0.0838308
9359 0.273215
9360 0.111907
9361 0.856865
9362 0.0426593
9363 0.26604
9364 0.288868
9365 0.560368
9366 0.336453
9367 0.534848
9368 0.375737
9369 0.625911
9370 0.116058
9371 0.111532
9372 0.317947
9373 0.0259636
9374 0.0230136
9375 0.0180314
9376 0.0419213
9377 0.0177567
9378 0.0427342
9379 0.789911
9380 0.761363
9381 0.376395
9382 0.448639
9383 0.230618
9384 0.644089
9385 0.102921
9386 0.215228
9387 0.0494632
9388 0.190893
9389 0.036121
9390 0.0986183
9391 0.0781511
9392 0.0809382
9393 0.0766979
9394 0.0834833
9395 0.0799821
9396 0.0854993
9397 0.0810893
9398 0.0869215
9399 0.0811761
9400 0.0876723
9401 0.0818876
9402 0.0282957
9403 0.636549
9404 0.0260131
9405 0.474498
9406 0.469236
9407 0.0843312
9408 0.0939024
9409 0.667465
9410 0.35547
9411 0.822149
9412 0.329797
9413 0.0800198
9414 0.131869
9415 0.0724456
9416 0.117428
9417 0.0653032
9418 0.103711
9419 0.0586809
9420 0.0915815
9421 0.492886
9422 0.592748
9423 0.526304
9424 0.622228
9425 0.368128
9426 0.321074
9427 0.38867
9428 0.497707
9429 0.197635
9430 0.292035
9431 0.361006
9432 0.520048
9433 0.576325
9434 0.802074
9435 0.796548
9436 0.8401
9437 0.895926
9438 0.789086
9439 0.504328
9440 0.764922
9441 0.973958
9442 0.912913
9443 0.75209
9444 0.632435
9445 0.800265
9446 0.646625
9447 0.913969
9448 0.676527
9449 0.829294
9450 0.744675
9451 0.746669
9452 0.897859
9453 0.908657
9454 0.808929
9455 0.805365
9456 0.775304
9457 0.91147
9458 0.816254
9459 0.705819
9460 0.833622
9461 0.799194
9462 0.834559
9463 0.750096
9464 0.675362
9465 0.895529
9466 0.784166
9467 0.753434
9468 0.856448
9469 0.904937
9470 0.896861
9471 0.806864
9472 0.922283
9473 0.921583
9474 0.871325
9475 0.867649
9476 0.938137
9477 0.683234
9478 0.679818
9479 0.771927
9480 0.858826
9481 0.875968
9482 0.669171
9483 0.802227
9484 0.89278
9485 0.862209
9486 0.94211
9487 0.91774
9488 0.890322
9489 0.864325
9490 0.902067
9491 0.768495
9492 0.771081
9493 0.827609
9494 0.874892
9495 0.921695
9496 0.93312
9497 0.861902
9498 0.778133
9499 0.878858
9500 0.907313
9501 0.695036
9502 0.794711
9503 0.818418
9504 0.680333
9505 0.812557
9506 0.853192
9507 0.876991
9508 0.796631
9509 0.791193
9510 0.948266
9511 0.992774
9512 0.898922
9513 0.615475
9514 0.925031
9515 0.976164
9516 0.890442
9517 0.898874
9518 0.921276
9519 0.970446
9520 0.737702
9521 0.846714
9522 0.847795
9523 0.512627
9524 0.875137
9525 0.914548
9526 0.921832
9527 0.822515
9528 0.66159
9529 0.935377
9530 0.814766
9531 0.940786
9532 0.829092
9533 0.92574
9534 0.817034
9535 0.890459
9536 0.845652
9537 0.869108
9538 0.849914
9539 0.964223
9540 0.916346
9541 0.907875
9542 0.933287
9543 0.95018
9544 0.958224
9545 0.787781
9546 0.95923
9547 0.86964
9548 0.812883
9549 0.954355
9550 0.78054
9551 0.847526
9552 0.903507
9553 0.816634
9554 0.961755
9555 0.908059
9556 0.613847
9557 0.861052
9558 0.976604
9559 0.981246
9560 0.911108
9561 0.89241
9562 0.758221
9563 0.826594
9564 0.939949
9565 0.927966
9566 0.817786
9567 0.951676
9568 0.905222
9569 0.913198
9570 0.943549
9571 0.828589
9572 0.789116
9573 0.978151
9574 0.84652
9575 0.949672
9576 0.802413
9577 0.901496
9578 0.835041
9579 0.880062
9580 0.929381
9581 0.925206
9582 0.906429
9583 0.945617
9584 0.847604
9585 0.970107
9586 0.902631
9587 0.908948
9588 0.910422
9589 0.879164
9590 0.784038
9591 0.94798
9592 0.960244
9593 0.916979
9594 0.897213
9595 0.965532
9596 0.906908
9597 0.944792
9598 0.829367
9599 0.825422
9600 0.671441
9601 0.895823
9602 0.789959
9603 0.594209
9604 0.838684
9605 0.909523
9606 0.8727
9607 0.898621
9608 0.821164
9609 0.928399
9610 0.932869
9611 0.877386
9612 0.781908
9613 0.587
9614 0.887405
9615 0.769946
9616 0.939513
9617 0.842792
9618 0.94302
9619 0.899959
9620 0.802332
9621 0.969929
9622 0.950471
9623 0.960139
9624 0.910351
9625 0.957527
9626 0.8774
9627 0.887357
9628 0.814028
9629 0.779663
9630 0.817302
9631 0.941316
9632 0.767398
9633 0.935257
9634 0.822552
9635 0.815644
9636 0.901008
9637 0.894485
9638 0.909854
9639 0.921212
9640 0.911784
9641 0.965323
9642 0.928383
9643 0.820857
9644 0.867484
9645 0.86141
9646 0.969546
9647 0.793931
9648 0.824225
9649 0.87407
9650 0.950643
9651 0.900427
9652 0.738511
9653 0.797998
9654 0.869759
9655 0.905092
9656 0.89204
9657 0.811113
9658 0.929505
9659 0.840893
9660 0.580139
9661 0.881516
9662 0.911373
9663 0.908508
9664 0.897368
9665 0.790405
9666 0.936115
9667 0.88426
9668 0.88868
9669 0.890027
9670 0.792092
9671 0.988928
9672 0.865268
9673 0.812674
9674 0.852324
9675 0.955453
9676 0.913777
9677 0.861295
9678 0.919654
9679 0.898118
9680 0.7428
9681 0.900753
9682 0.741118
9683 0.866589
9684 0.819472
9685 0.922665
9686 0.996091
9687 0.895199
9688 0.903459
9689 0.839148
9690 0.921936
9691 0.925766
9692 0.90929
9693 0.947588
9694 0.973062
9695 0.913227
9696 0.925466
9697 0.943375
9698 0.917744
9699 0.930048
9700 0.891736
9701 0.819011
9702 0.819906
9703 0.853837
9704 0.888846
9705 0.830688
9706 0.818904
9707 0.904273
9708 0.706777
9709 0.867205
9710 0.931102
9711 0.925699
9712 0.83579
9713 0.838246
9714 0.885219
9715 0.896529
9716 0.939857
9717 0.906373
9718 0.938482
9719 0.82391
9720 0.772408
9721 0.806749
9722 0.805584
9723 0.976672
9724 0.584722
9725 0.937091
9726 0.862514
9727 0.827348
9728 0.888286
9729 0.785873
9730 0.753115
9731 0.878151
9732 0.932295
9733 0.951146
9734 0.808331
9735 0.89503
9736 0.953122
9737 0.79916
9738 0.951495
9739 0.928757
9740 0.90411
9741 0.784577
9742 0.957026
9743 0.772278
9744 0.957154
9745 0.844491
9746 0.910531
9747 0.737702
9748 0.975049
9749 0.88873
9750 0.826224
9751 0.785314
9752 0.885264
9753 0.945188
9754 0.915283
9755 0.876696
9756 0.95593
9757 0.883955
9758 0.905214
9759 0.840308
9760 0.943539
9761 0.958283
9762 0.786934
9763 0.83753
9764 0.968427
9765 0.927398
9766 0.894248
9767 0.940187
9768 0.943317
9769 0.963269
9770 0.811978
9771 0.822624
9772 0.73036
9773 0.902743
9774 0.920967
9775 0.893017
9776 0.931247
9777 0.919221
9778 0.914217
9779 0.89684
9780 0.875686
9781 0.881789
9782 0.932331
9783 0.88207
9784 0.980332
9785 0.880395
9786 0.845281
9787 0.879716
9788 0.939616
9789 0.855778
9790 0.888224
9791 0.82017
9792 0.886536
9793 0.974498
9794 0.763313
9795 0.89216
9796 0.955827
9797 0.8458
9798 0.967976
9799 0.574222
9800 0.976692
9801 0.784219
9802 0.89149
9803 0.946811
9804 0.9525
9805 0.894194
9806 0.833246
9807 0.869078
9808 0.9398
9809 0.852083
9810 0.930443
9811 0.878177
9812 0.919017
9813 0.933248
9814 0.758802
9815 0.919315
9816 0.96641
9817 0.873133
9818 0.938919
9819 0.831802
9820 0.887528
9821 0.931832
9822 0.903188
9823 0.901709
9824 0.837459
9825 0.819224
9826 0.874937
9827 0.860643
9828 0.928814
9829 0.961583
9830 0.912754
9831 0.916716
9832 0.893415
9833 0.875893
9834 0.831149
9835 0.958392
9836 0.873233
9837 0.961786
9838 0.878791
9839 0.778055
9840 0.806835
9841 0.979759
9842 0.780181
9843 0.901035
9844 0.932999
9845 0.866291
9846 0.845013
9847 0.761064
9848 0.928462
9849 0.930958
9850 0.700825
9851 0.9663
9852 0.890809
9853 0.925871
9854 0.674377
9855 0.842738
9856 0.89397
9857 0.906587
9858 0.886167
9859 0.956767
9860 0.975629
9861 0.936099
9862 0.79724
9863 0.924712
9864 0.884151
9865 0.855685
9866 0.913936
9867 0.87824
9868 0.910431
9869 0.944071
9870 0.920036
9871 0.972769
9872 0.858434
9873 0.870579
9874 0.905449
9875 0.820926
9876 0.89603
9877 0.883481
9878 0.936891
9879 0.947996
9880 0.918073
9881 0.918654
9882 0.917526
9883 0.972325
9884 0.722718
9885 0.940014
9886 0.84384
9887 0.977719
9888 0.857173
9889 0.832038
9890 0.917793
9891 0.873954
9892 0.846536
9893 0.82445
9894 0.904647
9895 0.893058
9896 0.897507
9897 0.809916
9898 0.890917
9899 0.913415
9900 0.961692
9901 0.760546
9902 0.89993
9903 0.649227
9904 0.803187
9905 0.866983
9906 0.911211
9907 0.907976
9908 0.900901
9909 0.977994
9910 0.70986
9911 0.955871
9912 0.834953
9913 0.892756
9914 0.862931
9915 0.888231
9916 0.837383
9917 0.908442
9918 0.967375
9919 0.899005
9920 0.916344
9921 0.850534
9922 0.935389
9923 0.772403
9924 0.804907
9925 0.782811
9926 0.886891
9927 0.777228
9928 0.908569
9929 0.979907
9930 0.890782
9931 0.931446
9932 0.868439
9933 0.960711
9934 0.937352
9935 0.840378
9936 0.937451
9937 0.926395
9938 0.775526
9939 0.959511
9940 0.921426
9941 0.790998
9942 0.821023
9943 0.764536
9944 0.951765
9945 0.905928
9946 0.876101
9947 0.955068
9948 0.863184
9949 0.917543
9950 0.813543
9951 0.913641
9952 0.942215
9953 0.918635
9954 0.803089
9955 0.929628
9956 0.931348
9957 0.815261
9958 0.910933
9959 0.876955
9960 0.840541
9961 0.791282
9962 0.822309
9963 0.803799
9964 0.804452
9965 0.782124
9966 0.949189
9967 0.877334
9968 0.98793
9969 0.869022
9970 0.934286
9971 0.794107
9972 0.895692
9973 0.989971
9974 0.877927
9975 0.740427
9976 0.893112
9977 0.901465
9978 0.845708
9979 0.893278
9980 0.961891
9981 0.799377
9982 0.953713
9983 0.777107
9984 0.945048
9985 0.88829
9986 0.775491
9987 0.906435
9988 0.796082
9989 0.970591
9990 0.889604
9991 0.848655
9992 0.896965
9993 0.931155
9994 0.944186
9995 0.945596
9996 0.880177
9997 0.667889
9998 0.924085
9999 0.961006
10000 0.903586
10001 0.857538
10002 0.849626
10003 0.93954
10004 0.778976
10005 0.72978
10006 0.944595
10007 0.85702
10008 0.721869
10009 0.972583
10010 0.873679
10011 0.933844
10012 0.867714
10013 0.957092
10014 0.797467
10015 0.878387
10016 0.95197
10017 0.754599
10018 0.82317
10019 0.836634
10020 0.910865
10021 0.971577
10022 0.741782
10023 0.754563
10024 0.905277
10025 0.858059
10026 0.884176
10027 0.940379
10028 0.242851
10029 0.932167
10030 0.895965
10031 0.797852
10032 0.787811
10033 0.867169
10034 0.905903
10035 0.936825
10036 0.929633
10037 0.83539
10038 0.615783
10039 0.778126
10040 0.842653
10041 0.854915
10042 0.771688
10043 0.918525
10044 0.962678
10045 0.856637
10046 0.893243
10047 0.947913
10048 0.31131
10049 0.927734
10050 0.560379
10051 0.687619
10052 0.826201
10053 0.973932
10054 0.93026
10055 0.807106
10056 0.831016
10057 0.0708511
10058 0.141281
10059 0.861044
10060 0.113593
10061 0.427153
10062 0.130007
10063 0.0591471
10064 0.0652339
10065 0.0285456
10066 0.0306507
10067 0.0132053
10068 0.0557383
10069 0.601991
10070 0.0572663
10071 0.228676
10072 0.0772589
10073 0.00532012
10074 0.0786087
10075 0.0133889
10076 0.123314
10077 0.834412
10078 0.100682
10079 0.2643
10080 0.076631
10081 0.201992
10082 0.283904
10083 0.312758
10084 0.469152
10085 0.277113
10086 0.173982
10087 0.331697
10088 0.279873
10089 0.268944
10090 0.478021
10091 0.44562
10092 0.240201
10093 0.28694
10094 0.259095
10095 0.734184
10096 0.0764456
10097 0.296927
10098 0.101329
10099 0.0876974
10100 0.25965
10101 0.398312
10102 0.0976544
10103 0.265441
10104 0.407726
10105 0.0499605
10106 0.0824383
10107 0.264682
10108 0.00399371
10109 0.159984
10110 0.225176
10111 0.643157
10112 0.506864
10113 0.0517485
10114 0.113491
10115 0.21767
10116 0.119188
10117 0.116303
10118 0.385731
10119 0.418111
10120 0.0240699
10121 0.3222
10122 0.111886
10123 0.333634
10124 0.0130488
10125 0.669708
10126 0.224964
10127 0.235526
10128 0.283764
10129 0.294334
10130 0.302434
10131 0.401391
10132 0.249702
10133 0.596662
10134 0.406913
10135 0.159344
10136 0.317577
10137 0.184847
10138 0.317024
10139 0.477877
10140 0.228108
10141 0.301859
10142 0.59047
10143 0.0684491
10144 0.299518
10145 0.379471
10146 0.366297
10147 0.245892
10148 0.347831
10149 0.0519363
10150 0.0644427
10151 0.135391
10152 0.197473
10153 0.159622
10154 0.159492
10155 0.345913
10156 0.624668
10157 0.235157
10158 0.0525999
10159 0.111459
10160 0.280988
10161 0.243572
10162 0.0645789
10163 0.0056361
10164 0.342571
10165 0.00575802
10166 0.524983
10167 0.860681
10168 0.834073
10169 0.850388
10170 0.939449
10171 0.661932
10172 0.729432
10173 0.905927
10174 0.791635
10175 0.795017
10176 0.903679
10177 0.916622
10178 0.772929
10179 0.929496
10180 0.732811
10181 0.85612
10182 0.787001
10183 0.868407
10184 0.777194
10185 0.680601
10186 0.802709
10187 0.822153
10188 0.889736
10189 0.91903
10190 0.808758
10191 0.825248
10192 0.933126
10193 0.854505
10194 0.638049
10195 0.651124
10196 0.969602
10197 0.735782
10198 0.767815
10199 0.753963
10200 0.931455
10201 0.824466
10202 0.911428
10203 0.715977
10204 0.903747
10205 0.904127
10206 0.884955
10207 0.901771
10208 0.871496
10209 0.893096
10210 0.657734
10211 0.784905
10212 0.849136
10213 0.79244
10214 0.893356
10215 0.91534
10216 0.882642
10217 0.90456
10218 0.869735
10219 0.886386
10220 0.895138
10221 0.843016
10222 0.651363
10223 0.90001
10224 0.795642
10225 0.897714
10226 0.81945
10227 0.87487
10228 0.868023
10229 0.757803
10230 0.840857
10231 0.717602
10232 0.660598
10233 0.0513543
10234 0.0499986
10235 0.0526641
10236 0.053847
10237 0.0548877
10238 0.158425
10239 0.427675
10240 0.0915131
10241 0.1513
10242 0.147766
10243 0.142383
10244 0.538353
10245 0.127496
10246 0.0344867
10247 0.0334613
10248 0.118796
10249 0.109764
10250 0.0324436
10251 0.0315218
10252 0.466068
10253 0.0304527
10254 0.030509
10255 0.0703217
10256 0.0495376
10257 0.0358158
10258 0.0618233
10259 0.0551376
10260 0.0206003
10261 0.764225
10262 0.0541406
10263 0.0565601
10264 0.0633784
10265 0.0173739
10266 0.0587372
10267 0.600565
10268 0.059493
10269 0.0649796
10270 0.0661385
10271 0.0595775
10272 0.0162985
10273 0.0668096
10274 0.0669654
10275 0.0666001
10276 0.0579382
10277 0.0657291
10278 0.0636826
10279 0.622185
10280 0.68931
10281 0.0611185
10282 0.0605384
10283 0.0623119
10284 0.0664962
10285 0.0688597
10286 0.07066
10287 0.0633226
10288 0.0691331
10289 0.0668381
10290 0.0640774
10291 0.0609702
10292 0.0576331
10293 0.0541722
10294 0.050678
10295 0.0559429
10296 0.0390586
10297 0.243753
10298 0.497121
10299 0.0643142
10300 0.0576822
10301 0.032676
10302 0.0695162
10303 0.0659927
10304 0.0334702
10305 0.0748423
10306 0.0754139
10307 0.501596
10308 0.0770832
10309 0.0756337
10310 0.0844975
10311 0.0434889
10312 0.0467667
10313 0.121605
10314 0.05123
10315 0.128034
10316 0.185681
10317 0.18663
10318 0.181565
10319 0.157304
10320 0.351589
10321 0.118287
10322 0.133924
10323 0.149659
10324 0.185655
10325 0.0504287
10326 0.186768
10327 0.0648396
10328 0.0569978
10329 0.176919
10330 0.447896
10331 0.24396
10332 0.187976
10333 0.226793
10334 0.117252
10335 0.300517
10336 0.119489
10337 0.190878
10338 0.227753
10339 0.67343
10340 0.108754
10341 0.207635
10342 0.1546
10343 0.135884
10344 0.338388
10345 0.0814784
10346 0.387064
10347 0.0970595
10348 0.401125
10349 0.146252
10350 0.288764
10351 0.133521
10352 0.0689991
10353 0.0593083
10354 0.196076
10355 0.0653944
10356 0.360191
10357 0.100854
10358 0.0621687
10359 0.0924077
10360 0.0592709
10361 0.0847398
10362 0.139698
10363 0.0776495
10364 0.07087
10365 0.0566367
10366 0.0670236
10367 0.123876
10368 0.0710201
10369 0.108492
10370 0.0542033
10371 0.0647974
10372 0.0635916
10373 0.0605092
10374 0.0944278
10375 0.133319
10376 0.122628
10377 0.0519158
10378 0.0577042
10379 0.0551097
10380 0.0534181
10381 0.393419
10382 0.122023
10383 0.0497295
10384 0.0526691
10385 0.0451393
10386 0.0575741
10387 0.0355515
10388 0.108166
10389 0.0455715
10390 0.0590986
10391 0.0959879
10392 0.0439048
10393 0.0604967
10394 0.668819
10395 0.0423131
10396 0.0617486
10397 0.307542
10398 0.0407803
10399 0.0711154
10400 0.0392942
10401 0.0628358
10402 0.066834
10403 0.0364266
10404 0.0354564
10405 0.0654401
10406 0.0637414
10407 0.0611567
10408 0.034022
10409 0.0323347
10410 0.0644504
10411 0.0600971
10412 0.0336667
10413 0.0649509
10414 0.600261
10415 0.0169443
10416 0.0243689
10417 0.0462653
10418 0.046016
10419 0.756272
10420 0.0236359
10421 0.485314
10422 0.0232366
10423 0.0652939
10424 0.891463
10425 0.0228277
10426 0.0651291
10427 0.0804178
10428 0.022416
10429 0.570217
10430 0.0220071
10431 0.0450185
10432 0.0647414
10433 0.0216051
10434 0.0212129
10435 0.101164
10436 0.0641364
10437 0.0208327
10438 0.020466
10439 0.0290131
10440 0.0201134
10441 0.0197753
10442 0.0194518
10443 0.0191425
10444 0.566013
10445 0.0269624
10446 0.0289518
10447 0.0289538
10448 0.0573176
10449 0.0288717
10450 0.0567313
10451 0.503204
10452 0.0498079
10453 0.504938
10454 0.0508669
10455 0.0530035
10456 0.0547838
10457 0.0561207
10458 0.0470835
10459 0.0569423
10460 0.0572014
10461 0.0568827
10462 0.0915607
10463 0.14587
10464 0.119878
10465 0.0600538
10466 0.147831
10467 0.161337
10468 0.173378
10469 0.461344
10470 0.0627181
10471 0.182942
10472 0.18907
10473 0.0545633
10474 0.191055
10475 0.0696271
10476 0.375947
10477 0.0874806
10478 0.0607956
10479 0.322961
10480 0.148964
10481 0.164421
10482 0.332702
10483 0.378819
10484 0.413557
10485 0.318193
10486 0.335517
10487 0.186202
10488 0.692965
10489 0.125265
10490 0.234123
10491 0.160225
10492 0.158603
10493 0.162966
10494 0.0745672
10495 0.533307
10496 0.255295
10497 0.122322
10498 0.157959
10499 0.0949952
10500 0.23805
10501 0.408202
10502 0.150711
10503 0.0905495
10504 0.123242
10505 0.0924577
10506 0.141126
10507 0.100163
10508 0.0896364
10509 0.116401
10510 0.0765858
10511 0.0814746
10512 0.667111
10513 0.074627
10514 0.0721542
10515 0.118131
10516 0.0735103
10517 0.0688501
10518 0.19918
10519 0.0690026
10520 0.063356
10521 0.0271004
10522 0.0936768
10523 0.190653
10524 0.0570709
10525 0.116653
10526 0.0434642
10527 0.541532
10528 0.0878749
10529 0.0335946
10530 0.20762
10531 0.0164792
10532 0.0163247
10533 0.160248
10534 0.404107
10535 0.240485
10536 0.372105
10537 0.0398182
10538 0.0384927
10539 0.0385347
10540 0.0374766
10541 0.693654
10542 0.0364758
10543 0.0373016
10544 0.098433
10545 0.0361104
10546 0.0968619
10547 0.0980492
10548 0.0957224
10549 0.0771733
10550 0.0962292
10551 0.0338281
10552 0.0972995
10553 0.0267034
10554 0.046169
10555 0.0478713
10556 0.0327271
10557 0.22269
10558 0.0515202
10559 0.0305895
10560 0.0477235
10561 0.639571
10562 0.0253661
10563 0.0435335
10564 0.527905
10565 0.0170468
10566 0.0167028
10567 0.0296786
10568 0.026861
10569 0.0156397
10570 0.0146452
10571 0.0127264
10572 0.0143419
10573 0.0137833
10574 0.0129193
10575 0.0126717
10576 0.0124213
10577 0.0192324
10578 0.521603
10579 0.453837
10580 0.0753053
10581 0.059851
10582 0.0346983
10583 0.0439987
10584 0.045343
10585 0.0466934
10586 0.0480176
10587 0.0492687
10588 0.586335
10589 0.0688242
10590 0.0638129
10591 0.698406
10592 0.0759092
10593 0.140956
10594 0.0938665
10595 0.167165
10596 0.566572
10597 0.131188
10598 0.118787
10599 0.166745
10600 0.205532
10601 0.127129
10602 0.116293
10603 0.495569
10604 0.43429
10605 0.210961
10606 0.106412
10607 0.184538
10608 0.102222
10609 0.0951772
10610 0.0888336
10611 0.17367
10612 0.0999111
10613 0.150887
10614 0.0585301
10615 0.0617225
10616 0.119663
10617 0.113026
10618 0.0642888
10619 0.0660896
10620 0.088539
10621 0.0670536
10622 0.0671951
10623 0.098105
10624 0.0875955
10625 0.0703135
10626 0.081467
10627 0.0666055
10628 0.0654258
10629 0.077782
10630 0.0653093
10631 0.0184196
10632 0.0503835
10633 0.0577173
10634 0.0555783
10635 0.0534772
10636 0.05144
10637 0.0494809
10638 0.0476054
10639 0.0458144
10640 0.0433456
10641 0.0337211
10642 0.0764661
10643 0.0420088
10644 0.044105
10645 0.0752997
10646 0.0424728
10647 0.0737685
10648 0.0409126
10649 0.0300866
10650 0.0719153
10651 0.0394189
10652 0.0697887
10653 0.0292324
10654 0.0379864
10655 0.0674396
10656 0.0366102
10657 0.0649193
10658 0.0791776
10659 0.0350339
10660 0.0352859
10661 0.0622769
10662 0.0340214
10663 0.0340095
10664 0.0758111
10665 0.0595578
10666 0.00873173
10667 0.0327779
10668 0.0330417
10669 0.0378791
10670 0.0568027
10671 0.0320913
10672 0.031588
10673 0.0540469
10674 0.0304376
10675 0.0355553
10676 0.05132
10677 0.0302658
10678 0.0293246
10679 0.0486462
10680 0.0282475
10681 0.0293858
10682 0.033363
10683 0.0460449
10684 0.027575
10685 0.0272049
10686 0.0261955
10687 0.0267693
10688 0.0411135
10689 0.0293628
10690 0.0252186
10691 0.0388011
10692 0.0139567
10693 0.0242732
10694 0.034187
10695 0.0365977
10696 0.461326
10697 0.0222868
10698 0.0224744
10699 0.0136412
10700 0.727547
10701 0.0426076
10702 0.0216197
10703 0.0288851
10704 0.034505
10705 0.0431005
10706 0.607152
10707 0.0192275
10708 0.0199968
10709 0.0304915
10710 0.0262359
10711 0.0299852
10712 0.0265171
10713 0.0294228
10714 0.0267931
10715 0.0288095
10716 0.0190574
10717 0.0281511
10718 0.0193638
10719 0.0274532
10720 0.0196843
10721 0.0525198
10722 0.0267219
10723 0.0200193
10724 0.0203687
10725 0.015605
10726 0.449367
10727 0.0285733
10728 0.0159589
10729 0.0295009
10730 0.0163225
10731 0.0211088
10732 0.0307238
10733 0.0214974
10734 0.0510655
10735 0.031959
10736 0.0218958
10737 0.0332006
10738 0.0223011
10739 0.0344418
10740 0.0221895
10741 0.0356751
10742 0.0231145
10743 0.0319641
10744 0.0235104
10745 0.0380851
10746 0.0242351
10747 0.0238882
10748 0.0485013
10749 0.0250424
10750 0.0242376
10751 0.0571516
10752 0.0245465
10753 0.0186324
10754 0.0601407
10755 0.0248014
10756 0.0631392
10757 0.0250913
10758 0.0697141
10759 0.043338
10760 0.0250094
10761 0.025098
10762 0.0718355
10763 0.0258534
10764 0.0249967
10765 0.0744954
10766 0.407656
10767 0.076959
10768 0.0689986
10769 0.0462607
10770 0.073863
10771 0.0294873
10772 0.0285614
10773 0.0295216
10774 0.0787444
10775 0.0827043
10776 0.0355124
10777 0.0314392
10778 0.0365292
10779 0.0325573
10780 0.0569397
10781 0.0375259
10782 0.0599643
10783 0.0336122
10784 0.0384882
10785 0.0346818
10786 0.0632004
10787 0.0393988
10788 0.0666833
10789 0.0357604
10790 0.0402362
10791 0.0368406
10792 0.0704447
10793 0.0409734
10794 0.0745007
10795 0.0415755
10796 0.0389674
10797 0.0788288
10798 0.0419953
10799 0.0833282
10800 0.0399893
10801 0.040963
10802 0.0877569
10803 0.042163
10804 0.0916558
10805 0.0418691
10806 0.0419645
10807 0.042684
10808 0.0943045
10809 0.0411796
10810 0.0941679
10811 0.0433786
10812 0.0392857
10813 0.0439146
10814 0.0823664
10815 0.176636
10816 0.0442367
10817 0.0345679
10818 0.0442522
10819 0.192677
10820 0.039706
10821 0.172399
10822 0.0437691
10823 0.0422493
10824 0.170983
10825 0.000385511
10826 0.0379133
10827 0.0101815
10828 0.0663333
10829 0.00830573
10830 0.00287318
10831 0.0280486
10832 0.325017
10833 0.0561191
10834 0.0615996
10835 0.00812208
10836 0.00734034
10837 0.564766
10838 0.0900158
10839 0.359134
10840 0.393425
10841 0.0646598
10842 0.00693523
10843 0.0312238
10844 0.141277
10845 0.0577877
10846 0.108173
10847 0.422575
10848 0.000769202
10849 0.0273198
10850 0.0917486
10851 0.108429
10852 0.0160871
10853 0.118606
10854 0.0259147
10855 0.0258772
10856 0.0278225
10857 0.207469
10858 0.00742598
10859 0.00292763
10860 0.256356
10861 0.00142651
10862 0.0625936
10863 0.316862
10864 0.27916
10865 0.0619014
10866 0.00372356
10867 0.66421
10868 0.358127
10869 0.00969211
10870 0.0376883
10871 0.355205
10872 0.308509
10873 0.00180125
10874 0.191768
10875 0.011311
10876 0.201652
10877 0.0110316
10878 0.198328
10879 0.0107596
10880 0.0104948
10881 0.484633
10882 0.010237
10883 0.00998619
10884 0.193019
10885 0.0289365
10886 0.00741122
10887 0.00285516
10888 0.00844793
10889 0.269812
10890 0.00804964
10891 0.00785848
10892 0.00767247
10893 0.316222
10894 0.0496232
10895 0.000879691
10896 0.00459925
10897 0.350481
10898 0.349772
10899 0.0151134
10900 0.000539234
10901 0.00617243
10902 0.297581
10903 0.006031
10904 0.733082
10905 0.00589335
10906 0.287091
10907 0.00575937
10908 0.291101
10909 0.00562895
10910 0.00550199
10911 0.376207
10912 0.120799
10913 0.169629
10914 0.00515128
10915 0.185653
10916 0.00505237
10917 0.0170842
10918 0.291966
10919 0.00458462
10920 0.00229535
10921 0.267791
10922 0.000615332
10923 0.253694
10924 0.0308162
10925 0.00426525
10926 0.00410397
10927 0.176983
10928 0.00402579
10929 0.0317793
10930 0.000502039
10931 0.316124
10932 0.116211
10933 0.0221492
10934 0.303381
10935 0.000330079
10936 0.00392082
10937 0.00406504
10938 0.127083
10939 0.142385
10940 0.00413906
10941 0.0280968
10942 0.172046
10943 0.00420805
10944 0.0360753
10945 0.0371536
10946 0.0381166
10947 0.220091
10948 0.204426
10949 0.00463602
10950 0.0047274
10951 0.00482081
10952 0.0049163
10953 0.00501393
10954 0.00511374
10955 0.091552
10956 0.00521578
10957 0.00982902
10958 0.0482216
10959 0.0493522
10960 0.00587809
10961 0.0144044
10962 0.327645
10963 0.0238935
10964 0.225021
10965 0.0169068
10966 0.0144835
10967 0.00650215
10968 0.272332
10969 0.0066356
10970 0.0067721
10971 0.00691171
10972 0.00705452
10973 0.00720058
10974 0.143446
10975 0.00734998
10976 0.00750278
10977 0.198088
10978 0.21633
10979 0.00765907
10980 0.00781891
10981 0.00798238
10982 0.00814955
10983 0.23841
10984 0.241905
10985 0.00832047
10986 0.00849522
10987 0.00867385
10988 0.0088564
10989 0.30489
10990 0.0595381
10991 0.0569215
10992 0.243204
10993 0.168749
10994 0.0476104
10995 0.0503375
10996 0.0102458
10997 0.266892
10998 0.0480821
10999 0.045535
11000 0.0104599
11001 0.152904
11002 0.0458804
11003 0.0106776
11004 0.0437196
11005 0.0111231
11006 0.0450869
11007 0.193517
11008 0.0414657
11009 0.0216811
11010 0.0751608
11011 0.0869798
11012 0.371017
11013 0.0955011
11014 0.327237
11015 0.193639
11016 0.158396
11017 0.0156837
11018 0.0341174
11019 0.887045
11020 0.0415946
11021 0.161324
11022 0.11077
11023 0.0628832
11024 0.205472
11025 0.165997
11026 0.293873
11027 0.0394652
11028 0.0196083
11029 0.00837423
11030 0.520742
11031 0.0395057
11032 0.0788318
11033 0.00176825
11034 0.0440236
11035 0.157718
11036 0.0374914
11037 0.225603
11038 0.00315495
11039 0.0374575
11040 0.00807435
11041 0.218418
11042 0.0295136
11043 0.193053
11044 0.0015345
11045 0.172346
11046 0.056293
11047 0.218045
11048 0.0131039
11049 0.0122667
11050 0.449859
11051 0.0125425
11052 0.0886244
11053 0.24989
11054 0.0117255
11055 0.0622726
11056 0.0539828
11057 0.0411784
11058 0.0489529
11059 0.0415408
11060 0.0164977
11061 0.0088816
11062 0.0323851
11063 0.0470584
11064 0.00940363
11065 0.0127408
11066 0.00970119
11067 0.0453032
11068 0.0100117
11069 0.0106736
11070 0.0141628
11071 0.036715
11072 0.0208165
11073 0.00809405
11074 0.0149782
11075 0.266042
11076 0.0062283
11077 0.142054
11078 0.330123
11079 0.0602386
11080 0.0161084
11081 0.0679669
11082 0.0675373
11083 0.0173412
11084 0.0186855
11085 0.214399
11086 0.0660492
11087 0.112886
11088 0.0234723
11089 0.203098
11090 0.0752468
11091 0.0317329
11092 0.0589477
11093 0.0379228
11094 0.0605601
11095 0.0264485
11096 0.198351
11097 0.0346791
11098 0.105709
11099 0.0389041
11100 0.0523715
11101 0.0669043
11102 0.0395217
11103 0.141166
11104 0.0488553
11105 0.0283619
11106 0.0693039
11107 0.0768852
11108 0.135132
11109 0.0376343
11110 0.0807149
11111 0.195522
11112 0.307023
11113 0.399981
11114 0.546187
11115 0.43889
11116 0.333192
11117 0.186067
11118 0.767253
11119 0.0173765
11120 0.250194
11121 0.133531
11122 0.228277
11123 0.164559
11124 0.133562
11125 0.119013
11126 0.0988488
11127 0.165802
11128 0.28981
11129 0.199061
11130 0.310249
11131 0.110388
11132 0.147711
11133 0.374552
11134 0.0479601
11135 0.0642649
11136 0.372617
11137 0.0715355
11138 0.322478
11139 0.0638046
11140 0.0651274
11141 0.261284
11142 0.0592379
11143 0.0546084
11144 0.322284
11145 0.344191
11146 0.0520756
11147 0.0650141
11148 0.132198
11149 0.114869
11150 0.652036
11151 0.0568686
11152 0.0599174
11153 0.062943
11154 0.299947
11155 0.0687562
11156 0.255537
11157 0.250729
11158 0.0714476
11159 0.285413
11160 0.391811
11161 0.0755766
11162 0.417128
11163 0.0792273
11164 0.285811
11165 0.303235
11166 0.0816837
11167 0.411319
11168 0.448492
11169 0.679945
11170 0.017319
11171 0.016714
11172 0.0170781
11173 0.0165847
11174 0.0174582
11175 0.627745
11176 0.271762
11177 0.141992
11178 0.0673796
11179 0.363399
11180 0.191063
11181 0.0163672
11182 0.0162417
11183 0.46973
11184 0.0905467
11185 0.461084
11186 0.480863
11187 0.0160385
11188 0.0159163
11189 0.426601
11190 0.655807
11191 0.0157281
11192 0.0156088
11193 0.14193
11194 0.0154358
11195 0.0153191
11196 0.169973
11197 0.0150468
11198 0.290794
11199 0.595087
11200 0.199079
11201 0.0288781
11202 0.21196
11203 0.678906
11204 0.24059
11205 0.254947
11206 0.028782
11207 0.575981
11208 0.335165
11209 0.465145
11210 0.266991
11211 0.291172
11212 0.374237
11213 0.227789
11214 0.391917
11215 0.237201
11216 0.301801
11217 0.289085
11218 0.25408
11219 0.226584
11220 0.866332
11221 0.268966
11222 0.248777
11223 0.312636
11224 0.0726043
11225 0.227761
11226 0.661134
11227 0.0603909
11228 0.194073
11229 0.0745654
11230 0.316037
11231 0.0978868
11232 0.269636
11233 0.23715
11234 0.28736
11235 0.0720025
11236 0.0783834
11237 0.161376
11238 0.0177061
11239 0.084184
11240 0.178132
11241 0.146537
11242 0.239969
11243 0.230206
11244 0.295996
11245 0.273084
11246 0.262874
11247 0.312623
11248 0.88082
11249 0.162092
11250 0.32157
11251 0.854854
11252 0.27495
11253 0.824205
11254 0.186801
11255 0.146956
11256 0.316373
11257 0.0951629
11258 0.10503
11259 0.128712
11260 0.587982
11261 0.15988
11262 0.230706
11263 0.555279
11264 0.611346
11265 0.218122
11266 0.596213
11267 0.191894
11268 0.558025
11269 0.133419
11270 0.227517
11271 0.321275
11272 0.250724
11273 0.111242
11274 0.223803
11275 0.295938
11276 0.190257
11277 0.412382
11278 0.478703
11279 0.160763
11280 0.135669
11281 0.114151
11282 0.095673
11283 0.0783086
11284 0.079568
11285 0.12741
11286 0.0810458
11287 0.018255
11288 0.124185
11289 0.0815964
11290 0.0181017
11291 0.119373
11292 0.315708
11293 0.0813082
11294 0.113355
11295 0.0804817
11296 0.106512
11297 0.512223
11298 0.0283885
11299 0.099189
11300 0.0739256
11301 0.0916813
11302 0.0659046
11303 0.0842245
11304 0.029411
11305 0.0668946
11306 0.0290584
11307 0.0788957
11308 0.0472729
11309 0.382886
11310 0.0297429
11311 0.065757
11312 0.0198245
11313 0.0308579
11314 0.0304443
11315 0.0809714
11316 0.0684942
11317 0.0316111
11318 0.166791
11319 0.109093
11320 0.0477691
11321 0.0505328
11322 0.188055
11323 0.28511
11324 0.250778
11325 0.300785
11326 0.361294
11327 0.0963603
11328 0.212735
11329 0.163208
11330 0.315597
11331 0.261179
11332 0.29977
11333 0.213166
11334 0.201376
11335 0.298395
11336 0.279833
11337 0.283564
11338 0.281473
11339 0.280162
11340 0.292123
11341 0.287257
11342 0.312003
11343 0.301836
11344 0.332387
11345 0.316329
11346 0.272426
11347 0.303341
11348 0.270996
11349 0.259983
11350 0.962611
11351 0.286052
11352 0.308798
11353 0.313189
11354 0.307798
11355 0.296694
11356 0.26463
11357 0.846337
11358 0.285419
11359 0.368062
11360 0.318692
11361 0.318
11362 0.507421
11363 0.269448
11364 0.700994
11365 0.547521
11366 0.583422
11367 0.280669
11368 0.331811
11369 0.477296
11370 0.353274
11371 0.489356
11372 0.320274
11373 0.417746
11374 0.266178
11375 0.696243
11376 0.611421
11377 0.290411
11378 0.326721
11379 0.366641
11380 0.469829
11381 0.29731
11382 0.318482
11383 0.407458
11384 0.309179
11385 0.482487
11386 0.546268
11387 0.642747
11388 0.742495
11389 0.60541
11390 0.313368
11391 0.394547
11392 0.551643
11393 0.384578
11394 0.441715
11395 0.436156
11396 0.592728
11397 0.383756
11398 0.527009
11399 0.151904
11400 0.824956
11401 0.354226
11402 0.269381
11403 0.29197
11404 0.533561
11405 0.272164
11406 0.095943
11407 0.311011
11408 0.263548
11409 0.618531
11410 0.279775
11411 0.660006
11412 0.308811
11413 0.212334
11414 0.161943
11415 0.129312
11416 0.113457
11417 0.328957
11418 0.320867
11419 0.0957837
11420 0.326065
11421 0.291801
11422 0.623699
11423 0.0858512
11424 0.321163
11425 0.326647
11426 0.322385
11427 0.401836
11428 0.327924
11429 0.441982
11430 0.277395
11431 0.313659
11432 0.268946
11433 0.365689
11434 0.304798
11435 0.326693
11436 0.330717
11437 0.315297
11438 0.282862
11439 0.344764
11440 0.284381
11441 0.299114
11442 0.325057
11443 0.92423
11444 0.259488
11445 0.33424
11446 0.324369
11447 0.200272
11448 0.328364
11449 0.344044
11450 0.15704
11451 0.432914
11452 0.317115
11453 0.387069
11454 0.207271
11455 0.272769
11456 0.66268
11457 0.452937
11458 0.25014
11459 0.80502
11460 0.485121
11461 0.342409
11462 0.298153
11463 0.78278
11464 0.462438
11465 0.903047
11466 0.309349
11467 0.31543
11468 0.392799
11469 0.37033
11470 0.468955
11471 0.301897
11472 0.282674
11473 0.481184
11474 0.307273
11475 0.439739
11476 0.339672
11477 0.312423
11478 0.360555
11479 0.312566
11480 0.270671
11481 0.424906
11482 0.300432
11483 0.27527
11484 0.508536
11485 0.464668
11486 0.442492
11487 0.228069
11488 0.43171
11489 0.196613
11490 0.250792
11491 0.191846
11492 0.273002
11493 0.31279
11494 0.269131
11495 0.30935
11496 0.339483
11497 0.331039
11498 0.209118
11499 0.292149
11500 0.077805
11501 0.179781
11502 0.197453
11503 0.188048
11504 0.118583
11505 0.135623
11506 0.29649
11507 0.59154
11508 0.706975
11509 0.223078
11510 0.165742
11511 0.120233
11512 0.112808
11513 0.104698
11514 0.0684234
11515 0.175687
11516 0.163247
11517 0.0881342
11518 0.191175
11519 0.0802501
11520 0.205057
11521 0.0606174
11522 0.072848
11523 0.066
11524 0.0323878
11525 0.0319084
11526 0.249514
11527 0.0524992
11528 0.0644575
11529 0.24467
11530 0.0556074
11531 0.24732
11532 0.0537507
11533 0.242178
11534 0.0331906
11535 0.115696
11536 0.0767588
11537 0.0469846
11538 0.236564
11539 0.0535843
11540 0.689104
11541 0.0579944
11542 0.062758
11543 0.223684
11544 0.0570692
11545 0.186231
11546 0.032041
11547 0.177156
11548 0.192478
11549 0.219687
11550 0.16561
11551 0.180637
11552 0.242333
11553 0.355966
11554 0.251249
11555 0.588367
11556 0.272253
11557 0.335
11558 0.239087
11559 0.141977
11560 0.149989
11561 0.330931
11562 0.282196
11563 0.56659
11564 0.309769
11565 0.158618
11566 0.320935
11567 0.264825
11568 0.290793
11569 0.287993
11570 0.200743
11571 0.331878
11572 0.218585
11573 0.197716
11574 0.222885
11575 0.238005
11576 0.231687
11577 0.217207
11578 0.232554
11579 0.238071
11580 0.207339
11581 0.257445
11582 0.236751
11583 0.29203
11584 0.232539
11585 0.185532
11586 0.160189
11587 0.151252
11588 0.249535
11589 0.792402
11590 0.220361
11591 0.136695
11592 0.195666
11593 0.244767
11594 0.249412
11595 0.206683
11596 0.277295
11597 0.344845
11598 0.311278
11599 0.321994
11600 0.247424
11601 0.288144
11602 0.241692
11603 0.202956
11604 0.164881
11605 0.288481
11606 0.312125
11607 0.178811
11608 0.247631
11609 0.272859
11610 0.14156
11611 0.267661
11612 0.0995648
11613 0.244584
11614 0.0920714
11615 0.196568
11616 0.213924
11617 0.140796
11618 0.167485
11619 0.177641
11620 0.18509
11621 0.234703
11622 0.291974
11623 0.199353
11624 0.324872
11625 0.317893
11626 0.24756
11627 0.308964
11628 0.1802
11629 0.165981
11630 0.290231
11631 0.150484
11632 0.258857
11633 0.944896
11634 0.147492
11635 0.287859
11636 0.207243
11637 0.312411
11638 0.325597
11639 0.218437
11640 0.331497
11641 0.328433
11642 0.286682
11643 0.173128
11644 0.256663
11645 0.163689
11646 0.245766
11647 0.521895
11648 0.21212
11649 0.349486
11650 0.345739
11651 0.946564
11652 0.336308
11653 0.522562
11654 0.251922
11655 0.229564
11656 0.28827
11657 0.37045
11658 0.184281
11659 0.182627
11660 0.358483
11661 0.268416
11662 0.174669
11663 0.0666195
11664 0.356899
11665 0.315631
11666 0.264951
11667 0.348784
11668 0.383593
11669 0.278087
11670 0.347031
11671 0.342744
11672 0.354268
11673 0.555688
11674 0.374327
11675 0.196387
11676 0.0577678
11677 0.236978
11678 0.102032
11679 0.84604
11680 0.149896
11681 0.391945
11682 0.173728
11683 0.156382
11684 0.229524
11685 0.215548
11686 0.412707
11687 0.354002
11688 0.220678
11689 0.28528
11690 0.233063
11691 0.70725
11692 0.157187
11693 0.171147
11694 0.10756
11695 0.368
11696 0.147083
11697 0.35956
11698 0.334473
11699 0.373739
11700 0.194601
11701 0.695147
11702 0.251559
11703 0.360966
11704 0.166919
11705 0.152836
11706 0.31253
11707 0.150985
11708 0.364261
11709 0.155867
11710 0.381671
11711 0.255334
11712 0.4873
11713 0.048016
11714 0.109629
11715 0.14036
11716 0.107855
11717 0.204309
11718 0.122814
11719 0.272444
11720 0.435467
11721 0.328032
11722 0.237866
11723 0.360058
11724 0.249103
11725 0.228644
11726 0.270189
11727 0.177979
11728 0.214654
11729 0.0234553
11730 0.194459
11731 0.201686
11732 0.287809
11733 0.329087
11734 0.300306
11735 0.19842
11736 0.343726
11737 0.311535
11738 0.328332
11739 0.295651
11740 0.297604
11741 0.697806
11742 0.0204184
11743 0.296305
11744 0.210098
11745 0.115444
11746 0.268197
11747 0.0227025
11748 0.0153241
11749 0.0714057
11750 0.174847
11751 0.128646
11752 0.157445
11753 0.0219761
11754 0.280307
11755 0.290948
11756 0.293849
11757 0.301403
11758 0.29676
11759 0.288576
11760 0.148316
11761 0.458327
11762 0.0212756
11763 0.0569815
11764 0.615567
11765 0.0197037
11766 0.289606
11767 0.0624076
11768 0.203088
11769 0.0673001
11770 0.071943
11771 0.155838
11772 0.220826
11773 0.174266
11774 0.227338
11775 0.0818379
11776 0.00451919
11777 0.223297
11778 0.287456
11779 0.0939025
11780 0.282138
11781 0.308318
11782 0.0805984
11783 0.314366
11784 0.228953
11785 0.411911
11786 0.139188
11787 0.172958
11788 0.175168
11789 0.277443
11790 0.303012
11791 0.261709
11792 0.398354
11793 0.238913
11794 0.274268
11795 0.903891
11796 0.509452
11797 0.265359
11798 0.15935
11799 0.303906
11800 0.317156
11801 0.279374
11802 0.314287
11803 0.318682
11804 0.290369
11805 0.721619
11806 0.477816
11807 0.287495
11808 0.747974
11809 0.259997
11810 0.217408
11811 0.280294
11812 0.315302
11813 0.294761
11814 0.305877
11815 0.289644
11816 0.291888
11817 0.31315
11818 0.317486
11819 0.465252
11820 0.62328
11821 0.449589
11822 0.29978
11823 0.313599
11824 0.549399
11825 0.29526
11826 0.21616
11827 0.313036
11828 0.295178
11829 0.316287
11830 0.403436
11831 0.304114
11832 0.250381
11833 0.541294
11834 0.283087
11835 0.424187
11836 0.304211
11837 0.314224
11838 0.210516
11839 0.795041
11840 0.298719
11841 0.445347
11842 0.39066
11843 0.385549
11844 0.326779
11845 0.425543
11846 0.493424
11847 0.347127
11848 0.36603
11849 0.235333
11850 0.332492
11851 0.319122
11852 0.398981
11853 0.346789
11854 0.399096
11855 0.446341
11856 0.459208
11857 0.441281
11858 0.474581
11859 0.387297
11860 0.306547
11861 0.438841
11862 0.84737
11863 0.343411
11864 0.278276
11865 0.422263
11866 0.317406
11867 0.468203
11868 0.343168
11869 0.46455
11870 0.401288
11871 0.364879
11872 0.396943
11873 0.333409
11874 0.30396
11875 0.181079
11876 0.268934
11877 0.395563
11878 0.160609
11879 0.239118
11880 0.161978
11881 0.259361
11882 0.295887
11883 0.056795
11884 0.26861
11885 0.29854
11886 0.225154
11887 0.143325
11888 0.0402632
11889 0.261149
11890 0.184123
11891 0.198723
11892 0.598356
11893 0.420079
11894 0.144321
11895 0.265113
11896 0.177371
11897 0.285851
11898 0.302001
11899 0.216756
11900 0.319073
11901 0.258172
11902 0.332804
11903 0.326456
11904 0.30534
11905 0.323853
11906 0.315723
11907 0.334872
11908 0.294735
11909 0.300309
11910 0.251585
11911 0.325515
11912 0.269511
11913 0.280829
11914 0.299568
11915 0.313872
11916 0.260732
11917 0.331938
11918 0.332962
11919 0.332482
11920 0.31556
11921 0.31582
11922 0.309482
11923 0.284782
11924 0.401104
11925 0.29614
11926 0.324307
11927 0.681517
11928 0.331921
11929 0.617186
11930 0.327748
11931 0.468898
11932 0.288274
11933 0.232683
11934 0.222581
11935 0.297967
11936 0.574657
11937 0.347227
11938 0.157808
11939 0.574043
11940 0.402533
11941 0.536768
11942 0.467537
11943 0.304912
11944 0.596199
11945 0.234717
11946 0.535661
11947 0.326057
11948 0.200269
11949 0.526387
11950 0.274844
11951 0.297525
11952 0.328947
11953 0.350602
11954 0.360996
11955 0.35737
11956 0.295455
11957 0.319728
11958 0.586737
11959 0.263514
11960 0.304131
11961 0.347462
11962 0.513633
11963 0.342035
11964 0.342685
11965 0.335391
11966 0.514779
11967 0.25814
11968 0.370585
11969 0.229793
11970 0.486254
11971 0.547754
11972 0.0510916
11973 0.511131
11974 0.019322
11975 0.0690601
11976 0.378425
11977 0.216285
11978 0.100332
11979 0.208026
11980 0.768885
11981 0.258627
11982 0.203675
11983 0.0494627
11984 0.0759152
11985 0.0721916
11986 0.285171
11987 0.0908652
11988 0.0540531
11989 0.0180361
11990 0.221265
11991 0.053033
11992 0.14893
11993 0.0272693
11994 0.356482
11995 0.594373
11996 0.102948
11997 0.0174187
11998 0.503963
11999 0.427572
12000 0.113036
12001 0.777064
12002 0.0170241
12003 0.14507
12004 0.267606
12005 0.153698
12006 0.303035
12007 0.0166914
12008 0.378652
12009 0.260689
12010 0.447734
12011 0.314592
12012 0.139274
12013 0.313244
12014 0.277121
12015 0.319586
12016 0.315519
12017 0.301975
12018 0.250832
12019 0.303135
12020 0.69889
12021 0.291611
12022 0.642396
12023 0.159237
12024 0.31807
12025 0.277645
12026 0.264424
12027 0.1815
12028 0.253117
12029 0.176069
12030 0.247504
12031 0.242308
12032 0.21118
12033 0.287141
12034 0.281769
12035 0.146444
12036 0.239313
12037 0.305664
12038 0.201802
12039 0.206382
12040 0.316133
12041 0.175613
12042 0.281723
12043 0.101727
12044 0.147608
12045 0.293844
12046 0.892595
12047 0.264526
12048 0.305093
12049 0.227456
12050 0.12795
12051 0.10453
12052 0.123973
12053 0.130215
12054 0.573366
12055 0.315661
12056 0.293576
12057 0.312091
12058 0.311678
12059 0.100889
12060 0.665854
12061 0.294468
12062 0.357551
12063 0.279573
12064 0.0152447
12065 0.283177
12066 0.340487
12067 0.121122
12068 0.341242
12069 0.298141
12070 0.268976
12071 0.068219
12072 0.208165
12073 0.142704
12074 0.0874514
12075 0.572889
12076 0.42506
12077 0.14551
12078 0.132002
12079 0.105562
12080 0.0775259
12081 0.388857
12082 0.459665
12083 0.301849
12084 0.236064
12085 0.838661
12086 0.25955
12087 0.0155854
12088 0.315419
12089 0.0963063
12090 0.19069
12091 0.0149372
12092 0.105584
12093 0.313463
12094 0.221596
12095 0.225866
12096 0.2222
12097 0.248657
12098 0.295907
12099 0.927967
12100 0.726641
12101 0.276758
12102 0.289265
12103 0.300332
12104 0.240903
12105 0.296949
12106 0.0146266
12107 0.310888
12108 0.262744
12109 0.014918
12110 0.317367
12111 0.216484
12112 0.307933
12113 0.229572
12114 0.28455
12115 0.384527
12116 0.0146068
12117 0.261317
12118 0.357487
12119 0.292767
12120 0.840669
12121 0.392219
12122 0.425463
12123 0.397808
12124 0.310302
12125 0.412782
12126 0.256123
12127 0.692729
12128 0.413803
12129 0.750822
12130 0.0879497
12131 0.205121
12132 0.40597
12133 0.0772048
12134 0.196349
12135 0.0676836
12136 0.181012
12137 0.161859
12138 0.0593242
12139 0.141583
12140 0.122104
12141 0.104467
12142 0.267099
12143 0.0957053
12144 0.0877695
12145 0.303593
12146 0.212291
12147 0.0541895
12148 0.0938898
12149 0.19509
12150 0.0556425
12151 0.310161
12152 0.0304608
12153 0.161287
12154 0.214371
12155 0.212586
12156 0.424808
12157 0.297621
12158 0.209739
12159 0.392927
12160 0.61285
12161 0.32922
12162 0.410248
12163 0.440305
12164 0.792576
12165 0.423451
12166 0.493037
12167 0.395654
12168 0.366154
12169 0.254816
12170 0.298507
12171 0.462672
12172 0.341943
12173 0.21469
12174 0.3685
12175 0.41432
12176 0.415496
12177 0.446652
12178 0.440645
12179 0.391634
12180 0.363513
12181 0.36267
12182 0.435492
12183 0.928297
12184 0.46285
12185 0.34869
12186 0.387971
12187 0.231452
12188 0.290192
12189 0.0141016
12190 0.271889
12191 0.425485
12192 0.223655
12193 0.465334
12194 0.447674
12195 0.950134
12196 0.92993
12197 0.0140331
12198 0.219011
12199 0.278023
12200 0.348943
12201 0.0140546
12202 0.408383
12203 0.282099
12204 0.390622
12205 0.390087
12206 0.488743
12207 0.475188
12208 0.435876
12209 0.470294
12210 0.343986
12211 0.351987
12212 0.403582
12213 0.492518
12214 0.302824
12215 0.476968
12216 0.451382
12217 0.228765
12218 0.482235
12219 0.414787
12220 0.416872
12221 0.427333
12222 0.344118
12223 0.354816
12224 0.445432
12225 0.298879
12226 0.500342
12227 0.356884
12228 0.488745
12229 0.4625
12230 0.43108
12231 0.479577
12232 0.437042
12233 0.889308
12234 0.422339
12235 0.385097
12236 0.314558
12237 0.417237
12238 0.602587
12239 0.394252
12240 0.911941
12241 0.287811
12242 0.549676
12243 0.401496
12244 0.288604
12245 0.336919
12246 0.295039
12247 0.345504
12248 0.671443
12249 0.416456
12250 0.246258
12251 0.71759
12252 0.287427
12253 0.311199
12254 0.313626
12255 0.310845
12256 0.316462
12257 0.287923
12258 0.294947
12259 0.287126
12260 0.25619
12261 0.31319
12262 0.210729
12263 0.316753
12264 0.296611
12265 0.416572
12266 0.270076
12267 0.621535
12268 0.280325
12269 0.420667
12270 0.317328
12271 0.333379
12272 0.381111
12273 0.244241
12274 0.289878
12275 0.271271
12276 0.244
12277 0.412296
12278 0.439834
12279 0.261364
12280 0.420373
12281 0.334327
12282 0.361599
12283 0.341799
12284 0.329408
12285 0.421155
12286 0.332919
12287 0.346781
12288 0.399441
12289 0.282676
12290 0.236513
12291 0.228549
12292 0.299844
12293 0.293509
12294 0.359296
12295 0.464701
12296 0.801986
12297 0.407619
12298 0.426176
12299 0.809193
12300 0.496413
12301 0.328538
12302 0.265234
12303 0.375146
12304 0.470528
12305 0.740242
12306 0.446735
12307 0.484636
12308 0.423877
12309 0.350184
12310 0.373643
12311 0.346368
12312 0.378697
12313 0.494318
12314 0.256057
12315 0.323657
12316 0.152741
12317 0.293257
12318 0.227646
12319 0.201309
12320 0.15437
12321 0.854448
12322 0.129572
12323 0.321585
12324 0.0937564
12325 0.420183
12326 0.00775707
12327 0.0732725
12328 0.193424
12329 0.0068024
12330 0.0755768
12331 0.0899845
12332 0.00646357
12333 0.0456891
12334 0.161133
12335 0.0498899
12336 0.172004
12337 0.049925
12338 0.0135762
12339 0.00389834
12340 0.134314
12341 0.00241374
12342 0.00246647
12343 0.00252064
12344 0.00257632
12345 0.00263354
12346 0.00269236
12347 0.00275283
12348 0.002815
12349 0.00287892
12350 0.120026
12351 0.00294467
12352 0.347532
12353 0.00301228
12354 0.00308183
12355 0.125217
12356 0.00315337
12357 0.00322697
12358 0.0033027
12359 0.00338063
12360 0.143154
12361 0.00346081
12362 0.00354334
12363 0.154512
12364 0.00362828
12365 0.149673
12366 0.101484
12367 0.00371571
12368 0.0038057
12369 0.110094
12370 0.106256
12371 0.0879655
12372 0.00409189
12373 0.118252
12374 0.113613
12375 0.00419297
12376 0.00429703
12377 0.0149692
12378 0.00440417
12379 0.050447
12380 0.0541421
12381 0.0553685
12382 0.0560834
12383 0.00488366
12384 0.00541221
12385 0.0559629
12386 0.00570106
12387 0.00585206
12388 0.0514735
12389 0.00600761
12390 0.153644
12391 0.11476
12392 0.048382
12393 0.00633287
12394 0.156021
12395 0.149224
12396 0.141691
12397 0.162763
12398 0.0032381
12399 0.00364181
12400 0.160088
12401 0.00411442
12402 0.162976
12403 0.00467094
12404 0.163672
12405 0.339016
12406 0.00611649
12407 0.378274
12408 0.907808
12409 0.00810021
12410 0.515035
12411 0.0112954
12412 0.259805
12413 0.0134983
12414 0.28283
12415 0.016267
12416 0.29237
12417 0.289981
12418 0.0342654
12419 0.0304567
12420 0.0387794
12421 0.0500507
12422 0.0654397
12423 0.0797825
12424 0.819083
12425 0.183082
12426 0.6152
12427 0.239063
12428 0.31678
12429 0.100518
12430 0.397746
12431 0.33359
12432 0.319565
12433 0.236417
12434 0.0197697
12435 0.00533029
12436 0.353208
12437 0.463594
12438 0.00289135
12439 0.270516
12440 0.3383
12441 0.00259195
12442 0.256774
12443 0.449358
12444 0.0507641
12445 0.295056
12446 0.0125861
12447 0.156009
12448 0.019856
12449 0.583754
12450 0.20554
12451 0.0234088
12452 0.103939
12453 0.0554275
12454 0.227318
12455 0.179897
12456 0.223796
12457 0.0316926
12458 0.208876
12459 0.0806169
12460 0.201425
12461 0.742775
12462 0.0919447
12463 0.133403
12464 0.167184
12465 0.091675
12466 0.183154
12467 0.240247
12468 0.0668553
12469 0.181477
12470 0.510524
12471 0.0494718
12472 0.0776127
12473 0.150872
12474 0.199874
12475 0.0145613
12476 0.192739
12477 0.0109423
12478 0.179435
12479 0.163028
12480 0.171247
12481 0.278428
12482 0.0304513
12483 0.0322756
12484 0.270923
12485 0.0350043
12486 0.158943
12487 0.207466
12488 0.347875
12489 0.0381736
12490 0.0740086
12491 0.0807313
12492 0.0401574
12493 0.550005
12494 0.761778
12495 0.480623
12496 0.605026
12497 0.0983805
12498 0.044318
12499 0.112915
12500 0.114996
12501 0.0576603
12502 0.112997
12503 0.0790648
12504 0.059852
12505 0.0582435
12506 0.111248
12507 0.060704
12508 0.0631081
12509 0.0654213
12510 0.0676047
12511 0.0696157
12512 0.0714087
12513 0.0729366
12514 0.0593625
12515 0.0741522
12516 0.0242142
12517 0.0327276
12518 0.0451495
12519 0.063429
12520 0.0900716
12521 0.262025
12522 0.127056
12523 0.171978
12524 0.22572
12525 0.252865
12526 0.143326
12527 0.17856
12528 0.233028
12529 0.0828089
12530 0.196733
12531 0.232721
12532 0.1642
12533 0.04565
12534 0.22282
12535 0.136994
12536 0.0263413
12537 0.194125
12538 0.164732
12539 0.0162071
12540 0.138923
12541 0.0105709
12542 0.0829311
12543 0.116995
12544 0.00515718
12545 0.0984947
12546 0.0598183
12547 0.054682
12548 0.0040228
12549 0.00546124
12550 0.0978983
12551 0.150551
12552 0.0859644
12553 0.200958
12554 0.00965652
12555 0.046691
12556 0.0929487
12557 0.262004
12558 0.185797
12559 0.297003
12560 0.252615
12561 0.371025
12562 0.154341
12563 0.149723
12564 0.330145
12565 0.369168
12566 0.0442751
12567 0.257783
12568 0.10548
12569 0.0654305
12570 0.199153
12571 0.974929
12572 0.0308322
12573 0.66941
12574 0.0219982
12575 0.119899
12576 0.028559
12577 0.105371
12578 0.094595
12579 0.0171943
12580 0.0684178
12581 0.0109566
12582 0.118116
12583 0.0909587
12584 0.654996
12585 0.0985984
12586 0.0792337
12587 0.106303
12588 0.0920905
12589 0.0238844
12590 0.0232779
12591 0.146817
12592 0.522802
12593 0.107458
12594 0.114569
12595 0.110723
12596 0.111953
12597 0.211078
12598 0.0360472
12599 0.0373219
12600 0.136272
12601 0.0386391
12602 0.172467
12603 0.0400037
12604 0.041421
12605 0.210113
12606 0.0585557
12607 0.202836
12608 0.0618863
12609 0.195717
12610 0.124515
12611 0.115108
12612 0.225991
12613 0.168757
12614 0.226638
12615 0.220728
12616 0.105651
12617 0.096496
12618 0.208493
12619 0.214759
12620 0.209094
12621 0.151698
12622 0.212267
12623 0.221983
12624 0.180954
12625 0.151581
12626 0.218218
12627 0.115019
12628 0.19294
12629 0.0873501
12630 0.144044
12631 0.214924
12632 0.557732
12633 0.0405658
12634 0.817345
12635 0.219784
12636 0.465248
12637 0.225865
12638 0.422261
12639 0.226463
12640 0.221441
12641 0.211247
12642 0.554974
12643 0.196657
12644 0.794237
12645 0.406094
12646 0.358017
12647 0.484108
12648 0.168056
12649 0.325731
12650 0.260853
12651 0.212305
12652 0.390932
12653 0.184145
12654 0.841106
12655 0.123412
12656 0.592733
12657 0.282022
12658 0.537629
12659 0.23135
12660 0.51853
12661 0.910909
12662 0.606643
12663 0.479148
12664 0.594258
12665 0.0865297
12666 0.465323
12667 0.677995
12668 0.635805
12669 0.932023
12670 0.77596
12671 0.277966
12672 0.159048
12673 0.508693
12674 0.156871
12675 0.428546
12676 0.291225
12677 0.15251
12678 0.648021
12679 0.150863
12680 0.284763
12681 0.281173
12682 0.199149
12683 0.264713
12684 0.192979
12685 0.238902
12686 0.17855
12687 0.209321
12688 0.158865
12689 0.392037
12690 0.137153
12691 0.397022
12692 0.674535
12693 0.366165
12694 0.133773
12695 0.362323
12696 0.154386
12697 0.195561
12698 0.175548
12699 0.205204
12700 0.195603
12701 0.153231
12702 0.223754
12703 0.148595
12704 0.150894
12705 0.22788
12706 0.194845
12707 0.115436
12708 0.222843
12709 0.150608
12710 0.213121
12711 0.172334
12712 0.193571
12713 0.196566
12714 0.176672
12715 0.224126
12716 0.157759
12717 0.155572
12718 0.157306
12719 0.211013
12720 0.149388
12721 0.134937
12722 0.124562
12723 0.187834
12724 0.154118
12725 0.166284
12726 0.115844
12727 0.116781
12728 0.144722
12729 0.126591
12730 0.124469
12731 0.0915258
12732 0.0638634
12733 0.0710815
12734 0.124522
12735 0.120292
12736 0.155131
12737 0.12452
12738 0.11767
12739 0.126219
12740 0.109413
12741 0.121635
12742 0.0992975
12743 0.115848
12744 0.108401
12745 0.0918918
12746 0.121932
12747 0.126283
12748 0.127153
12749 0.129888
12750 0.0347381
12751 0.129857
12752 0.127068
12753 0.121819
12754 0.203137
12755 0.277973
12756 0.0875596
12757 0.111628
12758 0.128874
12759 0.0993003
12760 0.129323
12761 0.126029
12762 0.109457
12763 0.708095
12764 0.125504
12765 0.156372
12766 0.0872604
12767 0.166251
12768 0.0998745
12769 0.164808
12770 0.111392
12771 0.14055
12772 0.106123
12773 0.133477
12774 0.0695757
12775 0.121137
12776 0.352578
12777 0.163319
12778 0.0716697
12779 0.292604
12780 0.175108
12781 0.268817
12782 0.243474
12783 0.16852
12784 0.145244
12785 0.195574
12786 0.153935
12787 0.352208
12788 0.154059
12789 0.0785328
12790 0.0679074
12791 0.618251
12792 0.118122
12793 0.148168
12794 0.485363
12795 0.449893
12796 0.120863
12797 0.392329
12798 0.266237
12799 0.355874
12800 0.494904
12801 0.215582
12802 0.168208
12803 0.170335
12804 0.217817
12805 0.50177
12806 0.499194
12807 0.842946
12808 0.626001
12809 0.452415
12810 0.366652
12811 0.554806
12812 0.684059
12813 0.551861
12814 0.539203
12815 0.481406
12816 0.52932
12817 0.445932
12818 0.534214
12819 0.915066
12820 0.354615
12821 0.502349
12822 0.576613
12823 0.53978
12824 0.829693
12825 0.481614
12826 0.468604
12827 0.425731
12828 0.307339
12829 0.457135
12830 0.599407
12831 0.304331
12832 0.437027
12833 0.464853
12834 0.342501
12835 0.368267
12836 0.43596
12837 0.316241
12838 0.311548
12839 0.474893
12840 0.2213
12841 0.34895
12842 0.669356
12843 0.357484
12844 0.223353
12845 0.302366
12846 0.309376
12847 0.652492
12848 0.403267
12849 0.304359
12850 0.0478887
12851 0.372959
12852 0.491764
12853 0.323046
12854 0.445106
12855 0.438787
12856 0.357839
12857 0.412289
12858 0.264866
12859 0.354558
12860 0.27901
12861 0.0775544
12862 0.586689
12863 0.348329
12864 0.400858
12865 0.43284
12866 0.425375
12867 0.421995
12868 0.381462
12869 0.373148
12870 0.259256
12871 0.428853
12872 0.265059
12873 0.381827
12874 0.42467
12875 0.427836
12876 0.430931
12877 0.287327
12878 0.398051
12879 0.503073
12880 0.809542
12881 0.292596
12882 0.419309
12883 0.613444
12884 0.431799
12885 0.283313
12886 0.404846
12887 0.591282
12888 0.177744
12889 0.432421
12890 0.238409
12891 0.569437
12892 0.453675
12893 0.304839
12894 0.599973
12895 0.258803
12896 0.498608
12897 0.618232
12898 0.610065
12899 0.556498
12900 0.946236
12901 0.436284
12902 0.541348
12903 0.386069
12904 0.626828
12905 0.405754
12906 0.262447
12907 0.573437
12908 0.572093
12909 0.747908
12910 0.625834
12911 0.438705
12912 0.529761
12913 0.357505
12914 0.481771
12915 0.867467
12916 0.60742
12917 0.479508
12918 0.608702
12919 0.430328
12920 0.478154
12921 0.551303
12922 0.443026
12923 0.472106
12924 0.560618
12925 0.424251
12926 0.552996
12927 0.507651
12928 0.457832
12929 0.456024
12930 0.494721
12931 0.667017
12932 0.386955
12933 0.230276
12934 0.434837
12935 0.39673
12936 0.547377
12937 0.0134998
12938 0.577381
12939 0.528119
12940 0.505876
12941 0.374454
12942 0.0133381
12943 0.520461
12944 0.268006
12945 0.463941
12946 0.302742
12947 0.417307
12948 0.474105
12949 0.504832
12950 0.352398
12951 0.433991
12952 0.759057
12953 0.311343
12954 0.430575
12955 0.450173
12956 0.41107
12957 0.433691
12958 0.909126
12959 0.345989
12960 0.309539
12961 0.333747
12962 0.279665
12963 0.405123
12964 0.397378
12965 0.498008
12966 0.401237
12967 0.571844
12968 0.405678
12969 0.33616
12970 0.262704
12971 0.192659
12972 0.743514
12973 0.551916
12974 0.218462
12975 0.0252131
12976 0.0306297
12977 0.33903
12978 0.0519437
12979 0.235237
12980 0.392267
12981 0.352607
12982 0.0932933
12983 0.346642
12984 0.298627
12985 0.22746
12986 0.271189
12987 0.330394
12988 0.0912668
12989 0.359303
12990 0.350113
12991 0.10554
12992 0.431952
12993 0.350919
12994 0.281965
12995 0.461609
12996 0.332572
12997 0.139351
12998 0.436302
12999 0.876128
13000 0.283585
13001 0.317646
13002 0.36673
13003 0.440445
13004 0.436026
13005 0.382399
13006 0.381896
13007 0.29973
13008 0.280272
13009 0.0138087
13010 0.0141306
13011 0.409332
13012 0.484452
13013 0.256192
13014 0.261491
13015 0.469107
13016 0.478725
13017 0.465792
13018 0.416669
13019 0.344702
13020 0.38617
13021 0.319059
13022 0.274322
13023 0.219665
13024 0.306493
13025 0.441639
13026 0.273129
13027 0.354578
13028 0.372256
13029 0.195341
13030 0.311718
13031 0.229576
13032 0.203519
13033 0.28971
13034 0.739231
13035 0.190164
13036 0.0144632
13037 0.285527
13038 0.171247
13039 0.038637
13040 0.299437
13041 0.150296
13042 0.295999
13043 0.528931
13044 0.12165
13045 0.27487
13046 0.0241765
13047 0.0873903
13048 0.361835
13049 0.208586
13050 0.0769119
13051 0.335554
13052 0.308695
13053 0.203023
13054 0.311431
13055 0.0259779
13056 0.0962557
13057 0.226834
13058 0.079633
13059 0.819946
13060 0.266539
13061 0.0620013
13062 0.214535
13063 0.0812657
13064 0.288
13065 0.251881
13066 0.278876
13067 0.270507
13068 0.298548
13069 0.181103
13070 0.176842
13071 0.335296
13072 0.274654
13073 0.228562
13074 0.250767
13075 0.29818
13076 0.114547
13077 0.290482
13078 0.251228
13079 0.116285
13080 0.619413
13081 0.539895
13082 0.289079
13083 0.315232
13084 0.118053
13085 0.151929
13086 0.24152
13087 0.15137
13088 0.278237
13089 0.304602
13090 0.214177
13091 0.316723
13092 0.312945
13093 0.26721
13094 0.209067
13095 0.251316
13096 0.160853
13097 0.320736
13098 0.179948
13099 0.250071
13100 0.321811
13101 0.265208
13102 0.305381
13103 0.233136
13104 0.306238
13105 0.196391
13106 0.371073
13107 0.165055
13108 0.312652
13109 0.0866229
13110 0.13051
13111 0.299353
13112 0.124207
13113 0.891906
13114 0.10074
13115 0.127693
13116 0.128884
13117 0.125668
13118 0.120895
13119 0.114926
13120 0.265741
13121 0.325443
13122 0.130515
13123 0.0311668
13124 0.0309602
13125 0.185883
13126 0.078488
13127 0.10132
13128 0.150464
13129 0.0318553
13130 0.0649554
13131 0.496916
13132 0.182249
13133 0.0327745
13134 0.0413007
13135 0.686738
13136 0.0667877
13137 0.301197
13138 0.320947
13139 0.163336
13140 0.324588
13141 0.442901
13142 0.354323
13143 0.10795
13144 0.311495
13145 0.280673
13146 0.26279
13147 0.456565
13148 0.194107
13149 0.271776
13150 0.200212
13151 0.29711
13152 0.314946
13153 0.303182
13154 0.327004
13155 0.322123
13156 0.314963
13157 0.30114
13158 0.267111
13159 0.315721
13160 0.290651
13161 0.488406
13162 0.301708
13163 0.960811
13164 0.321154
13165 0.275017
13166 0.314282
13167 0.293215
13168 0.319687
13169 0.442477
13170 0.257029
13171 0.324956
13172 0.268965
13173 0.319509
13174 0.439739
13175 0.291659
13176 0.315835
13177 0.60589
13178 0.323751
13179 0.284951
13180 0.31375
13181 0.572319
13182 0.296102
13183 0.450817
13184 0.57307
13185 0.520677
13186 0.494776
13187 0.596981
13188 0.345194
13189 0.487962
13190 0.346189
13191 0.338573
13192 0.448027
13193 0.891589
13194 0.283898
13195 0.615391
13196 0.437786
13197 0.306667
13198 0.548645
13199 0.308175
13200 0.400245
13201 0.492675
13202 0.324802
13203 0.305452
13204 0.43967
13205 0.510805
13206 0.488317
13207 0.49593
13208 0.615479
13209 0.643364
13210 0.247622
13211 0.637
13212 0.566343
13213 0.523715
13214 0.274854
13215 0.314645
13216 0.0564059
13217 0.333614
13218 0.268425
13219 0.116788
13220 0.301288
13221 0.199393
13222 0.396723
13223 0.264121
13224 0.192687
13225 0.260756
13226 0.276565
13227 0.90778
13228 0.288367
13229 0.285405
13230 0.262094
13231 0.241524
13232 0.785531
13233 0.272965
13234 0.30672
13235 0.216143
13236 0.28369
13237 0.257215
13238 0.668542
13239 0.320367
13240 0.267684
13241 0.304296
13242 0.319277
13243 0.275801
13244 0.257661
13245 0.314645
13246 0.410255
13247 0.265065
13248 0.277758
13249 0.82605
13250 0.879977
13251 0.304045
13252 0.31044
13253 0.313909
13254 0.304148
13255 0.301393
13256 0.314537
13257 0.428018
13258 0.319162
13259 0.346261
13260 0.305619
13261 0.705935
13262 0.293024
13263 0.300899
13264 0.38203
13265 0.322161
13266 0.465101
13267 0.191906
13268 0.497289
13269 0.975284
13270 0.33557
13271 0.338386
13272 0.179596
13273 0.45119
13274 0.334917
13275 0.404143
13276 0.579307
13277 0.784569
13278 0.173997
13279 0.371798
13280 0.199138
13281 0.413887
13282 0.260071
13283 0.470722
13284 0.469544
13285 0.392304
13286 0.308193
13287 0.453935
13288 0.39524
13289 0.42944
13290 0.40021
13291 0.246491
13292 0.360517
13293 0.245252
13294 0.444963
13295 0.179773
13296 0.445534
13297 0.161119
13298 0.919571
13299 0.427626
13300 0.446201
13301 0.280244
13302 0.240725
13303 0.251677
13304 0.277001
13305 0.15231
13306 0.863427
13307 0.22953
13308 0.186235
13309 0.207993
13310 0.212566
13311 0.164027
13312 0.176182
13313 0.142398
13314 0.74919
13315 0.234223
13316 0.244765
13317 0.0957951
13318 0.0360829
13319 0.0357098
13320 0.240407
13321 0.447944
13322 0.221517
13323 0.0911554
13324 0.196503
13325 0.0552653
13326 0.0810374
13327 0.14235
13328 0.151642
13329 0.148448
13330 0.053112
13331 0.0371725
13332 0.135598
13333 0.0367594
13334 0.092707
13335 0.11914
13336 0.283237
13337 0.0605163
13338 0.269267
13339 0.0563722
13340 0.0383068
13341 0.0378509
13342 0.0726853
13343 0.0540795
13344 0.245748
13345 0.234819
13346 0.278746
13347 0.0394893
13348 0.314065
13349 0.0389876
13350 0.312567
13351 0.316106
13352 0.0407229
13353 0.358001
13354 0.0401716
13355 0.475705
13356 0.306411
13357 0.250302
13358 0.212626
13359 0.26293
13360 0.203133
13361 0.202397
13362 0.571078
13363 0.186088
13364 0.244086
13365 0.574
13366 0.225444
13367 0.194382
13368 0.215974
13369 0.302131
13370 0.287495
13371 0.297982
13372 0.277686
13373 0.257475
13374 0.270292
13375 0.169109
13376 0.229772
13377 0.284811
13378 0.198265
13379 0.287286
13380 0.235207
13381 0.277345
13382 0.247484
13383 0.522526
13384 0.171277
13385 0.290888
13386 0.170519
13387 0.276557
13388 0.159357
13389 0.252729
13390 0.320331
13391 0.138905
13392 0.158785
13393 0.254923
13394 0.143966
13395 0.233573
13396 0.139518
13397 0.23158
13398 0.383004
13399 0.229619
13400 0.187525
13401 0.281632
13402 0.197168
13403 0.344792
13404 0.257641
13405 0.269833
13406 0.27412
13407 0.281282
13408 0.235079
13409 0.279212
13410 0.273789
13411 0.200301
13412 0.159782
13413 0.249613
13414 0.323117
13415 0.375712
13416 0.311381
13417 0.558677
13418 0.193539
13419 0.284803
13420 0.200513
13421 0.243262
13422 0.309559
13423 0.279664
13424 0.316059
13425 0.287032
13426 0.26797
13427 0.254645
13428 0.292448
13429 0.405021
13430 0.332808
13431 0.203
13432 0.296075
13433 0.360142
13434 0.245556
13435 0.298429
13436 0.311615
13437 0.30024
13438 0.269058
13439 0.208185
13440 0.717875
13441 0.311176
13442 0.313713
13443 0.239309
13444 0.400566
13445 0.138748
13446 0.929704
13447 0.323896
13448 0.315401
13449 0.455389
13450 0.202694
13451 0.470815
13452 0.307164
13453 0.215965
13454 0.287076
13455 0.222798
13456 0.292602
13457 0.222142
13458 0.3081
13459 0.214101
13460 0.291028
13461 0.199898
13462 0.655749
13463 0.666012
13464 0.192391
13465 0.321876
13466 0.211722
13467 0.793903
13468 0.235319
13469 0.227725
13470 0.229695
13471 0.217828
13472 0.228264
13473 0.0624216
13474 0.0614913
13475 0.103412
13476 0.272574
13477 0.0526607
13478 0.232476
13479 0.235444
13480 0.272633
13481 0.301242
13482 0.307062
13483 0.224356
13484 0.302948
13485 0.680299
13486 0.275535
13487 0.481238
13488 0.335715
13489 0.18372
13490 0.218274
13491 0.122345
13492 0.218885
13493 0.18483
13494 0.732245
13495 0.197237
13496 0.163744
13497 0.179842
13498 0.283869
13499 0.194773
13500 0.262078
13501 0.207538
13502 0.169131
13503 0.222728
13504 0.232802
13505 0.316883
13506 0.207765
13507 0.315919
13508 0.228711
13509 0.294329
13510 0.632503
13511 0.315034
13512 0.749666
13513 0.220522
13514 0.208627
13515 0.237873
13516 0.229692
13517 0.141958
13518 0.19246
13519 0.161416
13520 0.198386
13521 0.188432
13522 0.203684
13523 0.300158
13524 0.84437
13525 0.261833
13526 0.272821
13527 0.313427
13528 0.0589876
13529 0.293148
13530 0.236847
13531 0.0563971
13532 0.158971
13533 0.255644
13534 0.147934
13535 0.281229
13536 0.125519
13537 0.0583831
13538 0.249743
13539 0.280504
13540 0.282931
13541 0.305375
13542 0.252333
13543 0.313725
13544 0.306894
13545 0.0748961
13546 0.286252
13547 0.269527
13548 0.0816747
13549 0.16606
13550 0.312758
13551 0.161977
13552 0.30065
13553 0.0959628
13554 0.239464
13555 0.10795
13556 0.260551
13557 0.318192
13558 0.120593
13559 0.279728
13560 0.318545
13561 0.228127
13562 0.13071
13563 0.347582
13564 0.300964
13565 0.200966
13566 0.248672
13567 0.268175
13568 0.384772
13569 0.288309
13570 0.276841
13571 0.314805
13572 0.921045
13573 0.324508
13574 0.315788
13575 0.233415
13576 0.320342
13577 0.290977
13578 0.25384
13579 0.309752
13580 0.909433
13581 0.308235
13582 0.313396
13583 0.880578
13584 0.269752
13585 0.43658
13586 0.290083
13587 0.318951
13588 0.318642
13589 0.193602
13590 0.30908
13591 0.323387
13592 0.275785
13593 0.633803
13594 0.296339
13595 0.296756
13596 0.318135
13597 0.287064
13598 0.322346
13599 0.309073
13600 0.265284
13601 0.281291
13602 0.223742
13603 0.235628
13604 0.271764
13605 0.677284
13606 0.305351
13607 0.476785
13608 0.393053
13609 0.174919
13610 0.429056
13611 0.366616
13612 0.308508
13613 0.482722
13614 0.312228
13615 0.714155
13616 0.456837
13617 0.301775
13618 0.29965
13619 0.31753
13620 0.466047
13621 0.729828
13622 0.338578
13623 0.320989
13624 0.332799
13625 0.32856
13626 0.44603
13627 0.430033
13628 0.322311
13629 0.39438
13630 0.407463
13631 0.875399
13632 0.862749
13633 0.443711
13634 0.44672
13635 0.32647
13636 0.409647
13637 0.327737
13638 0.371142
13639 0.444129
13640 0.31578
13641 0.433879
13642 0.453144
13643 0.540853
13644 0.364584
13645 0.401705
13646 0.426233
13647 0.367462
13648 0.466713
13649 0.274044
13650 0.427636
13651 0.333631
13652 0.353285
13653 0.398388
13654 0.476655
13655 0.640355
13656 0.315017
13657 0.264047
13658 0.131642
13659 0.316358
13660 0.0846929
13661 0.120018
13662 0.746691
13663 0.109691
13664 0.196474
13665 0.48925
13666 0.24876
13667 0.581712
13668 0.309026
13669 0.321617
13670 0.322211
13671 0.389237
13672 0.621236
13673 0.204175
13674 0.331772
13675 0.303754
13676 0.319679
13677 0.783239
13678 0.294217
13679 0.328636
13680 0.304431
13681 0.311663
13682 0.336313
13683 0.320751
13684 0.334588
13685 0.309244
13686 0.320792
13687 0.31072
13688 0.257909
13689 0.329933
13690 0.751016
13691 0.311853
13692 0.657507
13693 0.312054
13694 0.496206
13695 0.354868
13696 0.573534
13697 0.256282
13698 0.315079
13699 0.343601
13700 0.454153
13701 0.598794
13702 0.590869
13703 0.26059
13704 0.426969
13705 0.481873
13706 0.694542
13707 0.512168
13708 0.381457
13709 0.518211
13710 0.570653
13711 0.560879
13712 0.417883
13713 0.648233
13714 0.495513
13715 0.487261
13716 0.28686
13717 0.270841
13718 0.374974
13719 0.549577
13720 0.515481
13721 0.539152
13722 0.32495
13723 0.46659
13724 0.511027
13725 0.358352
13726 0.548139
13727 0.560642
13728 0.291665
13729 0.310606
13730 0.508163
13731 0.55432
13732 0.671341
13733 0.0163485
13734 0.0167714
13735 0.115926
13736 0.0623186
13737 0.0488115
13738 0.207933
13739 0.147845
13740 0.0164096
13741 0.334062
13742 0.0646564
13743 0.387042
13744 0.200901
13745 0.047811
13746 0.550378
13747 0.0552713
13748 0.301593
13749 0.0159921
13750 0.124258
13751 0.0697878
13752 0.0657645
13753 0.0617154
13754 0.0160477
13755 0.146784
13756 0.0128498
13757 0.681206
13758 0.293335
13759 0.157746
13760 0.244882
13761 0.0948204
13762 0.261401
13763 0.32327
13764 0.847669
13765 0.315972
13766 0.33223
13767 0.380494
13768 0.331517
13769 0.313583
13770 0.281912
13771 0.328609
13772 0.280954
13773 0.305804
13774 0.289144
13775 0.312653
13776 0.908397
13777 0.331486
13778 0.33323
13779 0.305873
13780 0.163059
13781 0.317166
13782 0.217673
13783 0.285541
13784 0.323731
13785 0.80167
13786 0.265961
13787 0.314265
13788 0.327519
13789 0.238775
13790 0.610955
13791 0.138176
13792 0.146887
13793 0.30432
13794 0.310351
13795 0.505394
13796 0.312161
13797 0.316417
13798 0.116874
13799 0.22156
13800 0.312633
13801 0.296696
13802 0.126437
13803 0.191022
13804 0.294046
13805 0.268625
13806 0.123338
13807 0.178538
13808 0.263534
13809 0.118641
13810 0.129618
13811 0.301806
13812 0.112741
13813 0.640271
13814 0.279542
13815 0.634187
13816 0.266232
13817 0.106015
13818 0.31062
13819 0.164348
13820 0.305014
13821 0.61352
13822 0.284435
13823 0.300155
13824 0.33438
13825 0.899481
13826 0.102022
13827 0.19846
13828 0.237952
13829 0.087519
13830 0.247371
13831 0.136575
13832 0.28605
13833 0.0156915
13834 0.103452
13835 0.279122
13836 0.164332
13837 0.0152958
13838 0.077827
13839 0.235622
13840 0.162771
13841 0.0153451
13842 0.132864
13843 0.35845
13844 0.0149635
13845 0.0747627
13846 0.0150114
13847 0.129086
13848 0.208537
13849 0.087091
13850 0.0146922
13851 0.817028
13852 0.745102
13853 0.330622
13854 0.0143888
13855 0.293022
13856 0.306449
13857 0.297234
13858 0.260965
13859 0.301711
13860 0.261061
13861 0.279481
13862 0.30259
13863 0.37093
13864 0.3101
13865 0.314213
13866 0.458041
13867 0.772847
13868 0.271731
13869 0.391526
13870 0.247848
13871 0.348189
13872 0.205955
13873 0.448083
13874 0.457098
13875 0.429651
13876 0.289297
13877 0.70914
13878 0.443812
13879 0.303772
13880 0.377493
13881 0.461182
13882 0.137693
13883 0.460168
13884 0.42185
13885 0.164806
13886 0.354414
13887 0.384112
13888 0.0941263
13889 0.142928
13890 0.378458
13891 0.443875
13892 0.444828
13893 0.11894
13894 0.0806685
13895 0.227749
13896 0.351704
13897 0.0952883
13898 0.0747005
13899 0.0878318
13900 0.385305
13901 0.425224
13902 0.0817718
13903 0.296734
13904 0.228581
13905 0.0770354
13906 0.268255
13907 0.0801496
13908 0.275932
13909 0.281946
13910 0.0817035
13911 0.293151
13912 0.282532
13913 0.0823219
13914 0.289041
13915 0.263069
13916 0.0827602
13917 0.808021
13918 0.268917
13919 0.0820987
13920 0.271767
13921 0.272873
13922 0.0794597
13923 0.434763
13924 0.232444
13925 0.241545
13926 0.245446
13927 0.0728105
13928 0.196945
13929 0.267803
13930 0.0700799
13931 0.398994
13932 0.261425
13933 0.0671829
13934 0.318237
13935 0.23737
13936 0.351503
13937 0.0485732
13938 0.350006
13939 0.22447
13940 0.0579888
13941 0.326261
13942 0.293485
13943 0.0909433
13944 0.194924
13945 0.804823
13946 0.0464384
13947 0.292803
13948 0.37258
13949 0.0507843
13950 0.249163
13951 0.136045
13952 0.130177
13953 0.310824
13954 0.335063
13955 0.4149
13956 0.382849
13957 0.428893
13958 0.748025
13959 0.425155
13960 0.450021
13961 0.244564
13962 0.260935
13963 0.446379
13964 0.287802
13965 0.414826
13966 0.158229
13967 0.35184
13968 0.608849
13969 0.161516
13970 0.18378
13971 0.157992
13972 0.185641
13973 0.158573
13974 0.151352
13975 0.249119
13976 0.110483
13977 0.123018
13978 0.216789
13979 0.0495403
13980 0.162175
13981 0.15898
13982 0.116951
13983 0.0939844
13984 0.241414
13985 0.681216
13986 0.0872151
13987 0.03476
13988 0.132886
13989 0.0812786
13990 0.15541
13991 0.101885
13992 0.159506
13993 0.0723934
13994 0.0927141
13995 0.0491266
13996 0.16177
13997 0.086252
13998 0.162064
13999 0.715665
14000 0.0806059
14001 0.0673878
14002 0.0404606
14003 0.605325
14004 0.137179
14005 0.0498041
14006 0.0448457
14007 0.0481295
14008 0.149806
14009 0.16527
14010 0.0488772
14011 0.154902
14012 0.74346
14013 0.0471319
14014 0.154622
14015 0.0660317
14016 0.045504
14017 0.0439559
14018 0.156321
14019 0.140985
14020 0.0469895
14021 0.657925
14022 0.1515
14023 0.0653055
14024 0.145866
14025 0.147113
14026 0.0665178
14027 0.138695
14028 0.0675142
14029 0.130285
14030 0.148868
14031 0.0768741
14032 0.0682772
14033 0.120739
14034 0.068793
14035 0.591656
14036 0.148549
14037 0.0688328
14038 0.58013
14039 0.0689179
14040 0.149065
14041 0.146542
14042 0.0687437
14043 0.0683139
14044 0.158463
14045 0.14837
14046 0.157783
14047 0.0488103
14048 0.154655
14049 0.128039
14050 0.135968
14051 0.124384
14052 0.0385391
14053 0.142693
14054 0.266199
14055 0.00946532
14056 0.0572746
14057 0.0425398
14058 0.137353
14059 0.216532
14060 0.265047
14061 0.173479
14062 0.119306
14063 0.158027
14064 0.109412
14065 0.359411
14066 0.175804
14067 0.146259
14068 0.186247
14069 0.121781
14070 0.159193
14071 0.35773
14072 0.147916
14073 0.149918
14074 0.167596
14075 0.142298
14076 0.158817
14077 0.703671
14078 0.155205
14079 0.177145
14080 0.161669
14081 0.163494
14082 0.243302
14083 0.288546
14084 0.156214
14085 0.242251
14086 0.153556
14087 0.241337
14088 0.194534
14089 0.170499
14090 0.233647
14091 0.724076
14092 0.588255
14093 0.59235
14094 0.156716
14095 0.146159
14096 0.223558
14097 0.157771
14098 0.140251
14099 0.226025
14100 0.156441
14101 0.131877
14102 0.221841
14103 0.606786
14104 0.111287
14105 0.695864
14106 0.145704
14107 0.154234
14108 0.173031
14109 0.16055
14110 0.20539
14111 0.180271
14112 0.699952
14113 0.121828
14114 0.0949361
14115 0.177655
14116 0.183168
14117 0.082057
14118 0.115422
14119 0.0750741
14120 0.203476
14121 0.143473
14122 0.467925
14123 0.0686374
14124 0.297619
14125 0.316289
14126 0.0652605
14127 0.0348109
14128 0.0428966
14129 0.274203
14130 0.361588
14131 0.0553016
14132 0.0329104
14133 0.0521494
14134 0.189123
14135 0.370919
14136 0.0324405
14137 0.049118
14138 0.60874
14139 0.0462202
14140 0.200773
14141 0.346661
14142 0.0316951
14143 0.043464
14144 0.186861
14145 0.0419705
14146 0.171296
14147 0.304086
14148 0.040537
14149 0.15503
14150 0.05138
14151 0.0391581
14152 0.350403
14153 0.193151
14154 0.0378284
14155 0.0365429
14156 0.205828
14157 0.0252043
14158 0.035297
14159 0.150973
14160 0.0340872
14161 0.357506
14162 0.0430059
14163 0.0336096
14164 0.329506
14165 0.0501545
14166 0.298703
14167 0.0778966
14168 0.351278
14169 0.366033
14170 0.0521309
14171 0.477384
14172 0.344157
14173 0.0492771
14174 0.322513
14175 0.700841
14176 0.0243696
14177 0.278328
14178 0.154814
14179 0.543018
14180 0.0235672
14181 0.17674
14182 0.280424
14183 0.19008
14184 0.19789
14185 0.0246738
14186 0.174456
14187 0.0618768
14188 0.161771
14189 0.21626
14190 0.024435
14191 0.182835
14192 0.067108
14193 0.202205
14194 0.236375
14195 0.0232523
14196 0.167695
14197 0.53508
14198 0.022556
14199 0.225723
14200 0.0221888
14201 0.132056
14202 0.214117
14203 0.0218113
14204 0.197281
14205 0.021032
14206 0.855518
14207 0.177262
14208 0.0206332
14209 0.166372
14210 0.0202301
14211 0.198606
14212 0.185328
14213 0.0194159
14214 0.201253
14215 0.0818706
14216 0.200981
14217 0.212135
14218 0.019007
14219 0.216395
14220 0.0185981
14221 0.198641
14222 0.213369
14223 0.0181902
14224 0.203531
14225 0.0177839
14226 0.188334
14227 0.0173801
14228 0.169752
14229 0.0169795
14230 0.0670669
14231 0.14105
14232 0.0165825
14233 0.0161897
14234 0.072466
14235 0.0158016
14236 0.191346
14237 0.0154186
14238 0.195879
14239 0.0150411
14240 0.304387
14241 0.195896
14242 0.0146694
14243 0.191843
14244 0.0143038
14245 0.335875
14246 0.182863
14247 0.0139445
14248 0.0135918
14249 0.363851
14250 0.35886
14251 0.304942
14252 0.369614
14253 0.74972
14254 0.00875878
14255 0.382291
14256 0.000912286
14257 0.359541
14258 0.0623996
14259 0.365181
14260 0.0576428
14261 0.357301
14262 0.140715
14263 0.008064
14264 0.303261
14265 0.00668278
14266 0.120494
14267 0.0235783
14268 0.381128
14269 0.360964
14270 0.206908
14271 0.00938579
14272 0.177252
14273 0.00913736
14274 0.00889549
14275 0.178162
14276 0.00866006
14277 0.177228
14278 0.0340068
14279 0.173386
14280 0.00843626
14281 0.179115
14282 0.163494
14283 0.163661
14284 0.00862842
14285 0.144832
14286 0.0553467
14287 0.125396
14288 0.43725
14289 0.00770765
14290 0.00753536
14291 0.159493
14292 0.115989
14293 0.00736692
14294 0.167954
14295 0.00720231
14296 0.171525
14297 0.00704146
14298 0.169649
14299 0.162621
14300 0.133363
14301 0.151482
14302 0.0072592
14303 0.15035
14304 0.139487
14305 0.00742448
14306 0.117271
14307 0.00759337
14308 0.125701
14309 0.14314
14310 0.00776592
14311 0.132584
14312 0.00794215
14313 0.137339
14314 0.113964
14315 0.798563
14316 0.0084931
14317 0.166424
14318 0.0086842
14319 0.222728
14320 0.00887902
14321 0.275487
14322 0.215719
14323 0.00907754
14324 0.232732
14325 0.00927974
14326 0.271465
14327 0.240294
14328 0.00948557
14329 0.236835
14330 0.00969498
14331 0.223086
14332 0.0099079
14333 0.201743
14334 0.0101243
14335 0.176369
14336 0.0103439
14337 0.150243
14338 0.0105668
14339 0.125703
14340 0.0691545
14341 0.207131
14342 0.371717
14343 0.224885
14344 0.250343
14345 0.071877
14346 0.267667
14347 0.321078
14348 0.0713089
14349 0.270775
14350 0.0739383
14351 0.202493
14352 0.694219
14353 0.216451
14354 0.33143
14355 0.210476
14356 0.171466
14357 0.0904241
14358 0.145495
14359 0.0515735
14360 0.0503437
14361 0.0489903
14362 0.0475755
14363 0.0461444
14364 0.0447278
14365 0.00891417
14366 0.210704
14367 0.0414036
14368 0.0426814
14369 0.135209
14370 0.408026
14371 0.0175973
14372 0.441012
14373 0.167858
14374 0.608227
14375 0.0808853
14376 0.202697
14377 0.207066
14378 0.199438
14379 0.41692
14380 0.079884
14381 0.128021
14382 0.1196
14383 0.0813712
14384 0.0813333
14385 0.153326
14386 0.137795
14387 0.122148
14388 0.115397
14389 0.108339
14390 0.0605308
14391 0.0569374
14392 0.150952
14393 0.00928964
14394 0.00474421
14395 0.0773061
14396 0.00855281
14397 0.00837743
14398 0.076642
14399 0.00820558
14400 0.0761601
14401 0.00803722
14402 0.0754695
14403 0.00787234
14404 0.0641501
14405 0.0653394
14406 0.00771091
14407 0.0075529
14408 0.0270134
14409 0.0656538
14410 0.0657917
14411 0.00739825
14412 0.00724694
14413 0.0657511
14414 0.0655327
14415 0.0070989
14416 0.00695411
14417 0.06514
14418 0.935677
14419 0.00681249
14420 0.00667401
14421 0.0638578
14422 0.00653861
14423 0.0629871
14424 0.0483887
14425 0.00640622
14426 0.0619788
14427 0.0062768
14428 0.0608461
14429 0.00615028
14430 0.0596033
14431 0.00602662
14432 0.0582649
14433 0.00590575
14434 0.0568456
14435 0.00578761
14436 0.0553601
14437 0.00567215
14438 0.0538221
14439 0.00555931
14440 0.0536645
14441 0.0533261
14442 0.00544904
14443 0.0535532
14444 0.00534127
14445 0.00523595
14446 0.0536409
14447 0.0535854
14448 0.0331518
14449 0.0530424
14450 0.00493415
14451 0.0317703
14452 0.654284
14453 0.755076
14454 0.00430578
14455 0.00456279
14456 0.0677411
14457 0.00447515
14458 0.0043895
14459 0.0673519
14460 0.253653
14461 0.0290873
14462 0.0285146
14463 0.0675845
14464 0.00414396
14465 0.0866379
14466 0.0666826
14467 0.00398933
14468 0.0662032
14469 0.358556
14470 0.00391461
14471 0.00386093
14472 0.21829
14473 0.00394114
14474 0.274
14475 0.00402327
14476 0.0699395
14477 0.00410736
14478 0.00419345
14479 0.0042816
14480 0.0700864
14481 0.0702077
14482 0.00437185
14483 0.00455883
14484 0.0695557
14485 0.00465566
14486 0.00475479
14487 0.41104
14488 0.00485625
14489 0.0591007
14490 0.00496011
14491 0.0050664
14492 0.0436248
14493 0.0584387
14494 0.00517518
14495 0.00528649
14496 0.0579065
14497 0.0572552
14498 0.00540038
14499 0.0055169
14500 0.0564966
14501 0.00990525
14502 0.0769609
14503 0.00588269
14504 0.0320372
14505 0.00601018
14506 0.0341378
14507 0.00614051
14508 0.00627372
14509 0.00640985
14510 0.00654893
14511 0.006691
14512 0.039094
14513 0.00683607
14514 0.00698417
14515 0.0777318
14516 0.00713531
14517 0.00728951
14518 0.0422722
14519 0.00744677
14520 0.0428925
14521 0.0513209
14522 0.00760709
14523 0.00777046
14524 0.00793687
14525 0.0734822
14526 0.0533804
14527 0.0081063
14528 0.0777537
14529 0.0748378
14530 0.0082787
14531 0.0755384
14532 0.00845403
14533 0.0517765
14534 0.00863224
14535 0.119287
14536 0.0758676
14537 0.00881326
14538 0.486445
14539 0.0600701
14540 0.00918337
14541 0.051602
14542 0.00937226
14543 0.0511924
14544 0.00956353
14545 0.0532589
14546 0.0599428
14547 0.00975703
14548 0.0555104
14549 0.297016
14550 0.612318
14551 0.0613419
14552 0.0093769
14553 0.581253
14554 0.0617544
14555 0.00963713
14556 0.0182044
14557 0.123118
14558 0.0341587
14559 0.0383803
14560 0.0163498
14561 0.103232
14562 0.0375834
14563 0.348675
14564 0.110626
14565 0.0186396
14566 0.116947
14567 0.130737
14568 0.0707787
14569 0.212645
14570 0.230556
14571 0.043722
14572 0.0912571
14573 0.225283
14574 0.0886969
14575 0.0942956
14576 0.102072
14577 0.107875
14578 0.110885
14579 0.149159
14580 0.552095
14581 0.0268519
14582 0.0549631
14583 0.21125
14584 0.0702348
14585 0.269874
14586 0.166919
14587 0.0551982
14588 0.0305761
14589 0.163223
14590 0.688961
14591 0.645004
14592 0.0954119
14593 0.0174626
14594 0.0171256
14595 0.0884131
14596 0.0304617
14597 0.0315379
14598 0.0291151
14599 0.0316483
14600 0.0554579
14601 0.0349049
14602 0.0360834
14603 0.0372978
14604 0.0385547
14605 0.0398623
14606 0.04123
14607 0.0688699
14608 0.0583908
14609 0.051756
14610 0.126002
14611 0.0749688
14612 0.107782
14613 0.0884942
14614 0.43052
14615 0.192036
14616 0.112861
14617 0.123757
14618 0.130169
14619 0.0512703
14620 0.223535
14621 0.263687
14622 0.349888
14623 0.24814
14624 0.0178517
14625 0.878004
14626 0.517903
14627 0.63268
14628 0.0243105
14629 0.0249054
14630 0.0254997
14631 0.0237167
14632 0.0260917
14633 0.0266795
14634 0.0241946
14635 0.0272608
14636 0.0278336
14637 0.0226505
14638 0.0283954
14639 0.0219199
14640 0.0289438
14641 0.021216
14642 0.0294763
14643 0.0205379
14644 0.0299904
14645 0.0267055
14646 0.226889
14647 0.0304832
14648 0.0309522
14649 0.0313948
14650 0.0409882
14651 0.0318082
14652 0.0416779
14653 0.0321899
14654 0.0325375
14655 0.0328488
14656 0.0331214
14657 0.0422957
14658 0.0333536
14659 0.0335437
14660 0.0336903
14661 0.0337923
14662 0.0432908
14663 0.276033
14664 0.744006
14665 0.8081
14666 0.679907
14667 0.874899
14668 0.855511
14669 0.872346
14670 0.951342
14671 0.794192
14672 0.950379
14673 0.780452
14674 0.753737
14675 0.276858
14676 0.320442
14677 0.258319
14678 0.20315
14679 0.866406
14680 0.915818
14681 0.692695
14682 0.884784
14683 0.757045
14684 0.895404
14685 0.75198
14686 0.874259
14687 0.729432
14688 0.898964
14689 0.919618
14690 0.885991
14691 0.889332
14692 0.896997
14693 0.92587
14694 0.911719
14695 0.908742
14696 0.91397
14697 0.93665
14698 0.92474
14699 0.903569
14700 0.89055
14701 0.953303
14702 0.738266
14703 0.715489
14704 0.724015
14705 0.910453
14706 0.828993
14707 0.884124
14708 0.844659
14709 0.729432
14710 0.754506
14711 0.813083
14712 0.776337
14713 0.68405
14714 0.799583
14715 0.860606
14716 0.569931
14717 0.806186
14718 0.896094
14719 0.885008
14720 0.827059
14721 0.802271
14722 0.829782
14723 0.752086
14724 0.886901
14725 0.729432
14726 0.883829
14727 0.828867
14728 0.917408
14729 0.914688
14730 0.970684
14731 0.851648
14732 0.763183
14733 0.918205
14734 0.750088
14735 0.871144
14736 0.776676
14737 0.833057
14738 0.826087
14739 0.862161
14740 0.888602
14741 0.83335
14742 0.858062
14743 0.84153
14744 0.819052
14745 0.923183
14746 0.727087
14747 0.702335
14748 0.804401
14749 0.754864
14750 0.69518
14751 0.854414
14752 0.806934
14753 0.857137
14754 0.922002
14755 0.931139
14756 0.85364
14757 0.660945
14758 0.93797
14759 0.880405
14760 0.793911
14761 0.926822
14762 0.942003
14763 0.864809
14764 0.96539
14765 0.850735
14766 0.884655
14767 0.772191
14768 0.89166
14769 0.814743
14770 0.840763
14771 0.927293
14772 0.936326
14773 0.812422
14774 0.950456
14775 0.923899
14776 0.900942
14777 0.901232
14778 0.800765
14779 0.824035
14780 0.710907
14781 0.814065
14782 0.910385
14783 0.90504
14784 0.896648
14785 0.813607
14786 0.874454
14787 0.834576
14788 0.838081
14789 0.764122
14790 0.818239
14791 0.874595
14792 0.830908
14793 0.862439
14794 0.909748
14795 0.953738
14796 0.777675
14797 0.903759
14798 0.869739
14799 0.786121
14800 0.903311
14801 0.910857
14802 0.853822
14803 0.933091
14804 0.947491
14805 0.705494
14806 0.887473
14807 0.832517
14808 0.956324
14809 0.934352
14810 0.885799
14811 0.915316
14812 0.948626
14813 0.925937
14814 0.919276
14815 0.890398
14816 0.838901
14817 0.903875
14818 0.79839
14819 0.799835
14820 0.571841
14821 0.839887
14822 0.691505
14823 0.905975
14824 0.849774
14825 0.877919
14826 0.768696
14827 0.74362
14828 0.737114
14829 0.871296
14830 0.875026
14831 0.849159
14832 0.854511
14833 0.669369
14834 0.861309
14835 0.858989
14836 0.877806
14837 0.920774
14838 0.887114
14839 0.902962
14840 0.716758
14841 0.914616
14842 0.870357
14843 0.872437
14844 0.928159
14845 0.858255
14846 0.819105
14847 0.682514
14848 0.882841
14849 0.889943
14850 0.85179
14851 0.848406
14852 0.542827
14853 0.781538
14854 0.823435
14855 0.736208
14856 0.820357
14857 0.534371
14858 0.734218
14859 0.591911
14860 0.75567
14861 0.758981
14862 0.829336
14863 0.84441
14864 0.882705
14865 0.577294
14866 0.793528
14867 0.820141
14868 0.708134
14869 0.870679
14870 0.62146
14871 0.918787
14872 0.933165
14873 0.822689
14874 0.79215
14875 0.710416
14876 0.712844
14877 0.904314
14878 0.854463
14879 0.774309
14880 0.882911
14881 0.935604
14882 0.820812
14883 0.810497
14884 0.779838
14885 0.80239
14886 0.920778
14887 0.928785
14888 0.836123
14889 0.787172
14890 0.883388
14891 0.885003
14892 0.923178
14893 0.801578
14894 0.708567
14895 0.907676
14896 0.92063
14897 0.844102
14898 0.813809
14899 0.785009
14900 0.837058
14901 0.753407
14902 0.723786
14903 0.882999
14904 0.671986
14905 0.731767
14906 0.96633
14907 0.894864
14908 0.896139
14909 0.849336
14910 0.91161
14911 0.923345
14912 0.889305
14913 0.879626
14914 0.59432
14915 0.843825
14916 0.832766
14917 0.928476
14918 0.816309
14919 0.922894
14920 0.86931
14921 0.878325
14922 0.71675
14923 0.732814
14924 0.634991
14925 0.932618
14926 0.899316
14927 0.930597
14928 0.925882
14929 0.877091
14930 0.723714
14931 0.837412
14932 0.839991
14933 0.757905
14934 0.856626
14935 0.724359
14936 0.778136
14937 0.858589
14938 0.87648
14939 0.838929
14940 0.811547
14941 0.891755
14942 0.711619
14943 0.910386
14944 0.665221
14945 0.92931
14946 0.838481
14947 0.864417
14948 0.789412
14949 0.853607
14950 0.915292
14951 0.867734
14952 0.723226
14953 0.655108
14954 0.828047
14955 0.84853
14956 0.867409
14957 0.801263
14958 0.824416
14959 0.769934
14960 0.726606
14961 0.820084
14962 0.844754
14963 0.928175
14964 0.877429
14965 0.920472
14966 0.720491
14967 0.905102
14968 0.759245
14969 0.660144
14970 0.842111
14971 0.856629
14972 0.830342
14973 0.889472
14974 0.759311
14975 0.856542
14976 0.827783
14977 0.816958
14978 0.651961
14979 0.872051
14980 0.934073
14981 0.866917
14982 0.808196
14983 0.831417
14984 0.738653
14985 0.897964
14986 0.91027
14987 0.902007
14988 0.853041
14989 0.91717
14990 0.795555
14991 0.823913
14992 0.861133
14993 0.915827
14994 0.604185
14995 0.799058
14996 0.773814
14997 0.798899
14998 0.855649
14999 0.853129
15000 0.896406
15001 0.671131
15002 0.765249
15003 0.86285
15004 0.904693
15005 0.836371
15006 0.792436
15007 0.809282
15008 0.890671
15009 0.919433
15010 0.946615
15011 0.923104
15012 0.773431
15013 0.860855
15014 0.779081
15015 0.828297
15016 0.915383
15017 0.686475
15018 0.779255
15019 0.787147
15020 0.697227
15021 0.760455
15022 0.724439
15023 0.712792
15024 0.785022
15025 0.804549
15026 0.85768
15027 0.781175
15028 0.888838
15029 0.747272
15030 0.724838
15031 0.854636
15032 0.835647
15033 0.777679
15034 0.789287
15035 0.815107
15036 0.853588
15037 0.808349
15038 0.751592
15039 0.727937
15040 0.799889
15041 0.709415
15042 0.693547
15043 0.779444
15044 0.764556
15045 0.900991
15046 0.860996
15047 0.815196
15048 0.853419
15049 0.924073
15050 0.683625
15051 0.794401
15052 0.724794
15053 0.744842
15054 0.796793
15055 0.754202
15056 0.814788
15057 0.733621
15058 0.733967
15059 0.740406
15060 0.778904
15061 0.788773
15062 0.753237
15063 0.94561
15064 0.955957
15065 0.706845
15066 0.874622
15067 0.692188
15068 0.970208
15069 0.731584
15070 0.784804
15071 0.699627
15072 0.65637
15073 0.821477
15074 0.742522
15075 0.817388
15076 0.856564
15077 0.740271
15078 0.732457
15079 0.690921
15080 0.739739
15081 0.755696
15082 0.765452
15083 0.899912
15084 0.947474
15085 0.961127
15086 0.733385
15087 0.743089
15088 0.746933
15089 0.911248
15090 0.904096
15091 0.770504
15092 0.927219
15093 0.886918
15094 0.859325
15095 0.887157
15096 0.947835
15097 0.930029
15098 0.918154
15099 0.91482
15100 0.722878
15101 0.719379
15102 0.672357
15103 0.895634
15104 0.935294
15105 0.931319
15106 0.807704
15107 0.890832
15108 0.729432
15109 0.918741
15110 0.881304
15111 0.852331
15112 0.839945
15113 0.826045
15114 0.831099
15115 0.827791
15116 0.686502
15117 0.729432
15118 0.914575
15119 0.816069
15120 0.774774
15121 0.877455
15122 0.950578
15123 0.895035
15124 0.9486
15125 0.952444
15126 0.775749
15127 0.898565
15128 0.864869
15129 0.77607
15130 0.840642
15131 0.816188
15132 0.91592
15133 0.841627
15134 0.937403
15135 0.916753
15136 0.806375
15137 0.820579
15138 0.800033
15139 0.899679
15140 0.717928
15141 0.757161
15142 0.70437
15143 0.881706
15144 0.894091
15145 0.815421
15146 0.927233
15147 0.960338
15148 0.767176
15149 0.811657
15150 0.783775
15151 0.936998
15152 0.929675
15153 0.828528
15154 0.805554
15155 0.80461
15156 0.853406
15157 0.901644
15158 0.920665
15159 0.872239
15160 0.910138
15161 0.782544
15162 0.901546
15163 0.887271
15164 0.876493
15165 0.704742
15166 0.8586
15167 0.783367
15168 0.947908
15169 0.902236
15170 0.642013
15171 0.642757
15172 0.86951
15173 0.936928
15174 0.896075
15175 0.915094
15176 0.810379
15177 0.930871
15178 0.894667
15179 0.896339
15180 0.918913
15181 0.286808
15182 0.873405
15183 0.906412
15184 0.888492
15185 0.892379
15186 0.860727
15187 0.72055
15188 0.650831
15189 0.898231
15190 0.859766
15191 0.887666
15192 0.653919
15193 0.72112
15194 0.813375
15195 0.862189
15196 0.70511
15197 0.746822
15198 0.690917
15199 0.831624
15200 0.65415
15201 0.745458
15202 0.745443
15203 0.728784
15204 0.829535
15205 0.843032
15206 0.787769
15207 0.827188
15208 0.806307
15209 0.858234
15210 0.915762
15211 0.698237
15212 0.844897
15213 0.858708
15214 0.892121
15215 0.811653
15216 0.88254
15217 0.655575
15218 0.839491
15219 0.82477
15220 0.811804
15221 0.84607
15222 0.890591
15223 0.884068
15224 0.857714
15225 0.93315
15226 0.854339
15227 0.837756
15228 0.858887
15229 0.848823
15230 0.765846
15231 0.758459
15232 0.693092
15233 0.866453
15234 0.725404
15235 0.730147
15236 0.782552
15237 0.726927
15238 0.654827
15239 0.923661
15240 0.755631
15241 0.91016
15242 0.894896
15243 0.697468
15244 0.679872
15245 0.710104
15246 0.828845
15247 0.700764
15248 0.775693
15249 0.855239
15250 0.849994
15251 0.937864
15252 0.636153
15253 0.686516
15254 0.845157
15255 0.789351
15256 0.859723
15257 0.761487
15258 0.766371
15259 0.889276
15260 0.808322
15261 0.805337
15262 0.849023
15263 0.812185
15264 0.791889
15265 0.798859
15266 0.729432
15267 0.89866
15268 0.790044
15269 0.88571
15270 0.853284
15271 0.816127
15272 0.912909
15273 0.946255
15274 0.883853
15275 0.73896
15276 0.669429
15277 0.76628
15278 0.821691
15279 0.652351
15280 0.830194
15281 0.862715
15282 0.77333
15283 0.954508
15284 0.801818
15285 0.83188
15286 0.738307
15287 0.795954
15288 0.832199
15289 0.684929
15290 0.908608
15291 0.857843
15292 0.742477
15293 0.663647
15294 0.843755
15295 0.811888
15296 0.914449
15297 0.912729
15298 0.886917
15299 0.771289
15300 0.940813
15301 0.919718
15302 0.829939
15303 0.82561
15304 0.957019
15305 0.785479
15306 0.905382
15307 0.869034
15308 0.870135
15309 0.92969
15310 0.891694
15311 0.643268
15312 0.821217
15313 0.871795
15314 0.853175
15315 0.809936
15316 0.917639
15317 0.637292
15318 0.819025
15319 0.788232
15320 0.914745
15321 0.882402
15322 0.797688
15323 0.767582
15324 0.0437456
15325 0.0453251
15326 0.0405482
15327 0.0468745
15328 0.038953
15329 0.0483793
15330 0.0429123
15331 0.0487827
15332 0.0483674
15333 0.0498243
15334 0.0490142
15335 0.0477773
15336 0.051193
15337 0.049057
15338 0.0470245
15339 0.0327967
15340 0.0524691
15341 0.0489101
15342 0.046124
15343 0.0342886
15344 0.0536357
15345 0.0485769
15346 0.0450925
15347 0.0546768
15348 0.0557721
15349 0.0480646
15350 0.0439482
15351 0.0555769
15352 0.0564883
15353 0.0473841
15354 0.0427094
15355 0.056322
15356 0.0570267
15357 0.0465491
15358 0.0413946
15359 0.0192558
15360 0.0568999
15361 0.0573799
15362 0.0455756
15363 0.0400212
15364 0.0357087
15365 0.0573006
15366 0.0575438
15367 0.0444812
15368 0.0386059
15369 0.0371639
15370 0.0575168
15371 0.0453661
15372 0.0472307
15373 0.0451784
15374 0.139785
15375 0.05303
15376 0.0937549
15377 0.103089
15378 0.112077
15379 0.12021
15380 0.126955
15381 0.131817
15382 0.134431
15383 0.134613
15384 0.132399
15385 0.128025
15386 0.121881
15387 0.11444
15388 0.106184
15389 0.805117
15390 0.151583
15391 0.0762219
15392 0.765806
15393 0.884074
15394 0.79017
15395 0.610526
15396 0.789509
15397 0.769738
15398 0.659214
15399 0.673973
15400 0.893118
15401 0.876847
15402 0.801971
15403 0.897975
15404 0.603508
15405 0.888106
15406 0.892194
15407 0.942829
15408 0.83514
15409 0.861636
15410 0.871522
15411 0.831409
15412 0.786763
15413 0.85322
15414 0.938234
15415 0.81736
15416 0.766175
15417 0.749076
15418 0.835308
15419 0.687164
15420 0.919754
15421 0.786886
15422 0.872765
15423 0.686444
15424 0.88942
15425 0.775161
15426 0.865142
15427 0.880659
15428 0.849037
15429 0.904872
15430 0.816333
15431 0.598124
15432 0.979796
15433 0.978358
15434 0.935764
15435 0.777691
15436 0.725912
15437 0.919287
15438 0.80872
15439 0.880184
15440 0.641428
15441 0.784417
15442 0.740506
15443 0.771053
15444 0.717251
15445 0.562929
15446 0.889114
15447 0.776186
15448 0.723106
15449 0.550226
15450 0.873893
15451 0.855429
15452 0.733813
15453 0.659754
15454 0.815968
15455 0.797701
15456 0.808958
15457 0.699774
15458 0.800521
15459 0.862046
15460 0.726299
15461 0.820018
15462 0.730582
15463 0.852092
15464 0.402755
15465 0.456296
15466 0.862299
15467 0.7918
15468 0.808493
15469 0.875853
15470 0.871156
15471 0.693871
15472 0.933713
15473 0.941146
15474 0.890827
15475 0.938704
15476 0.77614
15477 0.927735
15478 0.886227
15479 0.735743
15480 0.944007
15481 0.729432
15482 0.823685
15483 0.914866
15484 0.866759
15485 0.865169
15486 0.870602
15487 0.853927
15488 0.899716
15489 0.842845
15490 0.728751
15491 0.883546
15492 0.842171
15493 0.933287
15494 0.961346
15495 0.886402
15496 0.867829
15497 0.843327
15498 0.908957
15499 0.92421
15500 0.775807
15501 0.792877
15502 0.901538
15503 0.941624
15504 0.828642
15505 0.849356
15506 0.860057
15507 0.864728
15508 0.934362
15509 0.802584
15510 0.969816
15511 0.81433
15512 0.81278
15513 0.813338
15514 0.83755
15515 0.860862
15516 0.80787
15517 0.917663
15518 0.771581
15519 0.975588
15520 0.772095
15521 0.751257
15522 0.941158
15523 0.929891
15524 0.816808
15525 0.923679
15526 0.881622
15527 0.888861
15528 0.876346
15529 0.815714
15530 0.685448
15531 0.862264
15532 0.871893
15533 0.66104
15534 0.891352
15535 0.859085
15536 0.86052
15537 0.825321
15538 0.929348
15539 0.671235
15540 0.875288
15541 0.843454
15542 0.962684
15543 0.642067
15544 0.860589
15545 0.771391
15546 0.916001
15547 0.889659
15548 0.931135
15549 0.861994
15550 0.91015
15551 0.937128
15552 0.861957
15553 0.840864
15554 0.880981
15555 0.941952
15556 0.930713
15557 0.949228
15558 0.893059
15559 0.930438
15560 0.918236
15561 0.834753
15562 0.865265
15563 0.851531
15564 0.847981
15565 0.788592
15566 0.842693
15567 0.905529
15568 0.922387
15569 0.853054
15570 0.982597
15571 0.929907
15572 0.866437
15573 0.927602
15574 0.813343
15575 0.898039
15576 0.730396
15577 0.805918
15578 0.865899
15579 0.922335
15580 0.881073
15581 0.90328
15582 0.857879
15583 0.84874
15584 0.896951
15585 0.68911
15586 0.8538
15587 0.784938
15588 0.858002
15589 0.78232
15590 0.779837
15591 0.814911
15592 0.972325
15593 0.727971
15594 0.783506
15595 0.635315
15596 0.800481
15597 0.85663
15598 0.653127
15599 0.692279
15600 0.678707
15601 0.701058
15602 0.872745
15603 0.642515
15604 0.838179
15605 0.899589
15606 0.768298
15607 0.731706
15608 0.798454
15609 0.873649
15610 0.629171
15611 0.881706
15612 0.596895
15613 0.809954
15614 0.770583
15615 0.834559
15616 0.741494
15617 0.865462
15618 0.874223
15619 0.784504
15620 0.86478
15621 0.772171
15622 0.879191
15623 0.84595
15624 0.813489
15625 0.890032
15626 0.917976
15627 0.825949
15628 0.819925
15629 0.693131
15630 0.910783
15631 0.932921
15632 0.890367
15633 0.942631
15634 0.835114
15635 0.822824
15636 0.872604
15637 0.805958
15638 0.877919
15639 0.926441
15640 0.918582
15641 0.752607
15642 0.909536
15643 0.841898
15644 0.751713
15645 0.883699
15646 0.935681
15647 0.820126
15648 0.855548
15649 0.89784
15650 0.901821
15651 0.814837
15652 0.901893
15653 0.92598
15654 0.0438211
15655 0.287622
15656 0.00818968
15657 0.0348699
15658 0.0441062
15659 0.0435177
15660 0.0450006
15661 0.0439299
15662 0.435444
15663 0.0436571
15664 0.0400276
15665 0.0424517
15666 0.0428353
15667 0.0449858
15668 0.0476221
15669 0.0402336
15670 0.0503491
15671 0.0370758
15672 0.053151
15673 0.0664212
15674 0.0560071
15675 0.0382792
15676 0.0588917
15677 0.0406855
15678 0.0617733
15679 0.0431796
15680 0.0646148
15681 0.0457874
15682 0.0673737
15683 0.0700028
15684 0.0724516
15685 0.0357912
15686 0.0746675
15687 0.0371061
15688 0.0765984
15689 0.0384328
15690 0.0781954
15691 0.0397654
15692 0.0794151
15693 0.0410973
15694 0.0802227
15695 0.0805943
15696 0.0437291
15697 0.0805186
15698 0.0450121
15699 0.0799975
15700 0.0790465
15701 0.081108
15702 0.0776931
15703 0.0486146
15704 0.0759751
15705 0.0496986
15706 0.073938
15707 0.0507061
15708 0.0716322
15709 0.0516263
15710 0.0691104
15711 0.0524485
15712 0.0664249
15713 0.0531628
15714 0.0636257
15715 0.0537598
15716 0.0542312
15717 0.0545699
15718 0.0894342
15719 0.0547702
15720 0.0884778
15721 0.0548282
15722 0.0867822
15723 0.0547416
15724 0.0842569
15725 0.05451
15726 0.252791
15727 0.054135
15728 0.0805133
15729 0.0536202
15730 0.0787865
15731 0.0529708
15732 0.0521938
15733 0.0512979
15734 0.050293
15735 0.866196
15736 0.876928
15737 0.804873
15738 0.746171
15739 0.899311
15740 0.833857
15741 0.88551
15742 0.849362
15743 0.910075
15744 0.827684
15745 0.852189
15746 0.777224
15747 0.773601
15748 0.817961
15749 0.822403
15750 0.814106
15751 0.814754
15752 0.923424
15753 0.925371
15754 0.870962
15755 0.920971
15756 0.837568
15757 0.905809
15758 0.861148
15759 0.892548
15760 0.64536
15761 0.802837
15762 0.810518
15763 0.747509
15764 0.896344
15765 0.622315
15766 0.730916
15767 0.851825
15768 0.901501
15769 0.640369
15770 0.804011
15771 0.724757
15772 0.89058
15773 0.906453
15774 0.779368
15775 0.858253
15776 0.929353
15777 0.883373
15778 0.78333
15779 0.538906
15780 0.607143
15781 0.771186
15782 0.801739
15783 0.695387
15784 0.752638
15785 0.722346
15786 0.740952
15787 0.761919
15788 0.835409
15789 0.792715
15790 0.795115
15791 0.779592
15792 0.877819
15793 0.815622
15794 0.827587
15795 0.844164
15796 0.84476
15797 0.821853
15798 0.880595
15799 0.724137
15800 0.788676
15801 0.808302
15802 0.827209
15803 0.840368
15804 0.588087
15805 0.791051
15806 0.923567
15807 0.790053
15808 0.823059
15809 0.754519
15810 0.865399
15811 0.795958
15812 0.695305
15813 0.891344
15814 0.803807
15815 0.825786
15816 0.8894
15817 0.72885
15818 0.706942
15819 0.740832
15820 0.806601
15821 0.910907
15822 0.788349
15823 0.682225
15824 0.95253
15825 0.855678
15826 0.74926
15827 0.735947
15828 0.774824
15829 0.968209
15830 0.658112
15831 0.701078
15832 0.726853
15833 0.819779
15834 0.781655
15835 0.748671
15836 0.776132
15837 0.937673
15838 0.674272
15839 0.847518
15840 0.962524
15841 0.899847
15842 0.744817
15843 0.742535
15844 0.752873
15845 0.675095
15846 0.717782
15847 0.745266
15848 0.899856
15849 0.610552
15850 0.939671
15851 0.969122
15852 0.72042
15853 0.751393
15854 0.731622
15855 0.0135225
15856 0.29171
15857 0.0409851
15858 0.231173
15859 0.00418379
15860 0.161738
15861 0.208347
15862 0.172451
15863 0.258697
15864 0.604233
15865 0.199445
15866 0.298611
15867 0.190654
15868 0.327416
15869 0.245763
15870 0.0781439
15871 0.249754
15872 0.285702
15873 0.0721494
15874 0.314607
15875 0.0460475
15876 0.0763124
15877 0.0495127
15878 0.0571274
15879 0.752523
15880 0.500986
15881 0.311003
15882 0.96501
15883 0.536601
15884 0.322182
15885 0.560386
15886 0.571155
15887 0.84445
15888 0.400322
15889 0.31469
15890 0.3234
15891 0.535158
15892 0.296803
15893 0.867314
15894 0.243596
15895 0.298909
15896 0.31748
15897 0.394826
15898 0.314819
15899 0.324436
15900 0.126426
15901 0.164699
15902 0.312718
15903 0.0589219
15904 0.244376
15905 0.252338
15906 0.192426
15907 0.732858
15908 0.173318
15909 0.258848
15910 0.31507
15911 0.34975
15912 0.245179
15913 0.251274
15914 0.240025
15915 0.27637
15916 0.240358
15917 0.345432
15918 0.312577
15919 0.281168
15920 0.290474
15921 0.327289
15922 0.304038
15923 0.280612
15924 0.252736
15925 0.236009
15926 0.267804
15927 0.277514
15928 0.0513583
15929 0.280035
15930 0.257955
15931 0.294257
15932 0.266734
15933 0.451086
15934 0.335346
15935 0.0996217
15936 0.128585
15937 0.0485881
15938 0.593032
15939 0.287312
15940 0.0678496
15941 0.424183
15942 0.0807994
15943 0.657616
15944 0.0170594
15945 0.151677
15946 0.118668
15947 0.260732
15948 0.282384
15949 0.124452
15950 0.228902
15951 0.274005
15952 0.174694
15953 0.313629
15954 0.248801
15955 0.33027
15956 0.233123
15957 0.427171
15958 0.25726
15959 0.827153
15960 0.538296
15961 0.20027
15962 0.133135
15963 0.119309
15964 0.366997
15965 0.106224
15966 0.00233218
15967 0.00956576
15968 0.0648606
15969 0.0169501
15970 0.428518
15971 0.270371
15972 0.0336373
15973 0.652605
15974 0.0363679
15975 0.00304286
15976 0.00610672
15977 0.0882804
15978 0.1151
15979 0.0471733
15980 0.0497773
15981 0.11491
15982 0.0301912
15983 0.109017
15984 0.184614
15985 0.166751
15986 0.252898
15987 0.155241
15988 0.253218
15989 0.415928
15990 0.319069
15991 0.222657
15992 0.315698
15993 0.188328
15994 0.0670307
15995 0.0655972
15996 0.150429
15997 0.262607
15998 0.303594
15999 0.309049
16000 0.790594
16001 0.741704
16002 0.410613
16003 0.192067
16004 0.138438
16005 0.0840824
16006 0.663351
16007 0.329485
16008 0.0703334
16009 0.585684
16010 0.324024
16011 0.388401
16012 0.0653916
16013 0.292064
16014 0.873526
16015 0.26637
16016 0.464952
16017 0.370405
16018 0.483868
16019 0.217192
16020 0.352713
16021 0.306964
16022 0.379335
16023 0.292664
16024 0.453354
16025 0.268207
16026 0.121742
16027 0.73374
16028 0.26823
16029 0.308673
16030 0.0746416
16031 0.245786
16032 0.551895
16033 0.471926
16034 0.290841
16035 0.163566
16036 0.244136
16037 0.472256
16038 0.305866
16039 0.5319
16040 0.427735
16041 0.32919
16042 0.425731
16043 0.885983
16044 0.593351
16045 0.324654
16046 0.332341
16047 0.555708
16048 0.912172
16049 0.651032
16050 0.0590905
16051 0.297845
16052 0.494849
16053 0.173709
16054 0.0997308
16055 0.279581
16056 0.3092
16057 0.615994
16058 0.108971
16059 0.307271
16060 0.424327
16061 0.10073
16062 0.0748708
16063 0.198579
16064 0.597438
16065 0.338089
16066 0.328284
16067 0.416297
16068 0.307374
16069 0.279447
16070 0.40372
16071 0.183542
16072 0.283137
16073 0.471172
16074 0.760658
16075 0.198214
16076 0.422605
16077 0.694322
16078 0.401798
16079 0.135076
16080 0.75018
16081 0.10363
16082 0.432562
16083 0.0810447
16084 0.0688804
16085 0.340661
16086 0.209936
16087 0.631063
16088 0.0788063
16089 0.275641
16090 0.0824654
16091 0.281104
16092 0.0809882
16093 0.247269
16094 0.254754
16095 0.0753203
16096 0.302177
16097 0.293007
16098 0.322727
16099 0.590638
16100 0.0499603
16101 0.351839
16102 0.597496
16103 0.100243
16104 0.372353
16105 0.135241
16106 0.462144
16107 0.364184
16108 0.14211
16109 0.36994
16110 0.310554
16111 0.25868
16112 0.136894
16113 0.171555
16114 0.484605
16115 0.0169573
16116 0.206867
16117 0.132221
16118 0.0681511
16119 0.0719686
16120 0.024781
16121 0.193154
16122 0.00129258
16123 0.138549
16124 0.0339345
16125 0.00990273
16126 0.168223
16127 0.17739
16128 0.0171833
16129 0.0602381
16130 0.00910015
16131 0.00446424
16132 0.0417134
16133 0.008997
16134 0.0516328
16135 0.0441617
16136 0.211975
16137 0.157991
16138 0.147687
16139 0.123898
16140 0.121511
16141 0.0276821
16142 0.105613
16143 0.0829382
16144 0.688263
16145 0.0865113
16146 0.0460829
16147 0.089813
16148 0.0927535
16149 0.0952411
16150 0.0971864
16151 0.0729904
16152 0.0985086
16153 0.0791691
16154 0.674913
16155 0.0833247
16156 0.0845101
16157 0.0870417
16158 0.0880676
16159 0.0901701
16160 0.0909896
16161 0.0925696
16162 0.0931416
16163 0.094123
16164 0.0944171
16165 0.09475
16166 0.0647986
16167 0.0510017
16168 0.46877
16169 0.0451578
16170 0.0351973
16171 0.197467
16172 0.0326356
16173 0.360675
16174 0.0060264
16175 0.159883
16176 0.437767
16177 0.135483
16178 0.16315
16179 0.217855
16180 0.187654
16181 0.127602
16182 0.27594
16183 0.319043
16184 0.415599
16185 0.281763
16186 0.796067
16187 0.0441837
16188 0.0152637
16189 0.0166628
16190 0.30308
16191 0.0402133
16192 0.0131591
16193 0.013385
16194 0.673296
16195 0.0143117
16196 0.620573
16197 0.0261051
16198 0.0419109
16199 0.0284255
16200 0.0159378
16201 0.0303233
16202 0.0300651
16203 0.0420101
16204 0.0316518
16205 0.0307756
16206 0.0335953
16207 0.0345335
16208 0.0354941
16209 0.0143325
16210 0.143675
16211 0.0560157
16212 0.108136
16213 0.223879
16214 0.235089
16215 0.104814
16216 0.0609485
16217 0.187016
16218 0.2066
16219 0.0373729
16220 0.0159352
16221 0.0469508
16222 0.0260456
16223 0.047347
16224 0.0268559
16225 0.0302124
16226 0.0313397
16227 0.032496
16228 0.0336798
16229 0.0478628
16230 0.0348897
16231 0.0361235
16232 0.0477982
16233 0.0373791
16234 0.0386536
16235 0.0866633
16236 0.0476135
16237 0.0399441
16238 0.483265
16239 0.0412469
16240 0.031373
16241 0.0473109
16242 0.0425581
16243 0.202281
16244 0.0438733
16245 0.0296828
16246 0.0451876
16247 0.0769566
16248 0.0464958
16249 0.0374994
16250 0.047792
16251 0.0490699
16252 0.0295495
16253 0.0112402
16254 0.0530042
16255 0.0628586
16256 0.0481129
16257 0.485513
16258 0.0682922
16259 0.0729887
16260 0.13575
16261 0.0846107
16262 0.0313447
16263 0.730942
16264 0.0700611
16265 0.103263
16266 0.079831
16267 0.0675921
16268 0.033757
16269 0.0219569
16270 0.0267268
16271 0.0276295
16272 0.0497572
16273 0.0349545
16274 0.155703
16275 0.0995665
16276 0.0425758
16277 0.0365717
16278 0.0287122
16279 0.0490835
16280 0.0476343
16281 0.0365786
16282 0.577201
16283 0.262329
16284 0.0892216
16285 0.0551414
16286 0.0807373
16287 0.151929
16288 0.166256
16289 0.577675
16290 0.0301254
16291 0.053878
16292 0.0561043
16293 0.0358504
16294 0.0756973
16295 0.269275
16296 0.0478076
16297 0.0363883
16298 0.147338
16299 0.221386
16300 0.0759602
16301 0.13161
16302 0.049703
16303 0.10495
16304 0.102233
16305 0.0987538
16306 0.0946546
16307 0.0900856
16308 0.086185
16309 0.0817323
16310 0.0770952
16311 0.0723837
16312 0.0676906
16313 0.0630904
16314 0.104016
16315 0.0488888
16316 0.0493676
16317 0.316624
16318 0.0903288
16319 0.0451379
16320 0.0940297
16321 0.650219
16322 0.244454
16323 0.106777
16324 0.101863
16325 0.040152
16326 0.0644727
16327 0.107616
16328 0.101619
16329 0.0391769
16330 0.397974
16331 0.0597218
16332 0.10043
16333 0.161806
16334 0.580861
16335 0.106103
16336 0.0983379
16337 0.103744
16338 0.100391
16339 0.0946158
16340 0.171257
16341 0.575303
16342 0.0968416
16343 0.149023
16344 0.0905857
16345 0.130293
16346 0.127445
16347 0.168331
16348 0.177594
16349 0.181887
16350 0.180748
16351 0.174394
16352 0.0903945
16353 0.163767
16354 0.0986376
16355 0.246509
16356 0.104986
16357 0.333434
16358 0.108504
16359 0.108601
16360 0.105264
16361 0.0990539
16362 0.264082
16363 0.487115
16364 0.0277483
16365 0.318416
16366 0.45763
16367 0.09682
16368 0.558388
16369 0.00235432
16370 0.00222463
16371 0.395068
16372 0.358595
16373 0.269536
16374 0.0540556
16375 0.290809
16376 0.114108
16377 0.154748
16378 0.0417801
16379 0.380858
16380 0.0562509
16381 0.147604
16382 0.0372708
16383 0.000816557
16384 0.0563288
16385 0.276441
16386 0.0155215
16387 0.148515
16388 0.0482863
16389 0.00749145
16390 0.370034
16391 0.191559
16392 0.0503797
16393 0.448404
16394 0.051697
16395 0.498841
16396 0.425566
16397 0.274638
16398 0.124559
16399 0.956974
16400 0.775772
16401 0.135105
16402 0.107722
16403 0.0831211
16404 0.0675639
16405 0.039844
16406 0.0542879
16407 0.0493953
16408 0.0445166
16409 0.040995
16410 0.10786
16411 0.0582604
16412 0.024171
16413 0.616485
16414 0.215634
16415 0.128853
16416 0.113659
16417 0.15684
16418 0.143686
16419 0.597727
16420 0.166781
16421 0.122296
16422 0.268763
16423 0.172085
16424 0.171866
16425 0.107738
16426 0.532705
16427 0.182323
16428 0.114719
16429 0.166053
16430 0.13385
16431 0.153165
16432 0.237466
16433 0.13018
16434 0.116711
16435 0.00650282
16436 0.0800545
16437 0.103249
16438 0.0884873
16439 0.556812
16440 0.0522758
16441 0.0520799
16442 0.101678
16443 0.0521282
16444 0.172056
16445 0.13849
16446 0.155628
16447 0.0207269
16448 0.0746388
16449 0.0207321
16450 0.251374
16451 0.0721608
16452 0.144243
16453 0.0897692
16454 0.086501
16455 0.0824867
16456 0.0782561
16457 0.0741076
16458 0.0701793
16459 0.0665164
16460 0.0846815
16461 0.0631153
16462 0.0851365
16463 0.0599512
16464 0.0851617
16465 0.0569921
16466 0.0881485
16467 0.0944466
16468 0.0515661
16469 0.0490491
16470 0.0888347
16471 0.046638
16472 0.0474651
16473 0.0443205
16474 0.0420883
16475 0.0399365
16476 0.0248967
16477 0.0249239
16478 0.0248514
16479 0.0246921
16480 0.0244605
16481 0.0241711
16482 0.0238377
16483 0.0234725
16484 0.0230865
16485 0.0230681
16486 0.0222861
16487 0.0218849
16488 0.0214892
16489 0.0211024
16490 0.025963
16491 0.0196799
16492 0.0200149
16493 0.020364
16494 0.0193592
16495 0.0190526
16496 0.0187598
16497 0.0266894
16498 0.0264105
16499 0.0187617
16500 0.0542063
16501 0.0962699
16502 0.0190541
16503 0.0995351
16504 0.690273
16505 0.102118
16506 0.0193602
16507 0.0838085
16508 0.0129793
16509 0.0275468
16510 0.0825395
16511 0.194217
16512 0.013226
16513 0.020783
16514 0.0196804
16515 0.0199944
16516 0.104315
16517 0.0234895
16518 0.0200149
16519 0.102787
16520 0.0791765
16521 0.0233132
16522 0.100523
16523 0.0435304
16524 0.0242129
16525 0.0203636
16526 0.0976143
16527 0.0251415
16528 0.246425
16529 0.020726
16530 0.350023
16531 0.154591
16532 0.0211013
16533 0.0811742
16534 0.147688
16535 0.0214878
16536 0.0134606
16537 0.0136764
16538 0.0252042
16539 0.0270877
16540 0.0260995
16541 0.0343779
16542 0.0281067
16543 0.0358737
16544 0.0291576
16545 0.0274794
16546 0.0302415
16547 0.0313598
16548 0.0325142
16549 0.0337071
16550 0.0954557
16551 0.0349408
16552 0.0362185
16553 0.0325506
16554 0.0375437
16555 0.0591791
16556 0.0334726
16557 0.0389205
16558 0.15274
16559 0.0403532
16560 0.0418465
16561 0.0434052
16562 0.0772334
16563 0.0218834
16564 0.0450337
16565 0.149084
16566 0.0976146
16567 0.0775778
16568 0.157384
16569 0.0222848
16570 0.0467351
16571 0.139127
16572 0.0774883
16573 0.0226877
16574 0.0485109
16575 0.0833773
16576 0.0769675
16577 0.0230864
16578 0.0503586
16579 0.0760312
16580 0.0234736
16581 0.0522703
16582 0.0747073
16583 0.0238404
16584 0.0542295
16585 0.0730338
16586 0.0562068
16587 0.0710561
16588 0.0581557
16589 0.0619139
16590 0.0600069
16591 0.0378451
16592 0.0376736
16593 0.0390657
16594 0.0404912
16595 0.0419597
16596 0.043484
16597 0.04508
16598 0.0473325
16599 0.0492103
16600 0.0485662
16601 0.0505021
16602 0.0525988
16603 0.818988
16604 0.665078
16605 0.034418
16606 0.0353869
16607 0.0363783
16608 0.0373904
16609 0.0384203
16610 0.0663898
16611 0.0391783
16612 0.0616636
16613 0.0638038
16614 0.0107319
16615 0.0630007
16616 0.0611145
16617 0.0638697
16618 0.0472068
16619 0.0583658
16620 0.0641141
16621 0.0555966
16622 0.0635954
16623 0.0500414
16624 0.0528401
16625 0.0622232
16626 0.050124
16627 0.0565738
16628 0.059978
16629 0.0945998
16630 0.690631
16631 0.0569099
16632 0.0639193
16633 0.544328
16634 0.0531058
16635 0.0440397
16636 0.0957843
16637 0.0602876
16638 0.0782834
16639 0.0615238
16640 0.0832821
16641 0.0620104
16642 0.0753917
16643 0.0617182
16644 0.0970085
16645 0.0647683
16646 0.110371
16647 0.070661
16648 0.126989
16649 0.0768656
16650 0.130624
16651 0.0834314
16652 0.145764
16653 0.0904701
16654 0.166802
16655 0.222081
16656 0.124728
16657 0.260787
16658 0.336856
16659 0.128103
16660 0.28457
16661 0.14523
16662 0.212026
16663 0.688984
16664 0.122111
16665 0.148078
16666 0.174243
16667 0.18263
16668 0.211373
16669 0.533
16670 0.538712
16671 0.248749
16672 0.112065
16673 0.175891
16674 0.445671
16675 0.0900261
16676 0.203605
16677 0.498951
16678 0.318001
16679 0.197919
16680 0.219407
16681 0.205375
16682 0.0511118
16683 0.0539626
16684 0.0698638
16685 0.133772
16686 0.771444
16687 0.162187
16688 0.107743
16689 0.134761
16690 0.115916
16691 0.109946
16692 0.0966455
16693 0.0276342
16694 0.121997
16695 0.0647675
16696 0.0601386
16697 0.0919766
16698 0.0861473
16699 0.0389288
16700 0.0404713
16701 0.0246433
16702 0.0491873
16703 0.0973823
16704 0.0504096
16705 0.0290874
16706 0.052501
16707 0.0293517
16708 0.407412
16709 0.0290047
16710 0.0286372
16711 0.0282488
16712 0.0354266
16713 0.0413749
16714 0.020794
16715 0.698066
16716 0.0654715
16717 0.0687569
16718 0.41839
16719 0.040335
16720 0.0429213
16721 0.0456331
16722 0.215539
16723 0.0484624
16724 0.0513965
16725 0.0544179
16726 0.057503
16727 0.0606217
16728 0.0637368
16729 0.0668036
16730 0.0697699
16731 0.0725768
16732 0.813256
16733 0.174138
16734 0.0751603
16735 0.0774526
16736 0.0793859
16737 0.0808957
16738 0.0819253
16739 0.0824302
16740 0.0823819
16741 0.0817715
16742 0.0806111
16743 0.0789333
16744 0.076789
16745 0.0742436
16746 0.0713718
16747 0.0682526
16748 0.0649637
16749 0.678318
16750 0.818177
16751 0.0629494
16752 0.0653101
16753 0.0668601
16754 0.0676703
16755 0.0678619
16756 0.0815472
16757 0.0900593
16758 0.257237
16759 0.798295
16760 0.85341
16761 0.892072
16762 0.475789
16763 0.0757956
16764 0.399803
16765 0.866522
16766 0.625229
16767 0.86478
16768 0.0835442
16769 0.0771411
16770 0.0830156
16771 0.105038
16772 0.647161
16773 0.800152
16774 0.478889
16775 0.462934
16776 0.807188
16777 0.527172
16778 0.113829
16779 0.502103
16780 0.420965
16781 0.181481
16782 0.061593
16783 0.0581394
16784 0.0671045
16785 0.147605
16786 0.0434287
16787 0.0752727
16788 0.0415746
16789 0.0408071
16790 0.0399776
16791 0.0371963
16792 0.0361978
16793 0.035176
16794 0.0330896
16795 0.0477465
16796 0.0470194
16797 0.046238
16798 0.045408
16799 0.0445351
16800 0.0588403
16801 0.0592103
16802 0.561672
16803 0.121439
16804 0.0617364
16805 0.154872
16806 0.132791
16807 0.00422395
16808 0.030203
16809 0.0614648
16810 0.0296508
16811 0.00138117
16812 0.0307418
16813 0.421983
16814 0.031265
16815 0.0434488
16816 0.00465246
16817 0.0396734
16818 0.0402831
16819 0.0434135
16820 0.280414
16821 0.286029
16822 0.0575258
16823 0.0588085
16824 0.0588532
16825 0.125853
16826 0.0511282
16827 0.0717716
16828 0.180129
16829 0.0139662
16830 0.374728
16831 0.0119942
16832 0.0763708
16833 0.0128217
16834 0.238609
16835 0.456236
16836 0.738091
16837 0.0480079
16838 0.142844
16839 0.138935
16840 0.0819049
16841 0.100136
16842 0.0731583
16843 0.110644
16844 0.120035
16845 0.107127
16846 0.33371
16847 0.107893
16848 0.0122498
16849 0.296768
16850 0.317718
16851 0.341285
16852 0.131904
16853 0.137461
16854 0.140217
16855 0.139732
16856 0.135946
16857 0.116783
16858 0.153805
16859 0.0838535
16860 0.146868
16861 0.26002
16862 0.375855
16863 0.147957
16864 0.170124
16865 0.0475855
16866 0.65148
16867 0.209942
16868 0.781138
16869 0.0583034
16870 0.497644
16871 0.299983
16872 0.708513
16873 0.315382
16874 0.151865
16875 0.503844
16876 0.138419
16877 0.692552
16878 0.221688
16879 0.534306
16880 0.777537
16881 0.10969
16882 0.539527
16883 0.232084
16884 0.245169
16885 0.240824
16886 0.220735
16887 0.288872
16888 0.285672
16889 0.413913
16890 0.309144
16891 0.32663
16892 0.661203
16893 0.769129
16894 0.165433
16895 0.684335
16896 0.156203
16897 0.141956
16898 0.237671
16899 0.138101
16900 0.111259
16901 0.47911
16902 0.394708
16903 0.535069
16904 0.900777
16905 0.0977408
16906 0.229544
16907 0.14663
16908 0.287467
16909 0.271286
16910 0.245168
16911 0.164839
16912 0.658685
16913 0.80209
16914 0.430441
16915 0.0840852
16916 0.0943925
16917 0.164541
16918 0.152631
16919 0.0905187
16920 0.513482
16921 0.0777078
16922 0.209216
16923 0.170976
16924 0.561416
16925 0.805019
16926 0.252383
16927 0.199951
16928 0.310776
16929 0.35537
16930 0.231394
16931 0.219294
16932 0.229945
16933 0.253905
16934 0.10756
16935 0.181929
16936 0.525862
16937 0.632326
16938 0.409858
16939 0.735407
16940 0.577854
16941 0.634599
16942 0.126823
16943 0.89153
16944 0.327607
16945 0.138169
16946 0.358218
16947 0.18094
16948 0.58061
16949 0.339607
16950 0.28107
16951 0.580396
16952 0.252297
16953 0.754019
16954 0.546014
16955 0.0925842
16956 0.670638
16957 0.744472
16958 0.829637
16959 0.170399
16960 0.714485
16961 0.223384
16962 0.207439
16963 0.18624
16964 0.171862
16965 0.366907
16966 0.0838398
16967 0.634248
16968 0.0959609
16969 0.0685048
16970 0.147732
16971 0.152748
16972 0.139486
16973 0.255981
16974 0.171058
16975 0.839779
16976 0.0775782
16977 0.910275
16978 0.17589
16979 0.0725418
16980 0.05456
16981 0.477905
16982 0.0707356
16983 0.0673579
16984 0.104105
16985 0.062797
16986 0.0813812
16987 0.248796
16988 0.228501
16989 0.201044
16990 0.706533
16991 0.127689
16992 0.387046
16993 0.519543
16994 0.0935139
16995 0.490357
16996 0.273985
16997 0.28356
16998 0.287176
16999 0.351433
17000 0.401469
17001 0.295761
17002 0.401553
17003 0.392449
17004 0.341756
17005 0.798217
17006 0.378902
17007 0.298448
17008 0.697647
17009 0.260228
17010 0.796623
17011 0.248212
17012 0.370383
17013 0.366555
17014 0.419504
17015 0.403595
17016 0.861051
17017 0.257266
17018 0.267215
17019 0.346212
17020 0.277012
17021 0.618317
17022 0.742137
17023 0.357295
17024 0.880719
17025 0.406512
17026 0.649366
17027 0.309299
17028 0.289073
17029 0.295804
17030 0.533803
17031 0.354324
17032 0.320111
17033 0.0568739
17034 0.453042
17035 0.487526
17036 0.927734
17037 0.889636
17038 0.293759
17039 0.59703
17040 0.78285
17041 0.157505
17042 0.699956
17043 0.306164
17044 0.527824
17045 0.489489
17046 0.335999
17047 0.878149
17048 0.717752
17049 0.464648
17050 0.237213
17051 0.399621
17052 0.356354
17053 0.564432
17054 0.705377
17055 0.416399
17056 0.374389
17057 0.277793
17058 0.0039923
17059 0.1983
17060 0.0554751
17061 0.63548
17062 0.398902
17063 0.549929
17064 0.408278
17065 0.289609
17066 0.296934
17067 0.91721
17068 0.340006
17069 0.930988
17070 0.458106
17071 0.878431
17072 0.331188
17073 0.117564
17074 0.10931
17075 0.172005
17076 0.170628
17077 0.163435
17078 0.217494
17079 0.115176
17080 0.826793
17081 0.105444
17082 0.671669
17083 0.323618
17084 0.472224
17085 0.0970561
17086 0.25801
17087 0.0783308
17088 0.0828707
17089 0.0160242
17090 0.312249
17091 0.0833409
17092 0.162424
17093 0.0721182
17094 0.254943
17095 0.0996549
17096 0.258239
17097 0.27492
17098 0.486216
17099 0.214452
17100 0.159625
17101 0.113621
17102 0.0804707
17103 0.941719
17104 0.0955897
17105 0.0572735
17106 0.317943
17107 0.176104
17108 0.721688
17109 0.12299
17110 0.152594
17111 0.232546
17112 0.841471
17113 0.101825
17114 0.286104
17115 0.194301
17116 0.163077
17117 0.278338
17118 0.85745
17119 0.427443
17120 0.659681
17121 0.0367777
17122 0.0538528
17123 0.865323
17124 0.0503419
17125 0.265916
17126 0.0336441
17127 0.349631
17128 0.294943
17129 0.243413
17130 0.370006
17131 0.0348991
17132 0.338632
17133 0.504968
17134 0.00445918
17135 0.275704
17136 0.947885
17137 0.359764
17138 0.898597
17139 0.289664
17140 0.00437363
17141 0.716106
17142 0.788596
17143 0.749501
17144 0.235141
17145 0.570599
17146 0.874738
17147 0.1886
17148 0.19389
17149 0.00591683
17150 0.157667
17151 0.192029
17152 0.660675
17153 0.26379
17154 0.570583
17155 0.150847
17156 0.643562
17157 0.483253
17158 0.196835
17159 0.224135
17160 0.325419
17161 0.288533
17162 0.581452
17163 0.412773
17164 0.495663
17165 0.238525
17166 0.448563
17167 0.0596355
17168 0.353968
17169 0.382944
17170 0.370203
17171 0.300794
17172 0.260179
17173 0.442652
17174 0.206801
17175 0.225817
17176 0.225336
17177 0.944826
17178 0.282664
17179 0.323094
17180 0.729522
17181 0.195655
17182 0.27707
17183 0.289289
17184 0.269676
17185 0.314817
17186 0.284152
17187 0.122911
17188 0.223426
17189 0.134449
17190 0.210627
17191 0.180839
17192 0.690374
17193 0.424666
17194 0.347483
17195 0.301821
17196 0.561089
17197 0.357903
17198 0.359646
17199 0.308644
17200 0.338253
17201 0.910406
17202 0.195851
17203 0.287206
17204 0.889145
17205 0.262678
17206 0.287203
17207 0.300278
17208 0.272384
17209 0.259203
17210 0.398165
17211 0.333001
17212 0.536152
17213 0.735114
17214 0.265642
17215 0.289854
17216 0.770169
17217 0.276481
17218 0.40147
17219 0.715595
17220 0.611374
17221 0.851867
17222 0.668766
17223 0.339802
17224 0.552164
17225 0.446364
17226 0.351692
17227 0.264277
17228 0.253811
17229 0.818764
17230 0.73354
17231 0.790599
17232 0.572145
17233 0.694951
17234 0.259889
17235 0.864164
17236 0.313264
17237 0.241668
17238 0.300456
17239 0.255757
17240 0.291378
17241 0.425702
17242 0.413411
17243 0.094735
17244 0.337401
17245 0.236686
17246 0.101757
17247 0.137954
17248 0.133287
17249 0.141826
17250 0.0968339
17251 0.1698
17252 0.400949
17253 0.0741566
17254 0.663069
17255 0.0878603
17256 0.220832
17257 0.279525
17258 0.169901
17259 0.0843622
17260 0.114735
17261 0.282453
17262 0.319534
17263 0.145366
17264 0.0772747
17265 0.140758
17266 0.332485
17267 0.178753
17268 0.407213
17269 0.182664
17270 0.241786
17271 0.235715
17272 0.1841
17273 0.226348
17274 0.140169
17275 0.184541
17276 0.137894
17277 0.256917
17278 0.366828
17279 0.245979
17280 0.193464
17281 0.789483
17282 0.291697
17283 0.301139
17284 0.344564
17285 0.260026
17286 0.686342
17287 0.725144
17288 0.338325
17289 0.165991
17290 0.36843
17291 0.307966
17292 0.948945
17293 0.262788
17294 0.366651
17295 0.319336
17296 0.648811
17297 0.92286
17298 0.351995
17299 0.937811
17300 0.25313
17301 0.537083
17302 0.38398
17303 0.203
17304 0.75433
17305 0.372844
17306 0.699526
17307 0.561407
17308 0.337883
17309 0.296253
17310 0.281701
17311 0.316254
17312 0.769626
17313 0.173862
17314 0.332732
17315 0.907497
17316 0.397642
17317 0.163735
17318 0.31272
17319 0.416615
17320 0.376124
17321 0.724478
17322 0.301186
17323 0.232193
17324 0.465492
17325 0.227893
17326 0.334139
17327 0.32214
17328 0.140052
17329 0.233897
17330 0.295769
17331 0.24937
17332 0.727075
17333 0.19973
17334 0.534376
17335 0.324924
17336 0.341534
17337 0.582678
17338 0.3253
17339 0.364749
17340 0.916304
17341 0.29731
17342 0.348285
17343 0.25253
17344 0.228829
17345 0.650282
17346 0.654403
17347 0.418086
17348 0.185841
17349 0.26607
17350 0.330673
17351 0.311894
17352 0.578998
17353 0.287833
17354 0.269536
17355 0.293456
17356 0.364473
17357 0.155622
17358 0.477868
17359 0.81151
17360 0.120017
17361 0.323823
17362 0.306043
17363 0.378955
17364 0.243757
17365 0.289102
17366 0.878091
17367 0.305597
17368 0.182841
17369 0.191013
17370 0.519566
17371 0.516105
17372 0.964988
17373 0.185426
17374 0.723822
17375 0.783394
17376 0.333888
17377 0.135415
17378 0.748036
17379 0.248821
17380 0.220585
17381 0.341171
17382 0.277262
17383 0.586032
17384 0.518899
17385 0.508527
17386 0.196347
17387 0.454068
17388 0.152099
17389 0.631504
17390 0.122152
17391 0.778845
17392 0.0870838
17393 0.148343
17394 0.822032
17395 0.130847
17396 0.0338688
17397 0.0699585
17398 0.0345453
17399 0.135328
17400 0.0324661
17401 0.0589478
17402 0.183851
17403 0.0381642
17404 0.031746
17405 0.0302816
17406 0.805639
17407 0.0591613
17408 0.0273493
17409 0.0676005
17410 0.0279347
17411 0.00406577
17412 0.0677313
17413 0.112417
17414 0.825661
17415 0.673957
17416 0.304771
17417 0.22023
17418 0.690474
17419 0.275071
17420 0.25549
17421 0.67989
17422 0.275293
17423 0.214773
17424 0.760721
17425 0.358293
17426 0.316177
17427 0.263875
17428 0.0634087
17429 0.32135
17430 0.845332
17431 0.360583
17432 0.322329
17433 0.321221
17434 0.259266
17435 0.265117
17436 0.205686
17437 0.892511
17438 0.717143
17439 0.201502
17440 0.869637
17441 0.264761
17442 0.367607
17443 0.345275
17444 0.871791
17445 0.827625
17446 0.790181
17447 0.331286
17448 0.761543
17449 0.790129
17450 0.133326
17451 0.284936
17452 0.189394
17453 0.214037
17454 0.0352008
17455 0.039715
17456 0.675658
17457 0.334728
17458 0.229978
17459 0.23284
17460 0.221521
17461 0.395625
17462 0.323846
17463 0.319644
17464 0.549499
17465 0.48207
17466 0.482872
17467 0.416483
17468 0.459093
17469 0.851029
17470 0.379751
17471 0.293371
17472 0.284217
17473 0.865529
17474 0.623594
17475 0.192658
17476 0.855415
17477 0.82014
17478 0.811183
17479 0.750851
17480 0.296197
17481 0.558909
17482 0.4092
17483 0.408285
17484 0.465322
17485 0.479673
17486 0.369985
17487 0.116869
17488 0.225813
17489 0.356609
17490 0.327849
17491 0.577165
17492 0.337617
17493 0.416692
17494 0.811277
17495 0.185178
17496 0.713833
17497 0.336705
17498 0.415354
17499 0.69514
17500 0.905033
17501 0.677357
17502 0.362675
17503 0.47764
17504 0.332714
17505 0.826258
17506 0.434855
17507 0.344921
17508 0.42249
17509 0.757754
17510 0.555284
17511 0.35296
17512 0.591296
17513 0.299303
17514 0.171096
17515 0.561509
17516 0.156431
17517 0.159549
17518 0.883211
17519 0.158201
17520 0.152633
17521 0.119407
17522 0.104123
17523 0.132143
17524 0.143591
17525 0.166295
17526 0.111989
17527 0.0597624
17528 0.155251
17529 0.110359
17530 0.178043
17531 0.198663
17532 0.213856
17533 0.22019
17534 0.26268
17535 0.360036
17536 0.308861
17537 0.137435
17538 0.329422
17539 0.202412
17540 0.382361
17541 0.0960602
17542 0.299061
17543 0.322575
17544 0.556881
17545 0.291524
17546 0.180647
17547 0.233531
17548 0.820437
17549 0.387774
17550 0.571919
17551 0.403807
17552 0.355372
17553 0.0727749
17554 0.501656
17555 0.434725
17556 0.00253218
17557 0.223007
17558 0.0614812
17559 0.0681761
17560 0.814789
17561 0.511339
17562 0.0217434
17563 0.113813
17564 0.0201502
17565 0.11472
17566 0.157227
17567 0.06429
17568 0.0641625
17569 0.0446783
17570 0.0634685
17571 0.0449918
17572 0.124641
17573 0.0481855
17574 0.159953
17575 0.00452655
17576 0.0524691
17577 0.19685
17578 0.00476107
17579 0.0411541
17580 0.00500996
17581 0.0411413
17582 0.156612
17583 0.00514007
17584 0.0409455
17585 0.0405625
17586 0.039996
17587 0.0392572
17588 0.512814
17589 0.221773
17590 0.0282275
17591 0.0457878
17592 0.207453
17593 0.231823
17594 0.106122
17595 0.424932
17596 0.121758
17597 0.160163
17598 0.221761
17599 0.103327
17600 0.295317
17601 0.179725
17602 0.185848
17603 0.22725
17604 0.194609
17605 0.204304
17606 0.68627
17607 0.190879
17608 0.182536
17609 0.773043
17610 0.213892
17611 0.244545
17612 0.202457
17613 0.181032
17614 0.200766
17615 0.208114
17616 0.129976
17617 0.192749
17618 0.20384
17619 0.213163
17620 0.215683
17621 0.814047
17622 0.210837
17623 0.199266
17624 0.330305
17625 0.157933
17626 0.464661
17627 0.244028
17628 0.241099
17629 0.0242162
17630 0.675247
17631 0.641205
17632 0.948192
17633 0.641134
17634 0.132119
17635 0.0204837
17636 0.264404
17637 0.921655
17638 0.178545
17639 0.67239
17640 0.207289
17641 0.216027
17642 0.664811
17643 0.744498
17644 0.245929
17645 0.155599
17646 0.193125
17647 0.497619
17648 0.213534
17649 0.231257
17650 0.091789
17651 0.0849885
17652 0.12914
17653 0.0531753
17654 0.179413
17655 0.131515
17656 0.144588
17657 0.132784
17658 0.0519777
17659 0.0832159
17660 0.0545719
17661 0.131598
17662 0.0570561
17663 0.125741
17664 0.243121
17665 0.059383
17666 0.0615049
17667 0.245991
17668 0.0646077
17669 0.104416
17670 0.0618435
17671 0.0942827
17672 0.222396
17673 0.0686403
17674 0.352872
17675 0.219693
17676 0.07257
17677 0.178646
17678 0.0679712
17679 0.213061
17680 0.173414
17681 0.0823462
17682 0.226329
17683 0.210836
17684 0.157675
17685 0.0628538
17686 0.487256
17687 0.592988
17688 0.0736587
17689 0.0723579
17690 0.074908
17691 0.0691166
17692 0.0656203
17693 0.118636
17694 0.0988432
17695 0.0908935
17696 0.0828388
17697 0.605944
17698 0.247469
17699 0.0393725
17700 0.15153
17701 0.28412
17702 0.27945
17703 0.21863
17704 0.253607
17705 0.0277655
17706 0.204503
17707 0.265313
17708 0.146494
17709 0.133147
17710 0.233814
17711 0.500153
17712 0.157272
17713 0.0509227
17714 0.159041
17715 0.0636947
17716 0.271873
17717 0.0182832
17718 0.359284
17719 0.142683
17720 0.00723792
17721 0.00891652
17722 0.423969
17723 0.0236723
17724 0.594014
17725 0.0545936
17726 0.859581
17727 0.00379715
17728 0.114477
17729 0.515651
17730 0.752423
17731 0.285746
17732 0.104207
17733 0.0911232
17734 0.327281
17735 0.0572575
17736 0.548435
17737 0.100598
17738 0.149124
17739 0.14823
17740 0.0619766
17741 0.0582764
17742 0.10992
17743 0.104463
17744 0.0255202
17745 0.497737
17746 0.1335
17747 0.151949
17748 0.115038
17749 0.132751
17750 0.0486865
17751 0.11045
17752 0.0593558
17753 0.11532
17754 0.164969
17755 0.189841
17756 0.381801
17757 0.169177
17758 0.189636
17759 0.611405
17760 0.194139
17761 0.5662
17762 0.278427
17763 0.353196
17764 0.952246
17765 0.344192
17766 0.46007
17767 0.507788
17768 0.54431
17769 0.500967
17770 0.854119
17771 0.35847
17772 0.325891
17773 0.385048
17774 0.709789
17775 0.110377
17776 0.252689
17777 0.336153
17778 0.547669
17779 0.523156
17780 0.230292
17781 0.483263
17782 0.381214
17783 0.120184
17784 0.150975
17785 0.321784
17786 0.201522
17787 0.387266
17788 0.194029
17789 0.132968
17790 0.364621
17791 0.143532
17792 0.152824
17793 0.212258
17794 0.224013
17795 0.220356
17796 0.152486
17797 0.154428
17798 0.158056
17799 0.115913
17800 0.617058
17801 0.122041
17802 0.208237
17803 0.0775676
17804 0.088396
17805 0.140062
17806 0.0279347
17807 0.772046
17808 0.0874525
17809 0.0276317
17810 0.742486
17811 0.081159
17812 0.285526
17813 0.630672
17814 0.0659267
17815 0.278997
17816 0.0640893
17817 0.229254
17818 0.266072
17819 0.285609
17820 0.357066
17821 0.155418
17822 0.17192
17823 0.122875
17824 0.870077
17825 0.275042
17826 0.315464
17827 0.280921
17828 0.106098
17829 0.0348954
17830 0.12775
17831 0.160528
17832 0.263885
17833 0.125546
17834 0.760267
17835 0.153562
17836 0.113657
17837 0.272374
17838 0.26682
17839 0.311719
17840 0.468643
17841 0.44782
17842 0.180975
17843 0.385424
17844 0.710374
17845 0.269532
17846 0.241127
17847 0.556096
17848 0.496814
17849 0.678485
17850 0.709485
17851 0.301964
17852 0.363152
17853 0.446293
17854 0.0610924
17855 0.610926
17856 0.449817
17857 0.133009
17858 0.364829
17859 0.266087
17860 0.7777
17861 0.155172
17862 0.154864
17863 0.604056
17864 0.163538
17865 0.166663
17866 0.165328
17867 0.406548
17868 0.281373
17869 0.423724
17870 0.159722
17871 0.150216
17872 0.156344
17873 0.317683
17874 0.3413
17875 0.148137
17876 0.234653
17877 0.142595
17878 0.501415
17879 0.288451
17880 0.372289
17881 0.592211
17882 0.331616
17883 0.331144
17884 0.136981
17885 0.228958
17886 0.278084
17887 0.71986
17888 0.492383
17889 0.341384
17890 0.436288
17891 0.0752026
17892 0.849121
17893 0.248474
17894 0.434491
17895 0.46754
17896 0.619558
17897 0.448642
17898 0.468993
17899 0.211608
17900 0.427269
17901 0.30765
17902 0.562357
17903 0.350948
17904 0.311442
17905 0.581938
17906 0.691398
17907 0.459122
17908 0.859474
17909 0.426777
17910 0.422137
17911 0.35109
17912 0.480125
17913 0.904063
17914 0.968762
17915 0.567413
17916 0.72196
17917 0.343904
17918 0.291752
17919 0.324359
17920 0.234274
17921 0.739695
17922 0.540397
17923 0.800728
17924 0.695693
17925 0.426505
17926 0.63444
17927 0.36484
17928 0.289211
17929 0.682934
17930 0.580967
17931 0.741726
17932 0.811645
17933 0.136945
17934 0.159004
17935 0.442588
17936 0.0637674
17937 0.181393
17938 0.0691315
17939 0.0331748
17940 0.38992
17941 0.0358317
17942 0.0690474
17943 0.345105
17944 0.344492
17945 0.394612
17946 0.326149
17947 0.0639579
17948 0.248696
17949 0.0922346
17950 0.315869
17951 0.781361
17952 0.397093
17953 0.906273
17954 0.2114
17955 0.241737
17956 0.215964
17957 0.394705
17958 0.201608
17959 0.771881
17960 0.778205
17961 0.852275
17962 0.168335
17963 0.397919
17964 0.394643
17965 0.742121
17966 0.430153
17967 0.688955
17968 0.317382
17969 0.786001
17970 0.369291
17971 0.947735
17972 0.808233
17973 0.815081
17974 0.367239
17975 0.674306
17976 0.434451
17977 0.322116
17978 0.370433
17979 0.416222
17980 0.287097
17981 0.257509
17982 0.967634
17983 0.683465
17984 0.296216
17985 0.685669
17986 0.754372
17987 0.376136
17988 0.359579
17989 0.383061
17990 0.200224
17991 0.887198
17992 0.288614
17993 0.962768
17994 0.212011
17995 0.427411
17996 0.291196
17997 0.739689
17998 0.550449
17999 0.169705
18000 0.352051
18001 0.309907
18002 0.885339
18003 0.34795
18004 0.487893
18005 0.233228
18006 0.258161
18007 0.25493
18008 0.181067
18009 0.19624
18010 0.479662
18011 0.759368
18012 0.822881
18013 0.564701
18014 0.397842
18015 0.209708
18016 0.225006
18017 0.123939
18018 0.511623
18019 0.16576
18020 0.0857907
18021 0.499453
18022 0.229264
18023 0.69731
18024 0.765569
18025 0.763103
18026 0.789023
18027 0.140493
18028 0.250457
18029 0.49231
18030 0.10717
18031 0.303486
18032 0.380601
18033 0.401732
18034 0.487338
18035 0.415236
18036 0.880252
18037 0.889593
18038 0.338852
18039 0.452474
18040 0.127309
18041 0.153838
18042 0.405795
18043 0.205308
18044 0.277734
18045 0.274649
18046 0.358348
18047 0.798393
18048 0.331714
18049 0.310736
18050 0.278698
18051 0.251647
18052 0.897445
18053 0.369099
18054 0.343136
18055 0.29789
18056 0.750359
18057 0.899188
18058 0.205264
18059 0.784752
18060 0.363239
18061 0.359842
18062 0.35583
18063 0.323102
18064 0.855722
18065 0.707291
18066 0.766291
18067 0.854287
18068 0.698535
18069 0.624526
18070 0.186477
18071 0.380859
18072 0.513319
18073 0.206708
18074 0.560461
18075 0.0440982
18076 0.463842
18077 0.301598
18078 0.452826
18079 0.197478
18080 0.108122
18081 0.0354682
18082 0.0525598
18083 0.822814
18084 0.235195
18085 0.323197
18086 0.574198
18087 0.232046
18088 0.40914
18089 0.312773
18090 0.359375
18091 0.425421
18092 0.405161
18093 0.334365
18094 0.726177
18095 0.812387
18096 0.488681
18097 0.280514
18098 0.816465
18099 0.291795
18100 0.591234
18101 0.650648
18102 0.382108
18103 0.304724
18104 0.359301
18105 0.409726
18106 0.668379
18107 0.336947
18108 0.66604
18109 0.281656
18110 0.332187
18111 0.398994
18112 0.20125
18113 0.349437
18114 0.293168
18115 0.447167
18116 0.317081
18117 0.347266
18118 0.547072
18119 0.389517
18120 0.284903
18121 0.424318
18122 0.38475
18123 0.881402
18124 0.299553
18125 0.257336
18126 0.781297
18127 0.379113
18128 0.607358
18129 0.25696
18130 0.767336
18131 0.83664
18132 0.358847
18133 0.410397
18134 0.925858
18135 0.78695
18136 0.658672
18137 0.548824
18138 0.112046
18139 0.108697
18140 0.371506
18141 0.336788
18142 0.339807
18143 0.524233
18144 0.288953
18145 0.516704
18146 0.23763
18147 0.706061
18148 0.274551
18149 0.33881
18150 0.0633622
18151 0.0715146
18152 0.215538
18153 0.689857
18154 0.238631
18155 0.256123
18156 0.327516
18157 0.389032
18158 0.356597
18159 0.409843
18160 0.846015
18161 0.89221
18162 0.558149
18163 0.546667
18164 0.443575
18165 0.268015
18166 0.196212
18167 0.694039
18168 0.325846
18169 0.396546
18170 0.7725
18171 0.350978
18172 0.365626
18173 0.305733
18174 0.724501
18175 0.717056
18176 0.593208
18177 0.673313
18178 0.321095
18179 0.371018
18180 0.828947
18181 0.369567
18182 0.821595
18183 0.322188
18184 0.410599
18185 0.356456
18186 0.299641
18187 0.191396
18188 0.383962
18189 0.37012
18190 0.920922
18191 0.419963
18192 0.485932
18193 0.33715
18194 0.239345
18195 0.689645
18196 0.246443
18197 0.439746
18198 0.273167
18199 0.476696
18200 0.474805
18201 0.587305
18202 0.309931
18203 0.442702
18204 0.289276
18205 0.434498
18206 0.358317
18207 0.469993
18208 0.333758
18209 0.725007
18210 0.325123
18211 0.220748
18212 0.25911
18213 0.284628
18214 0.28839
18215 0.625201
18216 0.243334
18217 0.132498
18218 0.205354
18219 0.328087
18220 0.261176
18221 0.639909
18222 0.620262
18223 0.289094
18224 0.226584
18225 0.077029
18226 0.00903434
18227 0.0415095
18228 0.175846
18229 0.186565
18230 0.103998
18231 0.646309
18232 0.0547266
18233 0.0772534
18234 0.0769109
18235 0.189856
18236 0.0680504
18237 0.0477499
18238 0.0693782
18239 0.0626285
18240 0.0700404
18241 0.0699969
18242 0.156793
18243 0.0692613
18244 0.0678966
18245 0.0660002
18246 0.0610608
18247 0.0651771
18248 0.0664488
18249 0.0636352
18250 0.0674204
18251 0.107905
18252 0.0680694
18253 0.190263
18254 0.192426
18255 0.58011
18256 0.548201
18257 0.501852
18258 0.281902
18259 0.301975
18260 0.659376
18261 0.268499
18262 0.125319
18263 0.177129
18264 0.0547124
18265 0.170802
18266 0.383387
18267 0.388063
18268 0.318297
18269 0.450708
18270 0.673673
18271 0.0350458
18272 0.0359713
18273 0.715454
18274 0.0367708
18275 0.037434
18276 0.271017
18277 0.551007
18278 0.857371
18279 0.0366629
18280 0.328512
18281 0.191943
18282 0.326242
18283 0.00264428
18284 0.384492
18285 0.297621
18286 0.66572
18287 0.218582
18288 0.394449
18289 0.00338232
18290 0.0333412
18291 0.369327
18292 0.0540264
18293 0.512894
18294 0.00693937
18295 0.230494
18296 0.0806338
18297 0.0790128
18298 0.33156
18299 0.0816042
18300 0.189196
18301 0.259097
18302 0.171054
18303 0.212334
18304 0.0735926
18305 0.202589
18306 0.0731086
18307 0.0829311
18308 0.539125
18309 0.932295
18310 0.865728
18311 0.213721
18312 0.0960299
18313 0.806581
18314 0.150577
18315 0.0563118
18316 0.173851
18317 0.110391
18318 0.640308
18319 0.147802
18320 0.133505
18321 0.171048
18322 0.121601
18323 0.0962626
18324 0.231421
18325 0.0763005
18326 0.109842
18327 0.127167
18328 0.210718
18329 0.252961
18330 0.328342
18331 0.304479
18332 0.144501
18333 0.201743
18334 0.128704
18335 0.815011
18336 0.203187
18337 0.0888043
18338 0.224631
18339 0.088385
18340 0.182306
18341 0.088907
18342 0.206842
18343 0.642459
18344 0.216699
18345 0.172705
18346 0.692481
18347 0.176732
18348 0.21111
18349 0.155086
18350 0.236061
18351 0.139774
18352 0.650396
18353 0.181256
18354 0.479188
18355 0.189223
18356 0.411464
18357 0.779678
18358 0.0707776
18359 0.203294
18360 0.270461
18361 0.275519
18362 0.215413
18363 0.190797
18364 0.187304
18365 0.778757
18366 0.301664
18367 0.303781
18368 0.249643
18369 0.2976
18370 0.692392
18371 0.402218
18372 0.644107
18373 0.181206
18374 0.182784
18375 0.398495
18376 0.265196
18377 0.372524
18378 0.171152
18379 0.543784
18380 0.297522
18381 0.325484
18382 0.284746
18383 0.750403
18384 0.0736382
18385 0.191775
18386 0.781672
18387 0.527697
18388 0.378257
18389 0.738918
18390 0.61399
18391 0.866782
18392 0.361778
18393 0.245677
18394 0.409526
18395 0.388758
18396 0.243943
18397 0.25589
18398 0.309985
18399 0.962617
18400 0.372492
18401 0.703411
18402 0.628269
18403 0.901807
18404 0.37213
18405 0.775886
18406 0.983334
18407 0.906957
18408 0.674621
18409 0.82329
18410 0.865219
18411 0.367648
18412 0.926879
18413 0.339964
18414 0.366524
18415 0.866606
18416 0.389595
18417 0.336426
18418 0.302576
18419 0.406148
18420 0.358155
18421 0.337873
18422 0.60708
18423 0.439402
18424 0.36796
18425 0.335042
18426 0.275447
18427 0.840719
18428 0.344073
18429 0.6067
18430 0.365902
18431 0.343934
18432 0.620504
18433 0.289016
18434 0.312384
18435 0.315108
18436 0.587627
18437 0.376344
18438 0.379114
18439 0.458604
18440 0.904425
18441 0.27887
18442 0.831052
18443 0.570131
18444 0.48047
18445 0.76779
18446 0.25256
18447 0.312075
18448 0.24454
18449 0.303757
18450 0.897523
18451 0.372565
18452 0.395675
18453 0.657561
18454 0.740124
18455 0.212891
18456 0.636105
18457 0.576123
18458 0.204041
18459 0.151029
18460 0.117973
18461 0.525287
18462 0.94417
18463 0.848943
18464 0.508176
18465 0.670247
18466 0.388084
18467 0.296469
18468 0.554823
18469 0.329605
18470 0.241699
18471 0.224454
18472 0.400504
18473 0.968509
18474 0.802154
18475 0.922669
18476 0.344593
18477 0.45693
18478 0.290195
18479 0.383971
18480 0.830386
18481 0.372931
18482 0.437027
18483 0.295934
18484 0.616969
18485 0.565371
18486 0.383779
18487 0.817714
18488 0.67542
18489 0.933432
18490 0.733018
18491 0.687529
18492 0.71686
18493 0.802804
18494 0.869482
18495 0.245575
18496 0.834051
18497 0.80871
18498 0.264999
18499 0.20489
18500 0.861326
18501 0.781275
18502 0.744422
18503 0.748221
18504 0.324361
18505 0.81886
18506 0.376376
18507 0.841313
18508 0.661885
18509 0.288829
18510 0.369102
18511 0.396567
18512 0.434931
18513 0.364361
18514 0.837993
18515 0.794896
18516 0.761324
18517 0.573681
18518 0.34252
18519 0.333236
18520 0.285467
18521 0.403278
18522 0.423365
18523 0.846555
18524 0.246933
18525 0.506056
18526 0.760013
18527 0.410652
18528 0.378963
18529 0.326089
18530 0.353887
18531 0.254744
18532 0.92233
18533 0.246407
18534 0.3689
18535 0.412776
18536 0.77983
18537 0.664679
18538 0.78533
18539 0.232111
18540 0.850863
18541 0.38179
18542 0.686459
18543 0.334005
18544 0.572449
18545 0.741183
18546 0.557768
18547 0.801919
18548 0.469223
18549 0.508945
18550 0.48988
18551 0.863717
18552 0.367265
18553 0.664386
18554 0.322967
18555 0.498856
18556 0.335925
18557 0.624724
18558 0.754614
18559 0.78029
18560 0.812269
18561 0.812305
18562 0.458386
18563 0.552944
18564 0.817849
18565 0.503016
18566 0.116876
18567 0.253511
18568 0.540494
18569 0.866651
18570 0.433634
18571 0.375062
18572 0.662711
18573 0.516603
18574 0.262747
18575 0.890298
18576 0.741911
18577 0.25422
18578 0.248471
18579 0.197452
18580 0.205817
18581 0.714114
18582 0.269853
18583 0.198913
18584 0.182471
18585 0.756733
18586 0.16054
18587 0.298373
18588 0.113947
18589 0.238206
18590 0.256255
18591 0.277699
18592 0.144266
18593 0.203427
18594 0.399145
18595 0.734491
18596 0.123999
18597 0.461232
18598 0.134261
18599 0.869286
18600 0.302646
18601 0.249184
18602 0.605512
18603 0.297586
18604 0.222399
18605 0.902559
18606 0.239651
18607 0.685951
18608 0.79849
18609 0.582521
18610 0.756149
18611 0.325719
18612 0.219732
18613 0.722024
18614 0.182596
18615 0.399729
18616 0.209401
18617 0.285461
18618 0.240549
18619 0.675951
18620 0.890535
18621 0.364807
18622 0.354562
18623 0.329191
18624 0.357087
18625 0.337585
18626 0.596475
18627 0.480471
18628 0.752073
18629 0.275156
18630 0.387978
18631 0.880361
18632 0.428214
18633 0.887932
18634 0.710443
18635 0.827607
18636 0.831598
18637 0.235405
18638 0.241097
18639 0.280004
18640 0.269971
18641 0.248575
18642 0.643047
18643 0.110125
18644 0.2134
18645 0.235088
18646 0.193344
18647 0.224037
18648 0.618525
18649 0.260615
18650 0.662359
18651 0.38427
18652 0.3341
18653 0.390965
18654 0.168111
18655 0.771164
18656 0.716538
18657 0.262217
18658 0.676404
18659 0.826864
18660 0.232818
18661 0.424152
18662 0.178723
18663 0.32865
18664 0.366417
18665 0.340452
18666 0.212765
18667 0.335501
18668 0.309226
18669 0.284984
18670 0.458275
18671 0.452662
18672 0.444873
18673 0.239229
18674 0.385807
18675 0.148326
18676 0.371573
18677 0.306118
18678 0.890807
18679 0.660145
18680 0.648657
18681 0.864878
18682 0.655996
18683 0.698882
18684 0.537992
18685 0.350365
18686 0.878403
18687 0.479198
18688 0.691294
18689 0.314571
18690 0.857755
18691 0.58238
18692 0.883489
18693 0.685949
18694 0.281539
18695 0.37258
18696 0.755083
18697 0.557952
18698 0.712491
18699 0.374959
18700 0.344026
18701 0.41042
18702 0.372185
18703 0.368729
18704 0.475635
18705 0.308582
18706 0.40157
18707 0.855391
18708 0.378018
18709 0.445586
18710 0.61402
18711 0.740972
18712 0.390346
18713 0.643422
18714 0.706324
18715 0.483881
18716 0.414308
18717 0.2891
18718 0.327539
18719 0.425059
18720 0.297325
18721 0.804843
18722 0.729021
18723 0.483661
18724 0.322639
18725 0.672186
18726 0.399912
18727 0.554289
18728 0.945943
18729 0.322181
18730 0.366305
18731 0.354922
18732 0.48953
18733 0.389039
18734 0.328465
18735 0.717858
18736 0.804278
18737 0.232258
18738 0.772378
18739 0.0809977
18740 0.0952461
18741 0.607127
18742 0.0803167
18743 0.0690802
18744 0.685624
18745 0.480233
18746 0.150644
18747 0.100899
18748 0.181569
18749 0.296274
18750 0.165738
18751 0.126426
18752 0.461659
18753 0.246689
18754 0.298583
18755 0.143068
18756 0.471966
18757 0.434071
18758 0.5073
18759 0.351329
18760 0.447885
18761 0.342698
18762 0.415784
18763 0.2046
18764 0.313149
18765 0.092284
18766 0.331718
18767 0.374138
18768 0.236644
18769 0.270676
18770 0.491576
18771 0.335843
18772 0.189967
18773 0.0491551
18774 0.312351
18775 0.290402
18776 0.620178
18777 0.64047
18778 0.253854
18779 0.383908
18780 0.404307
18781 0.36817
18782 0.334171
18783 0.20926
18784 0.686687
18785 0.186427
18786 0.520411
18787 0.766181
18788 0.162854
18789 0.16335
18790 0.671119
18791 0.314078
18792 0.198633
18793 0.134269
18794 0.122976
18795 0.878603
18796 0.135593
18797 0.136219
18798 0.138603
18799 0.139473
18800 0.132014
18801 0.138163
18802 0.132345
18803 0.135077
18804 0.179998
18805 0.812024
18806 0.57865
18807 0.0665904
18808 0.185528
18809 0.0741582
18810 0.0676362
18811 0.183998
18812 0.133371
18813 0.0511491
18814 0.0538926
18815 0.292824
18816 0.657275
18817 0.639856
18818 0.39673
18819 0.0728387
18820 0.136949
18821 0.158994
18822 0.258377
18823 0.124156
18824 0.152081
18825 0.157775
18826 0.390159
18827 0.22665
18828 0.397961
18829 0.182624
18830 0.620359
18831 0.222649
18832 0.195699
18833 0.153408
18834 0.688402
18835 0.53406
18836 0.691322
18837 0.328846
18838 0.178279
18839 0.157636
18840 0.150452
18841 0.0886926
18842 0.159561
18843 0.237418
18844 0.225959
18845 0.161533
18846 0.453207
18847 0.661411
18848 0.226717
18849 0.806166
18850 0.121953
18851 0.56926
18852 0.173367
18853 0.850605
18854 0.154122
18855 0.58975
18856 0.370729
18857 0.150183
18858 0.196736
18859 0.509139
18860 0.518458
18861 0.215186
18862 0.395635
18863 0.722667
18864 0.545934
18865 0.148255
18866 0.745784
18867 0.74429
18868 0.0864404
18869 0.0248851
18870 0.211439
18871 0.0235774
18872 0.255187
18873 0.143143
18874 0.314851
18875 0.349889
18876 0.350797
18877 0.316567
18878 0.369697
18879 0.0797271
18880 0.0827426
18881 0.085246
18882 0.0871495
18883 0.0877392
18884 0.539344
18885 0.0900953
18886 0.565293
18887 0.695768
18888 0.713213
18889 0.049319
18890 0.0136331
18891 0.27384
18892 0.0600636
18893 0.106383
18894 0.3872
18895 0.920182
18896 0.629683
18897 0.340519
18898 0.0481006
18899 0.0253142
18900 0.200917
18901 0.024887
18902 0.566153
18903 0.0239661
18904 0.669274
18905 0.26249
18906 0.0761558
18907 0.078486
18908 0.019824
18909 0.0814172
18910 0.0244736
18911 0.0450795
18912 0.40687
18913 0.205327
18914 0.226685
18915 0.0768227
18916 0.81596
18917 0.0691785
18918 0.0646442
18919 0.0691279
18920 0.0708507
18921 0.659013
18922 0.69354
18923 0.788338
18924 0.640241
18925 0.496771
18926 0.0418921
18927 0.792302
18928 0.300713
18929 0.435946
18930 0.0721887
18931 0.181298
18932 0.00824813
18933 0.0558172
18934 0.0431081
18935 0.0427511
18936 0.0423449
18937 0.803787
18938 0.335252
18939 0.0661423
18940 0.05625
18941 0.102485
18942 0.393306
18943 0.153297
18944 0.178172
18945 0.0536935
18946 0.301086
18947 0.092343
18948 0.00788385
18949 0.235547
18950 0.00964088
18951 0.0802688
18952 0.0214252
18953 0.0723351
18954 0.00163737
18955 0.0723678
18956 0.0718496
18957 0.537104
18958 0.161996
18959 0.686843
18960 0.69568
18961 0.166287
18962 0.138845
18963 0.745646
18964 0.0558962
18965 0.053056
18966 0.0413955
18967 0.0408582
18968 0.0636848
18969 0.0618585
18970 0.00709751
18971 0.0693015
18972 0.155693
18973 0.0390324
18974 0.0383632
18975 0.037669
18976 0.0369531
18977 0.549897
18978 0.504705
18979 0.0188253
18980 0.345212
18981 0.841662
18982 0.043665
18983 0.0438606
18984 0.0439989
18985 0.0440784
18986 0.0440576
18987 0.0439564
18988 0.0437945
18989 0.0463668
18990 0.0469781
18991 0.31734
18992 0.0664481
18993 0.0634181
18994 0.583585
18995 0.0347052
18996 0.0672735
18997 0.00483809
18998 0.0157244
18999 0.418744
19000 0.0467253
19001 0.0471219
19002 0.0471549
19003 0.0261079
19004 0.0262302
19005 0.119633
19006 0.136152
19007 0.122622
19008 0.0712745
19009 0.0322553
19010 0.0690208
19011 0.508787
19012 0.0613659
19013 0.0315598
19014 0.0296117
19015 0.0163158
19016 0.191263
19017 0.0251338
19018 0.0243128
19019 0.125788
19020 0.0235173
19021 0.0227472
19022 0.0205862
19023 0.0199142
19024 0.0367596
19025 0.0487499
19026 0.00513302
19027 0.332769
19028 0.0500987
19029 0.189642
19030 0.0259803
19031 0.209733
19032 0.0578807
19033 0.146729
19034 0.126866
19035 0.42098
19036 0.290784
19037 0.285618
19038 0.896248
19039 0.337885
19040 0.0948082
19041 0.293017
19042 0.329769
19043 0.103291
19044 0.330498
19045 0.40759
19046 0.645941
19047 0.0651285
19048 0.936564
19049 0.926734
19050 0.959922
19051 0.639729
19052 0.970161
19053 0.917977
19054 0.9464
19055 0.951943
19056 0.592631
19057 0.933469
19058 0.818516
19059 0.766131
19060 0.881108
19061 0.85016
19062 0.477882
19063 0.980279
19064 0.398736
19065 0.0961756
19066 0.361388
19067 0.188624
19068 0.182014
19069 0.171923
19070 0.0738883
19071 0.0801609
19072 0.712142
19073 0.0980819
19074 0.11689
19075 0.0916417
19076 0.0579227
19077 0.8084
19078 0.093773
19079 0.624047
19080 0.0856183
19081 0.0456189
19082 0.754565
19083 0.980373
19084 0.96554
19085 0.928259
19086 0.97484
19087 0.660003
19088 0.96423
19089 0.962884
19090 0.88089
19091 0.453352
19092 0.85585
19093 0.97272
19094 0.980559
19095 0.867143
19096 0.964879
19097 0.682039
19098 0.934989
19099 0.979948
19100 0.941278
19101 0.788967
19102 0.772964
19103 0.901502
19104 0.529815
19105 0.501247
19106 0.314686
19107 0.432089
19108 0.806086
19109 0.835486
19110 0.469894
19111 0.306043
19112 0.393561
19113 0.493671
19114 0.49578
19115 0.326424
19116 0.187195
19117 0.684792
19118 0.505096
19119 0.408396
19120 0.76226
19121 0.373572
19122 0.256018
19123 0.108538
19124 0.739773
19125 0.113885
19126 0.122009
19127 0.338492
19128 0.0828605
19129 0.099418
19130 0.764523
19131 0.490596
19132 0.552091
19133 0.642623
19134 0.132733
19135 0.461598
19136 0.0538319
19137 0.794613
19138 0.255208
19139 0.36824
19140 0.416453
19141 0.712098
19142 0.536064
19143 0.690255
19144 0.83012
19145 0.293188
19146 0.250927
19147 0.726113
19148 0.690383
19149 0.340568
19150 0.394793
19151 0.343706
19152 0.899687
19153 0.629518
19154 0.793523
19155 0.368421
19156 0.295333
19157 0.546198
19158 0.816645
19159 0.354728
19160 0.386161
19161 0.230149
19162 0.27259
19163 0.151567
19164 0.110956
19165 0.20199
19166 0.668565
19167 0.260232
19168 0.725006
19169 0.137697
19170 0.0487322
19171 0.100806
19172 0.0254174
19173 0.157688
19174 0.14884
19175 0.537084
19176 0.254002
19177 0.164262
19178 0.111277
19179 0.0780252
19180 0.446962
19181 0.0517824
19182 0.48672
19183 0.304057
19184 0.348093
19185 0.048975
19186 0.0518305
19187 0.00857561
19188 0.049724
19189 0.0756488
19190 0.0438744
19191 0.0742387
19192 0.0503501
19193 0.0556067
19194 0.0516208
19195 0.0513648
19196 0.127771
19197 0.0508476
19198 0.0512117
19199 0.638139
19200 0.840582
19201 0.191404
19202 0.719549
19203 0.328618
19204 0.46279
19205 0.625528
19206 0.744421
19207 0.706038
19208 0.468776
19209 0.35694
19210 0.69763
19211 0.866612
19212 0.566432
19213 0.407312
19214 0.392042
19215 0.329809
19216 0.230924
19217 0.528369
19218 0.66196
19219 0.0562702
19220 0.398718
19221 0.609674
19222 0.464028
19223 0.145935
19224 0.120801
19225 0.231949
19226 0.454207
19227 0.710348
19228 0.00952883
19229 0.0499555
19230 0.236402
19231 0.0520317
19232 0.17945
19233 0.697934
19234 0.895728
19235 0.386113
19236 0.356649
19237 0.661918
19238 0.79571
19239 0.520914
19240 0.359893
19241 0.702265
19242 0.71121
19243 0.578276
19244 0.271157
19245 0.822274
19246 0.685251
19247 0.420871
19248 0.551706
19249 0.499212
19250 0.660519
19251 0.544695
19252 0.789255
19253 0.345334
19254 0.671494
19255 0.294389
19256 0.914014
19257 0.642829
19258 0.224463
19259 0.794754
19260 0.35838
19261 0.17604
19262 0.694191
19263 0.208484
19264 0.664156
19265 0.265192
19266 0.813428
19267 0.899042
19268 0.697007
19269 0.192265
19270 0.235748
19271 0.273635
19272 0.392124
19273 0.65436
19274 0.730159
19275 0.788267
19276 0.315366
19277 0.958341
19278 0.311455
19279 0.232785
19280 0.212983
19281 0.323213
19282 0.431665
19283 0.658832
19284 0.850502
19285 0.292655
19286 0.68226
19287 0.43586
19288 0.37769
19289 0.888892
19290 0.461345
19291 0.870329
19292 0.344378
19293 0.8318
19294 0.410205
19295 0.286424
19296 0.725351
19297 0.314986
19298 0.114505
19299 0.650565
19300 0.513272
19301 0.778663
19302 0.511902
19303 0.398306
19304 0.0299545
19305 0.608715
19306 0.489636
19307 0.239566
19308 0.322123
19309 0.355941
19310 0.113416
19311 0.10888
19312 0.416835
19313 0.198911
19314 0.145395
19315 0.113024
19316 0.67495
19317 0.554206
19318 0.177497
19319 0.13542
19320 0.092707
19321 0.139277
19322 0.13066
19323 0.201922
19324 0.640215
19325 0.147382
19326 0.540818
19327 0.606058
19328 0.759324
19329 0.232937
19330 0.195819
19331 0.483862
19332 0.71551
19333 0.490098
19334 0.397178
19335 0.437158
19336 0.776059
19337 0.317792
19338 0.310374
19339 0.320239
19340 0.820257
19341 0.65723
19342 0.0615748
19343 0.35823
19344 0.623499
19345 0.0600392
19346 0.810824
19347 0.0511132
19348 0.504165
19349 0.317539
19350 0.104664
19351 0.135245
19352 0.232743
19353 0.0793623
19354 0.151482
19355 0.286551
19356 0.330585
19357 0.716091
19358 0.290236
19359 0.00503244
19360 0.0421493
19361 0.0702522
19362 0.544943
19363 0.367387
19364 0.602254
19365 0.751877
19366 0.453066
19367 0.0979511
19368 0.544974
19369 0.5786
19370 0.449859
19371 0.626378
19372 0.42713
19373 0.352857
19374 0.954403
19375 0.726214
19376 0.904765
19377 0.0513106
19378 0.285234
19379 0.0988148
19380 0.406483
19381 0.219096
19382 0.20646
19383 0.28247
19384 0.556723
19385 0.208536
19386 0.16558
19387 0.0543328
19388 0.142867
19389 0.035993
19390 0.121382
19391 0.182207
19392 0.188396
19393 0.172379
19394 0.19036
19395 0.159891
19396 0.188039
19397 0.0348767
19398 0.106655
19399 0.466896
19400 0.594133
19401 0.0599799
19402 0.0730574
19403 0.106162
19404 0.440912
19405 0.137256
19406 0.653161
19407 0.746847
19408 0.536753
19409 0.717216
19410 0.436458
19411 0.66736
19412 0.688152
19413 0.903333
19414 0.490301
19415 0.304086
19416 0.656198
19417 0.695787
19418 0.564869
19419 0.702579
19420 0.204524
19421 0.758205
19422 0.643499
19423 0.842462
19424 0.404526
19425 0.648839
19426 0.764531
19427 0.576569
19428 0.673475
19429 0.694113
19430 0.606353
19431 0.778428
19432 0.621553
19433 0.725528
19434 0.702139
19435 0.787712
19436 0.81082
19437 0.902958
19438 0.893193
19439 0.662565
19440 0.889618
19441 0.480681
19442 0.588569
19443 0.285688
19444 0.530173
19445 0.747872
19446 0.164486
19447 0.73455
19448 0.780028
19449 0.782914
19450 0.787074
19451 0.942012
19452 0.633258
19453 0.708885
19454 0.651201
19455 0.820837
19456 0.625151
19457 0.249461
19458 0.590995
19459 0.813343
19460 0.578169
19461 0.507586
19462 0.549758
19463 0.783698
19464 0.646761
19465 0.782566
19466 0.898469
19467 0.251381
19468 0.800832
19469 0.692014
19470 0.486137
19471 0.32412
19472 0.34152
19473 0.146511
19474 0.938511
19475 0.600318
19476 0.324485
19477 0.889754
19478 0.548437
19479 0.742409
19480 0.599349
19481 0.82906
19482 0.596048
19483 0.604939
19484 0.25711
19485 0.116874
19486 0.778633
19487 0.680403
19488 0.74926
19489 0.812829
19490 0.802005
19491 0.780351
19492 0.751655
19493 0.767203
19494 0.745618
19495 0.501702
19496 0.792444
19497 0.693745
19498 0.515576
19499 0.115827
19500 0.699508
19501 0.125519
19502 0.66087
19503 0.604943
19504 0.652184
19505 0.831788
19506 0.495866
19507 0.768286
19508 0.675441
19509 0.555484
19510 0.692009
19511 0.622216
19512 0.655965
19513 0.455172
19514 0.310718
19515 0.445121
19516 0.805145
19517 0.45989
19518 0.606088
19519 0.500187
19520 0.383663
19521 0.830966
19522 0.571587
19523 0.371994
19524 0.670971
19525 0.659835
19526 0.743617
19527 0.910743
19528 0.753523
19529 0.652379
19530 0.669485
19531 0.815643
19532 0.523297
19533 0.705844
19534 0.675634
19535 0.72982
19536 0.78056
19537 0.759319
19538 0.857697
19539 0.813261
19540 0.440783
19541 0.765955
19542 0.440343
19543 0.601485
19544 0.377766
19545 0.592125
19546 0.756153
19547 0.666165
19548 0.588005
19549 0.8546
19550 0.548094
19551 0.410899
19552 0.706875
19553 0.713511
19554 0.677698
19555 0.667525
19556 0.550541
19557 0.853026
19558 0.590959
19559 0.443294
19560 0.849333
19561 0.580602
19562 0.768466
19563 0.678698
19564 0.744998
19565 0.612637
19566 0.452448
19567 0.471015
19568 0.828385
19569 0.68107
19570 0.150092
19571 0.395975
19572 0.882249
19573 0.385495
19574 0.483505
19575 0.524989
19576 0.53544
19577 0.444277
19578 0.510376
19579 0.509774
19580 0.633702
19581 0.568664
19582 0.72698
19583 0.503882
19584 0.125578
19585 0.052244
19586 0.0924116
19587 0.122213
19588 0.121007
19589 0.118502
19590 0.100806
19591 0.114835
19592 0.861467
19593 0.431671
19594 0.663826
19595 0.945393
19596 0.564517
19597 0.497319
19598 0.495431
19599 0.825021
19600 0.382677
19601 0.628971
19602 0.601269
19603 0.789904
19604 0.882936
19605 0.88085
19606 0.551659
19607 0.645422
19608 0.45039
19609 0.714922
19610 0.527222
19611 0.585277
19612 0.489242
19613 0.691517
19614 0.550009
19615 0.053953
19616 0.285117
19617 0.179333
19618 0.329932
19619 0.0759134
19620 0.43494
19621 0.733774
19622 0.461698
19623 0.0984525
19624 0.535569
19625 0.743683
19626 0.911416
19627 0.608188
19628 0.755376
19629 0.635718
19630 0.726678
19631 0.751672
19632 0.714417
19633 0.721511
19634 0.372448
19635 0.455603
19636 0.982176
19637 0.602592
19638 0.751668
19639 0.556233
19640 0.703542
19641 0.62375
19642 0.630072
19643 0.753671
19644 0.641368
19645 0.542274
19646 0.505501
19647 0.550726
19648 0.509096
19649 0.626189
19650 0.718938
19651 0.797852
19652 0.685571
19653 0.564532
19654 0.769678
19655 0.384033
19656 0.403331
19657 0.434108
19658 0.626053
19659 0.377101
19660 0.807172
19661 0.672117
19662 0.574367
19663 0.656454
19664 0.605081
19665 0.698481
19666 0.798756
19667 0.743045
19668 0.91013
19669 0.697922
19670 0.506407
19671 0.607801
19672 0.634816
19673 0.456134
19674 0.774641
19675 0.537156
19676 0.81979
19677 0.686013
19678 0.514028
19679 0.0259452
19680 0.0329123
19681 0.0525756
19682 0.699932
19683 0.852242
19684 0.437521
19685 0.304975
19686 0.540089
19687 0.816759
19688 0.941813
19689 0.641697
19690 0.647101
19691 0.646605
19692 0.6657
19693 0.345073
19694 0.476517
19695 0.26745
19696 0.77273
19697 0.638766
19698 0.664597
19699 0.450598
19700 0.767083
19701 0.627264
19702 0.819629
19703 0.33155
19704 0.0381522
19705 0.0410675
19706 0.0568827
19707 0.0450143
19708 0.0370878
19709 0.0433562
19710 0.0439353
19711 0.0444087
19712 0.0447701
19713 0.654188
19714 0.756566
19715 0.61712
19716 0.469019
19717 0.514396
19718 0.409079
19719 0.386596
19720 0.837414
19721 0.269858
19722 0.429137
19723 0.871144
19724 0.588163
19725 0.606636
19726 0.856785
19727 0.645516
19728 0.630051
19729 0.497807
19730 0.206544
19731 0.563823
19732 0.217244
19733 0.248999
19734 0.197071
19735 0.277874
19736 0.0616552
19737 0.853427
19738 0.505516
19739 0.930332
19740 0.795278
19741 0.947258
19742 0.947767
19743 0.88821
19744 0.934169
19745 0.938834
19746 0.794119
19747 0.83539
19748 0.937279
19749 0.934139
19750 0.943591
19751 0.941664
19752 0.905694
19753 0.804647
19754 0.914502
19755 0.934339
19756 0.807042
19757 0.854758
19758 0.893045
19759 0.940379
19760 0.876753
19761 0.767108
19762 0.925056
19763 0.963496
19764 0.904801
19765 0.963435
19766 0.865264
19767 0.943908
19768 0.959461
19769 0.843762
19770 0.887561
19771 0.846437
19772 0.963163
19773 0.903901
19774 0.739832
19775 0.776419
19776 0.861654
19777 0.79353
19778 0.781378
19779 0.925429
19780 0.980483
19781 0.847518
19782 0.948697
19783 0.882069
19784 0.92781
19785 0.807917
19786 0.895132
19787 0.949459
19788 0.970254
19789 0.955772
19790 0.974245
19791 0.944683
19792 0.917644
19793 0.858845
19794 0.932387
19795 0.942184
19796 0.979822
19797 0.892615
19798 0.764777
19799 0.832836
19800 0.819439
19801 0.84248
19802 0.135748
19803 0.146194
19804 0.72277
19805 0.826165
19806 0.744666
19807 0.596379
19808 0.704465
19809 0.885362
19810 0.893612
19811 0.460345
19812 0.87061
19813 0.853906
19814 0.554156
19815 0.573316
19816 0.713221
19817 0.468419
19818 0.762721
19819 0.935268
19820 0.662632
19821 0.516638
19822 0.486008
19823 0.270117
19824 0.59739
19825 0.464822
19826 0.710785
19827 0.656783
19828 0.83457
19829 0.575419
19830 0.890325
19831 0.916982
19832 0.693099
19833 0.628869
19834 0.753363
19835 0.61921
19836 0.401479
19837 0.955414
19838 0.650618
19839 0.866027
19840 0.758339
19841 0.528535
19842 0.785464
19843 0.609887
19844 0.613351
19845 0.58327
19846 0.124289
19847 0.0767936
19848 0.116251
19849 0.116673
19850 0.115864
19851 0.113875
19852 0.110816
19853 0.477391
19854 0.612175
19855 0.569434
19856 0.486273
19857 0.626219
19858 0.0666533
19859 0.383427
19860 0.646052
19861 0.442742
19862 0.596869
19863 0.682418
19864 0.641049
19865 0.731525
19866 0.473746
19867 0.680343
19868 0.689323
19869 0.806265
19870 0.810341
19871 0.902065
19872 0.599559
19873 0.719118
19874 0.753121
19875 0.67265
19876 0.681712
19877 0.746357
19878 0.851591
19879 0.759014
19880 0.676617
19881 0.210858
19882 0.619105
19883 0.648639
19884 0.722509
19885 0.728642
19886 0.527607
19887 0.701664
19888 0.151155
19889 0.313421
19890 0.596561
19891 0.643219
19892 0.549076
19893 0.512012
19894 0.0855108
19895 0.0797008
19896 0.0912883
19897 0.0739779
19898 0.0968862
19899 0.270539
19900 0.0684344
19901 0.102133
19902 0.101114
19903 0.106841
19904 0.543879
19905 0.332581
19906 0.0982211
19907 0.103455
19908 0.108059
19909 0.111837
19910 0.114612
19911 0.453235
19912 0.520613
19913 0.558773
19914 0.546727
19915 0.35039
19916 0.500134
19917 0.738491
19918 0.5353
19919 0.117471
19920 0.1336
19921 0.101063
19922 0.345877
19923 0.689394
19924 0.290021
19925 0.546378
19926 0.173323
19927 0.530234
19928 0.556229
19929 0.0641713
19930 0.405225
19931 0.0518478
19932 0.573478
19933 0.689134
19934 0.10191
19935 0.00527411
19936 0.0529024
19937 0.00555449
19938 0.47962
19939 0.639142
19940 0.547122
19941 0.860446
19942 0.707175
19943 0.120272
19944 0.107924
19945 0.756985
19946 0.0952909
19947 0.0831798
19948 0.0720672
19949 0.0621695
19950 0.0535283
19951 0.486652
19952 0.089382
19953 0.684668
19954 0.672965
19955 0.810264
19956 0.0766406
19957 0.0732839
19958 0.310969
19959 0.253513
19960 0.245818
19961 0.644234
19962 0.602405
19963 0.866952
19964 0.602679
19965 0.529883
19966 0.769033
19967 0.830055
19968 0.282722
19969 0.290393
19970 0.555622
19971 0.312827
19972 0.404838
19973 0.123552
19974 0.248659
19975 0.18401
19976 0.19424
19977 0.229649
19978 0.194268
19979 0.584303
19980 0.12459
19981 0.0890707
19982 0.553869
19983 0.105147
19984 0.160986
19985 0.152546
19986 0.381132
19987 0.962459
19988 0.83554
19989 0.898544
19990 0.797324
19991 0.869358
19992 0.942312
19993 0.748067
19994 0.604671
19995 0.927634
19996 0.931775
19997 0.93251
19998 0.955775
19999 0.952973
20000 0.96159
20001 0.947362
20002 0.784857
20003 0.991615
20004 0.917464
20005 0.812067
20006 0.953063
20007 0.893935
20008 0.926714
20009 0.923252
20010 0.687613
20011 0.981125
20012 0.796789
20013 0.947552
20014 0.926094
20015 0.849751
20016 0.888386
20017 0.773322
20018 0.808681
20019 0.872684
20020 0.699135
20021 0.9679
20022 0.732119
20023 0.925269
20024 0.819703
20025 0.831635
20026 0.903884
20027 0.814418
20028 0.762984
20029 0.902482
20030 0.954933
20031 0.92374
20032 0.87053
20033 0.896821
20034 0.76446
20035 0.794078
20036 0.891936
20037 0.764419
20038 0.920693
20039 0.891581
20040 0.867228
20041 0.818576
20042 0.988386
20043 0.956821
20044 0.742485
20045 0.717246
20046 0.952639
20047 0.879554
20048 0.959378
20049 0.808082
20050 0.97333
20051 0.944234
20052 0.870969
20053 0.92662
20054 0.902002
20055 0.889543
20056 0.88088
20057 0.912415
20058 0.790434
20059 0.87271
20060 0.903768
20061 0.924689
20062 0.902285
20063 0.910017
20064 0.940038
20065 0.949332
20066 0.971818
20067 0.94233
20068 0.937515
20069 0.859346
20070 0.896565
20071 0.892748
20072 0.896862
20073 0.901082
20074 0.822442
20075 0.83956
20076 0.843501
20077 0.902433
20078 0.877773
20079 0.945002
20080 0.836461
20081 0.899228
20082 0.875693
20083 0.898123
20084 0.843598
20085 0.941917
20086 0.910106
20087 0.920103
20088 0.982174
20089 0.926522
20090 0.867906
20091 0.907673
20092 0.934688
20093 0.965796
20094 0.945231
20095 0.960194
20096 0.905423
20097 0.932045
20098 0.949897
20099 0.912501
20100 0.89131
20101 0.887681
20102 0.896876
20103 0.810841
20104 0.920237
20105 0.931808
20106 0.884212
20107 0.923276
20108 0.859358
20109 0.88049
20110 0.887441
20111 0.953908
20112 0.888513
20113 0.915684
20114 0.918334
20115 0.887357
20116 0.848671
20117 0.88462
20118 0.884719
20119 0.942485
20120 0.877571
20121 0.915455
20122 0.919983
20123 0.720855
20124 0.870806
20125 0.935864
20126 0.857798
20127 0.878553
20128 0.875964
20129 0.854812
20130 0.950944
20131 0.878719
20132 0.931965
20133 0.899643
20134 0.876924
20135 0.923355
20136 0.934624
20137 0.930213
20138 0.935635
20139 0.947349
20140 0.92351
20141 0.913716
20142 0.919284
20143 0.899758
20144 0.941241
20145 0.837212
20146 0.972378
20147 0.978016
20148 0.780154
20149 0.960769
20150 0.92046
20151 0.837079
20152 0.950286
20153 0.915111
20154 0.787343
20155 0.803215
20156 0.704582
20157 0.825076
20158 0.919607
20159 0.860232
20160 0.959689
20161 0.753515
20162 0.965396
20163 0.851053
20164 0.916293
20165 0.958777
20166 0.943276
20167 0.761672
20168 0.986857
20169 0.814567
20170 0.936484
20171 0.830006
20172 0.979556
20173 0.88951
20174 0.867849
20175 0.878805
20176 0.861444
20177 0.981067
20178 0.827346
20179 0.853519
20180 0.739821
20181 0.784025
20182 0.970268
20183 0.97359
20184 0.927241
20185 0.856223
20186 0.949203
20187 0.849512
20188 0.957971
20189 0.782889
20190 0.902491
20191 0.91095
20192 0.949558
20193 0.884992
20194 0.849113
20195 0.952394
20196 0.926271
20197 0.926822
20198 0.812414
20199 0.945015
20200 0.882764
20201 0.829092
20202 0.915685
20203 0.882796
20204 0.837553
20205 0.882314
20206 0.958662
20207 0.895941
20208 0.841656
20209 0.686219
20210 0.825301
20211 0.681903
20212 0.956974
20213 0.879691
20214 0.85264
20215 0.755442
20216 0.793244
20217 0.861092
20218 0.895197
20219 0.896505
20220 0.912008
20221 0.890495
20222 0.840482
20223 0.779087
20224 0.980121
20225 0.965071
20226 0.856402
20227 0.939023
20228 0.88097
20229 0.913516
20230 0.929269
20231 0.964314
20232 0.980709
20233 0.867187
20234 0.744927
20235 0.870891
20236 0.876488
20237 0.842997
20238 0.848598
20239 0.852758
20240 0.91475
20241 0.885353
20242 0.773781
20243 0.877465
20244 0.865732
20245 0.850646
20246 0.685128
20247 0.783737
20248 0.86501
20249 0.911373
20250 0.89269
20251 0.62023
20252 0.958103
20253 0.867092
20254 0.748958
20255 0.813944
20256 0.922037
20257 0.769119
20258 0.950086
20259 0.918066
20260 0.650295
20261 0.673796
20262 0.968238
20263 0.791525
20264 0.917818
20265 0.959803
20266 0.828002
20267 0.951165
20268 0.963366
20269 0.812604
20270 0.949806
20271 0.926976
20272 0.936099
20273 0.94288
20274 0.934287
20275 0.916328
20276 0.830044
20277 0.91111
20278 0.894467
20279 0.934907
20280 0.676532
20281 0.560791
20282 0.732365
20283 0.817631
20284 0.646871
20285 0.820392
20286 0.645689
20287 0.532539
20288 0.954747
20289 0.743761
20290 0.941286
20291 0.846628
20292 0.974341
20293 0.747266
20294 0.795062
20295 0.908601
20296 0.867101
20297 0.778481
20298 0.864347
20299 0.793069
20300 0.750124
20301 0.840462
20302 0.797027
20303 0.663441
20304 0.754478
20305 0.948256
20306 0.954467
20307 0.855224
20308 0.924089
20309 0.893368
20310 0.979435
20311 0.912822
20312 0.865497
20313 0.897403
20314 0.910553
20315 0.796137
20316 0.812332
20317 0.938786
20318 0.905375
20319 0.872553
20320 0.921089
20321 0.928311
20322 0.822303
20323 0.854853
20324 0.929273
20325 0.920198
20326 0.859875
20327 0.871866
20328 0.767774
20329 0.888529
20330 0.534723
20331 0.850143
20332 0.889873
20333 0.882386
20334 0.916149
20335 0.815851
20336 0.86453
20337 0.875668
20338 0.948972
20339 0.944844
20340 0.937533
20341 0.897876
20342 0.88879
20343 0.916984
20344 0.948148
20345 0.840542
20346 0.913571
20347 0.910265
20348 0.808516
20349 0.82337
20350 0.832865
20351 0.792123
20352 0.862286
20353 0.902462
20354 0.95757
20355 0.745527
20356 0.955119
20357 0.976903
20358 0.901921
20359 0.886421
20360 0.907958
20361 0.853931
20362 0.832387
20363 0.903174
20364 0.962717
20365 0.745408
20366 0.900452
20367 0.691948
20368 0.912785
20369 0.702518
20370 0.902607
20371 0.853239
20372 0.63479
20373 0.631674
20374 0.900638
20375 0.889731
20376 0.827114
20377 0.925773
20378 0.792241
20379 0.92498
20380 0.77275
20381 0.943418
20382 0.916164
20383 0.919251
20384 0.980606
20385 0.938548
20386 0.78873
20387 0.806406
20388 0.879874
20389 0.787571
20390 0.919099
20391 0.860601
20392 0.88377
20393 0.87268
20394 0.827078
20395 0.94968
20396 0.907967
20397 0.822054
20398 0.937113
20399 0.866932
20400 0.853207
20401 0.668527
20402 0.801682
20403 0.56355
20404 0.937872
20405 0.851837
20406 0.867781
20407 0.972109
20408 0.843828
20409 0.854816
20410 0.906831
20411 0.884097
20412 0.976143
20413 0.816727
20414 0.661212
20415 0.914249
20416 0.903787
20417 0.96103
20418 0.782209
20419 0.823248
20420 0.704654
20421 0.673025
20422 0.943976
20423 0.927349
20424 0.841037
20425 0.762766
20426 0.951095
20427 0.938575
20428 0.927813
20429 0.773433
20430 0.763462
20431 0.882564
20432 0.866904
20433 0.855574
20434 0.871639
20435 0.792335
20436 0.96888
20437 0.898554
20438 0.862689
20439 0.930822
20440 0.863744
20441 0.946955
20442 0.841107
20443 0.884975
20444 0.874115
20445 0.930279
20446 0.926699
20447 0.82786
20448 0.850435
20449 0.929207
20450 0.907872
20451 0.912579
20452 0.865987
20453 0.929271
20454 0.947137
20455 0.926619
20456 0.892236
20457 0.890347
20458 0.856083
20459 0.851394
20460 0.897002
20461 0.939378
20462 0.955247
20463 0.900076
20464 0.849772
20465 0.969669
20466 0.795138
20467 0.913448
20468 0.950419
20469 0.821285
20470 0.82989
20471 0.830224
20472 0.907246
20473 0.969276
20474 0.883954
20475 0.950035
20476 0.79563
20477 0.848855
20478 0.809067
20479 0.915761
20480 0.825344
20481 0.853107
20482 0.932748
20483 0.933622
20484 0.861269
20485 0.805583
20486 0.880404
20487 0.949449
20488 0.915133
20489 0.717504
20490 0.870908
20491 0.951983
20492 0.872367
20493 0.794735
20494 0.873289
20495 0.911918
20496 0.857499
20497 0.950309
20498 0.818526
20499 0.888744
20500 0.904793
20501 0.779346
20502 0.931345
20503 0.925174
20504 0.926769
20505 0.823355
20506 0.878813
20507 0.884426
20508 0.84362
20509 0.88901
20510 0.860095
20511 0.846507
20512 0.738672
20513 0.919695
20514 0.808764
20515 0.914893
20516 0.846398
20517 0.793594
20518 0.867047
20519 0.894875
20520 0.810975
20521 0.899261
20522 0.854211
20523 0.880603
20524 0.94411
20525 0.985503
20526 0.809254
20527 0.86889
20528 0.898754
20529 0.894349
20530 0.897789
20531 0.885791
20532 0.905059
20533 0.939629
20534 0.948976
20535 0.866875
20536 0.694734
20537 0.965716
20538 0.954342
20539 0.773707
20540 0.936033
20541 0.950627
20542 0.951888
20543 0.72971
20544 0.877095
20545 0.798332
20546 0.814001
20547 0.911308
20548 0.839841
20549 0.861711
20550 0.927973
20551 0.792935
20552 0.965409
20553 0.918181
20554 0.947767
20555 0.933478
20556 0.883672
20557 0.971228
20558 0.875372
20559 0.660899
20560 0.918366
20561 0.786291
20562 0.881793
20563 0.900848
20564 0.900631
20565 0.867041
20566 0.887691
20567 0.956079
20568 0.92679
20569 0.855743
20570 0.923527
20571 0.842943
20572 0.807527
20573 0.945559
20574 0.72423
20575 0.724863
20576 0.792215
20577 0.905729
20578 0.886594
20579 0.795996
20580 0.883951
20581 0.865245
20582 0.92772
20583 0.894943
20584 0.891112
20585 0.860833
20586 0.935563
20587 0.829911
20588 0.891972
20589 0.833191
20590 0.782433
20591 0.897367
20592 0.862458
20593 0.849328
20594 0.861775
20595 0.938943
20596 0.865474
20597 0.972061
20598 0.888999
20599 0.95959
20600 0.939289
20601 0.864594
20602 0.80031
20603 0.87789
20604 0.849589
20605 0.905185
20606 0.70697
20607 0.861646
20608 0.708843
20609 0.784353
20610 0.613246
20611 0.896646
20612 0.911595
20613 0.87931
20614 0.76847
20615 0.816524
20616 0.748156
20617 0.877755
20618 0.79446
20619 0.780561
20620 0.854474
20621 0.899682
20622 0.944409
20623 0.855031
20624 0.913138
20625 0.902368
20626 0.93094
20627 0.853415
20628 0.960528
20629 0.942834
20630 0.896499
20631 0.867804
20632 0.872925
20633 0.924572
20634 0.972593
20635 0.95056
20636 0.898725
20637 0.818321
20638 0.901599
20639 0.865641
20640 0.81565
20641 0.874181
20642 0.734095
20643 0.809401
20644 0.797062
20645 0.512263
20646 0.644096
20647 0.0717802
20648 0.0707483
20649 0.33512
20650 0.782354
20651 0.129723
20652 0.113169
20653 0.689516
20654 0.120984
20655 0.118515
20656 0.581108
20657 0.117528
20658 0.358207
20659 0.665487
20660 0.552653
20661 0.51819
20662 0.760562
20663 0.531808
20664 0.85086
20665 0.837473
20666 0.307474
20667 0.900663
20668 0.514411
20669 0.14011
20670 0.321369
20671 0.740092
20672 0.558524
20673 0.0597961
20674 0.386191
20675 0.645748
20676 0.565641
20677 0.599852
20678 0.571306
20679 0.152456
20680 0.466972
20681 0.614211
20682 0.110827
20683 0.658758
20684 0.44495
20685 0.428621
20686 0.731272
20687 0.737678
20688 0.564495
20689 0.472573
20690 0.621399
20691 0.39042
20692 0.801021
20693 0.792725
20694 0.828447
20695 0.73767
20696 0.934885
20697 0.851825
20698 0.888572
20699 0.767641
20700 0.873633
20701 0.691293
20702 0.0749726
20703 0.332867
20704 0.0275151
20705 0.409133
20706 0.430095
20707 0.714754
20708 0.656734
20709 0.1074
20710 0.597666
20711 0.0339321
20712 0.483676
20713 0.60406
20714 0.0824481
20715 0.687221
20716 0.0494167
20717 0.0475852
20718 0.0455556
20719 0.0258468
20720 0.0515627
20721 0.0549659
20722 0.0619992
20723 0.0631366
20724 0.52208
20725 0.538489
20726 0.0615781
20727 0.41891
20728 0.624026
20729 0.173824
20730 0.676514
20731 0.409875
20732 0.361285
20733 0.26242
20734 0.617537
20735 0.363565
20736 0.669487
20737 0.284927
20738 0.879788
20739 0.869443
20740 0.916889
20741 0.862646
20742 0.299656
20743 0.793342
20744 0.697754
20745 0.750296
20746 0.607701
20747 0.466419
20748 0.552911
20749 0.6546
20750 0.593976
20751 0.439808
20752 0.583962
20753 0.117559
20754 0.890418
20755 0.582864
20756 0.776951
20757 0.362475
20758 0.905864
20759 0.785026
20760 0.850128
20761 0.894213
20762 0.784197
20763 0.68013
20764 0.703274
20765 0.874593
20766 0.767461
20767 0.381365
20768 0.394154
20769 0.751996
20770 0.66176
20771 0.358661
20772 0.00317681
20773 0.410863
20774 0.706084
20775 0.544164
20776 0.510609
20777 0.869894
20778 0.419546
20779 0.0741104
20780 0.050989
20781 0.670317
20782 0.0716972
20783 0.119372
20784 0.719259
20785 0.0713875
20786 0.0674807
20787 0.0252004
20788 0.481325
20789 0.0483262
20790 0.317919
20791 0.4369
20792 0.358422
20793 0.232895
20794 0.577192
20795 0.508249
20796 0.619428
20797 0.0373933
20798 0.0282738
20799 0.10016
20800 0.0419132
20801 0.0686696
20802 0.0426793
20803 0.60372
20804 0.886331
20805 0.557275
20806 0.646201
20807 0.641323
20808 0.617187
20809 0.912897
20810 0.871094
20811 0.908567
20812 0.957926
20813 0.912061
20814 0.800795
20815 0.670004
20816 0.693934
20817 0.606694
20818 0.647936
20819 0.894087
20820 0.527403
20821 0.785326
20822 0.875283
20823 0.756259
20824 0.912412
20825 0.751891
20826 0.568623
20827 0.482801
20828 0.606854
20829 0.680633
20830 0.789317
20831 0.606569
20832 0.848823
20833 0.575358
20834 0.86535
20835 0.795375
20836 0.495352
20837 0.871521
20838 0.546053
20839 0.760168
20840 0.630992
20841 0.322931
20842 0.252306
20843 0.590359
20844 0.951318
20845 0.787044
20846 0.821533
20847 0.971567
20848 0.943754
20849 0.950291
20850 0.95135
20851 0.904516
20852 0.663389
20853 0.751599
20854 0.649746
20855 0.836078
20856 0.591109
20857 0.86594
20858 0.850203
20859 0.643971
20860 0.496242
20861 0.629844
20862 0.353054
20863 0.42411
20864 0.878237
20865 0.724173
20866 0.623047
20867 0.797141
20868 0.742146
20869 0.541986
20870 0.8624
20871 0.592885
20872 0.798554
20873 0.74335
20874 0.625771
20875 0.62819
20876 0.884446
20877 0.901127
20878 0.848997
20879 0.970244
20880 0.78091
20881 0.930309
20882 0.783692
20883 0.882234
20884 0.936389
20885 0.926611
20886 0.956135
20887 0.904134
20888 0.823228
20889 0.808334
20890 0.919042
20891 0.910088
20892 0.925054
20893 0.733205
20894 0.747454
20895 0.918153
20896 0.801857
20897 0.879435
20898 0.873354
20899 0.837474
20900 0.788571
20901 0.955017
20902 0.705521
20903 0.835339
20904 0.944994
20905 0.905281
20906 0.865761
20907 0.959743
20908 0.809279
20909 0.868475
20910 0.905796
20911 0.87675
20912 0.933738
20913 0.86557
20914 0.892999
20915 0.896449
20916 0.930347
20917 0.940329
20918 0.942392
20919 0.910055
20920 0.853447
20921 0.881806
20922 0.738683
20923 0.848636
20924 0.948788
20925 0.806786
20926 0.918418
20927 0.886884
20928 0.718236
20929 0.771947
20930 0.907866
20931 0.95551
20932 0.6574
20933 0.849974
20934 0.969162
20935 0.864114
20936 0.743571
20937 0.885321
20938 0.679643
20939 0.797622
20940 0.771361
20941 0.929303
20942 0.876325
20943 0.882374
20944 0.860844
20945 0.855335
20946 0.965545
20947 0.846122
20948 0.874812
20949 0.960303
20950 0.750259
20951 0.884072
20952 0.688298
20953 0.905044
20954 0.698451
20955 0.737433
20956 0.787143
20957 0.763254
20958 0.837915
20959 0.873569
20960 0.878868
20961 0.881824
20962 0.947969
20963 0.860505
20964 0.79281
20965 0.925562
20966 0.937032
20967 0.897487
20968 0.816544
20969 0.939053
20970 0.883544
20971 0.898907
20972 0.832109
20973 0.910164
20974 0.84294
20975 0.93798
20976 0.835441
20977 0.8789
20978 0.905953
20979 0.803291
20980 0.89127
20981 0.875181
20982 0.747602
20983 0.808915
20984 0.96996
20985 0.880763
20986 0.866019
20987 0.679702
20988 0.758635
20989 0.970953
20990 0.944741
20991 0.881344
20992 0.781427
20993 0.89166
20994 0.969256
20995 0.834358
20996 0.952411
20997 0.97707
20998 0.893707
20999 0.899987
21000 0.845548
21001 0.898213
21002 0.819467
21003 0.981652
21004 0.918405
21005 0.898741
21006 0.828703
21007 0.741046
21008 0.961626
21009 0.892355
21010 0.943958
21011 0.659377
21012 0.809148
21013 0.722333
21014 0.838246
21015 0.824472
21016 0.721915
21017 0.811626
21018 0.9567
21019 0.907339
21020 0.927294
21021 0.960317
21022 0.929812
21023 0.927948
21024 0.956446
21025 0.810629
21026 0.791422
21027 0.932163
21028 0.827656
21029 0.950047
21030 0.890434
21031 0.713846
21032 0.757053
21033 0.931084
21034 0.940062
21035 0.899174
21036 0.784783
21037 0.745068
21038 0.884554
21039 0.730851
21040 0.825927
21041 0.919918
21042 0.935806
21043 0.928981
21044 0.856875
21045 0.926324
21046 0.872714
21047 0.871045
21048 0.909945
21049 0.972607
21050 0.884324
21051 0.946222
21052 0.966526
21053 0.976819
21054 0.945732
21055 0.953143
21056 0.670291
21057 0.71651
21058 0.778612
21059 0.483345
21060 0.192181
21061 0.576812
21062 0.86646
21063 0.622161
21064 0.745098
21065 0.482186
21066 0.900181
21067 0.645677
21068 0.726251
21069 0.757685
21070 0.702591
21071 0.864906
21072 0.770507
21073 0.628506
21074 0.745419
21075 0.539151
21076 0.494382
21077 0.577146
21078 0.633879
21079 0.837002
21080 0.64161
21081 0.92608
21082 0.693507
21083 0.819195
21084 0.712191
21085 0.272002
21086 0.943088
21087 0.368108
21088 0.844479
21089 0.707405
21090 0.899702
21091 0.79572
21092 0.740626
21093 0.324211
21094 0.568026
21095 0.741724
21096 0.57965
21097 0.87589
21098 0.863285
21099 0.760511
21100 0.865671
21101 0.837571
21102 0.885158
21103 0.744987
21104 0.980593
21105 0.892455
21106 0.952325
21107 0.848856
21108 0.751308
21109 0.658669
21110 0.882831
21111 0.894903
21112 0.841725
21113 0.886424
21114 0.85747
21115 0.798
21116 0.977773
21117 0.923949
21118 0.923076
21119 0.925989
21120 0.915128
21121 0.986143
21122 0.959983
21123 0.708023
21124 0.958773
21125 0.929877
21126 0.797477
21127 0.898184
21128 0.938144
21129 0.923716
21130 0.825581
21131 0.917356
21132 0.891576
21133 0.649305
21134 0.897516
21135 0.920879
21136 0.886316
21137 0.961774
21138 0.936966
21139 0.696408
21140 0.768613
21141 0.975723
21142 0.933377
21143 0.947942
21144 0.981748
21145 0.855818
21146 0.940687
21147 0.924475
21148 0.883284
21149 0.938615
21150 0.740529
21151 0.859296
21152 0.977437
21153 0.968886
21154 0.715072
21155 0.727549
21156 0.803185
21157 0.872692
21158 0.741239
21159 0.836872
21160 0.807708
21161 0.709713
21162 0.881742
21163 0.880246
21164 0.731035
21165 0.632794
21166 0.831785
21167 0.700692
21168 0.855679
21169 0.720092
21170 0.54248
21171 0.369249
21172 0.416278
21173 0.548487
21174 0.601804
21175 0.800307
21176 0.705997
21177 0.845471
21178 0.808875
21179 0.436553
21180 0.773278
21181 0.847012
21182 0.732845
21183 0.644183
21184 0.802715
21185 0.618205
21186 0.348415
21187 0.26951
21188 0.576802
21189 0.556811
21190 0.280838
21191 0.593528
21192 0.368148
21193 0.44899
21194 0.417504
21195 0.491472
21196 0.72664
21197 0.800385
21198 0.555644
21199 0.488389
21200 0.609967
21201 0.929216
21202 0.836572
21203 0.881172
21204 0.797089
21205 0.854748
21206 0.927367
21207 0.96297
21208 0.814059
21209 0.89023
21210 0.94331
21211 0.875094
21212 0.893734
21213 0.970244
21214 0.796862
21215 0.732281
21216 0.97631
21217 0.612888
21218 0.0622723
21219 0.0601317
21220 0.788963
21221 0.789048
21222 0.63955
21223 0.629119
21224 0.803757
21225 0.670667
21226 0.928689
21227 0.863779
21228 0.869117
21229 0.620277
21230 0.909937
21231 0.914696
21232 0.863813
21233 0.902571
21234 0.905298
21235 0.795864
21236 0.953236
21237 0.264327
21238 0.464677
21239 0.261645
21240 0.855723
21241 0.329721
21242 0.752156
21243 0.598751
21244 0.809493
21245 0.874389
21246 0.930818
21247 0.693197
21248 0.826705
21249 0.738407
21250 0.749464
21251 0.923053
21252 0.750788
21253 0.813603
21254 0.828213
21255 0.792766
21256 0.818036
21257 0.633521
21258 0.805278
21259 0.656446
21260 0.523198
21261 0.586518
21262 0.537905
21263 0.73235
21264 0.616566
21265 0.407598
21266 0.138641
21267 0.134279
21268 0.503167
21269 0.851114
21270 0.819242
21271 0.940583
21272 0.88479
21273 0.899854
21274 0.755425
21275 0.86508
21276 0.837746
21277 0.590403
21278 0.748604
21279 0.585744
21280 0.507493
21281 0.692061
21282 0.633118
21283 0.802448
21284 0.734316
21285 0.814211
21286 0.910578
21287 0.569658
21288 0.29266
21289 0.526033
21290 0.757815
21291 0.677973
21292 0.664099
21293 0.808438
21294 0.913126
21295 0.721686
21296 0.610907
21297 0.641726
21298 0.560643
21299 0.672085
21300 0.37537
21301 0.812058
21302 0.698195
21303 0.813119
21304 0.650668
21305 0.837791
21306 0.77773
21307 0.818399
21308 0.643005
21309 0.907405
21310 0.646834
21311 0.88978
21312 0.895028
21313 0.846849
21314 0.588768
21315 0.372351
21316 0.699938
21317 0.916332
21318 0.860633
21319 0.938777
21320 0.632419
21321 0.848383
21322 0.884617
21323 0.754241
21324 0.977462
21325 0.879795
21326 0.787764
21327 0.788333
21328 0.848616
21329 0.782866
21330 0.913144
21331 0.669289
21332 0.709004
21333 0.693083
21334 0.859635
21335 0.714311
21336 0.917584
21337 0.70784
21338 0.614011
21339 0.89103
21340 0.782727
21341 0.673298
21342 0.815864
21343 0.699797
21344 0.791062
21345 0.611629
21346 0.521359
21347 0.746328
21348 0.649488
21349 0.793833
21350 0.844713
21351 0.821634
21352 0.957315
21353 0.695041
21354 0.770957
21355 0.653268
21356 0.909583
21357 0.758464
21358 0.818731
21359 0.776602
21360 0.695462
21361 0.589204
21362 0.732521
21363 0.761053
21364 0.877707
21365 0.605781
21366 0.84286
21367 0.926299
21368 0.857046
21369 0.76992
21370 0.887774
21371 0.735703
21372 0.888852
21373 0.884412
21374 0.893411
21375 0.887408
21376 0.840126
21377 0.843917
21378 0.567019
21379 0.602616
21380 0.804311
21381 0.836617
21382 0.881661
21383 0.845868
21384 0.779409
21385 0.806808
21386 0.548077
21387 0.669083
21388 0.809925
21389 0.881673
21390 0.879071
21391 0.593822
21392 0.82934
21393 0.875009
21394 0.907566
21395 0.841976
21396 0.860011
21397 0.877887
21398 0.862671
21399 0.656339
21400 0.733553
21401 0.68241
21402 0.737843
21403 0.630247
21404 0.939981
21405 0.270438
21406 0.544121
21407 0.856869
21408 0.584329
21409 0.562333
21410 0.470457
21411 0.716879
21412 0.67281
21413 0.886864
21414 0.567251
21415 0.816891
21416 0.718225
21417 0.707285
21418 0.501652
21419 0.372684
21420 0.796947
21421 0.862528
21422 0.501207
21423 0.67624
21424 0.844561
21425 0.671511
21426 0.899341
21427 0.799158
21428 0.711883
21429 0.8392
21430 0.719095
21431 0.71781
21432 0.634218
21433 0.393728
21434 0.835175
21435 0.661615
21436 0.910987
21437 0.774183
21438 0.751848
21439 0.850592
21440 0.77059
21441 0.781639
21442 0.731017
21443 0.718118
21444 0.7207
21445 0.545797
21446 0.9301
21447 0.594181
21448 0.967658
21449 0.905401
21450 0.888945
21451 0.725897
21452 0.901412
21453 0.788188
21454 0.865107
21455 0.872198
21456 0.742588
21457 0.859088
21458 0.939736
21459 0.138789
21460 0.888513
21461 0.685825
21462 0.785282
21463 0.904969
21464 0.557757
21465 0.887516
21466 0.816505
21467 0.831558
21468 0.819631
21469 0.904001
21470 0.628179
21471 0.674126
21472 0.733091
21473 0.510204
21474 0.654039
21475 0.720099
21476 0.451408
21477 0.225816
21478 0.721867
21479 0.968584
21480 0.874541
21481 0.763561
21482 0.887903
21483 0.694705
21484 0.842408
21485 0.930251
21486 0.872836
21487 0.65352
21488 0.729379
21489 0.725757
21490 0.71839
21491 0.854572
21492 0.771275
21493 0.790831
21494 0.824964
21495 0.591879
21496 0.671593
21497 0.813471
21498 0.772075
21499 0.779384
21500 0.925555
21501 0.773196
21502 0.908662
21503 0.919645
21504 0.904573
21505 0.907133
21506 0.874903
21507 0.957643
21508 0.799824
21509 0.752342
21510 0.892481
21511 0.849994
21512 0.889617
21513 0.866815
21514 0.800789
21515 0.900157
21516 0.854546
21517 0.682931
21518 0.903808
21519 0.893954
21520 0.91538
21521 0.590911
21522 0.594719
21523 0.82973
21524 0.729318
21525 0.577955
21526 0.696714
21527 0.443153
21528 0.351892
21529 0.620011
21530 0.656692
21531 0.700192
21532 0.692933
21533 0.0647238
21534 0.0318017
21535 0.568113
21536 0.714927
21537 0.718876
21538 0.874303
21539 0.856476
21540 0.680636
21541 0.650444
21542 0.776917
21543 0.843298
21544 0.767644
21545 0.593581
21546 0.638716
21547 0.944872
21548 0.849595
21549 0.866032
21550 0.805083
21551 0.940169
21552 0.814104
21553 0.836271
21554 0.699703
21555 0.661329
21556 0.665354
21557 0.814977
21558 0.912817
21559 0.736482
21560 0.843902
21561 0.858258
21562 0.924153
21563 0.820459
21564 0.92703
21565 0.710662
21566 0.819717
21567 0.855697
21568 0.640236
21569 0.880905
21570 0.807813
21571 0.560903
21572 0.96785
21573 0.838861
21574 0.837105
21575 0.841096
21576 0.645367
21577 0.72484
21578 0.824524
21579 0.599208
21580 0.589073
21581 0.424662
21582 0.912346
21583 0.0908758
21584 0.711599
21585 0.254992
21586 0.563113
21587 0.741668
21588 0.890806
21589 0.750579
21590 0.205518
21591 0.0638983
21592 0.498455
21593 0.337982
21594 0.273261
21595 0.751036
21596 0.907561
21597 0.867608
21598 0.880918
21599 0.936652
21600 0.920443
21601 0.842777
21602 0.778433
21603 0.757224
21604 0.879455
21605 0.97763
21606 0.708814
21607 0.823531
21608 0.959768
21609 0.133771
21610 0.0679248
21611 0.0791787
21612 0.705439
21613 0.612135
21614 0.139892
21615 0.0644569
21616 0.454454
21617 0.0676142
21618 0.273178
21619 0.658084
21620 0.803267
21621 0.824372
21622 0.793741
21623 0.290736
21624 0.987697
21625 0.0648705
21626 0.871977
21627 0.0510112
21628 0.516209
21629 0.597879
21630 0.28874
21631 0.116358
21632 0.306432
21633 0.216989
21634 0.45687
21635 0.0426824
21636 0.64647
21637 0.0362185
21638 0.0533855
21639 0.309159
21640 0.734433
21641 0.45862
21642 0.591372
21643 0.660114
21644 0.524901
21645 0.88676
21646 0.667942
21647 0.544254
21648 0.730916
21649 0.980725
21650 0.687636
21651 0.591362
21652 0.667266
21653 0.828804
21654 0.769319
21655 0.78317
21656 0.505394
21657 0.417624
21658 0.737404
21659 0.748805
21660 0.737797
21661 0.686803
21662 0.784045
21663 0.540159
21664 0.789077
21665 0.611852
21666 0.458791
21667 0.968585
21668 0.89985
21669 0.748497
21670 0.885719
21671 0.886124
21672 0.0384559
21673 0.0366665
21674 0.0330869
21675 0.0313347
21676 0.0296272
21677 0.0279749
21678 0.0263858
21679 0.0272251
21680 0.824926
21681 0.0383097
21682 0.0360546
21683 0.218951
21684 0.738911
21685 0.0332161
21686 0.0568889
21687 0.0424212
21688 0.301843
21689 0.034493
21690 0.403248
21691 0.622519
21692 0.32163
21693 0.0403587
21694 0.0231256
21695 0.104474
21696 0.102869
21697 0.0847563
21698 0.0924331
21699 0.0839303
21700 0.0580806
21701 0.0693872
21702 0.207715
21703 0.133183
21704 0.457262
21705 0.0987517
21706 0.10074
21707 0.101245
21708 0.100182
21709 0.0976325
21710 0.0938209
21711 0.0890636
21712 0.0836998
21713 0.0780386
21714 0.0723287
21715 0.0667513
21716 0.0614257
21717 0.056422
21718 0.0517742
21719 0.0137009
21720 0.0328106
21721 0.0539943
21722 0.0518006
21723 0.0480572
21724 0.213362
21725 0.0464793
21726 0.0249878
21727 0.235359
21728 0.12814
21729 0.0309152
21730 0.0317864
21731 0.0326796
21732 0.727075
21733 0.113468
21734 0.53126
21735 0.114477
21736 0.110457
21737 0.214654
21738 0.0840801
21739 0.03074
21740 0.64078
21741 0.169763
21742 0.337994
21743 0.174811
21744 0.306255
21745 0.15576
21746 0.580858
21747 0.941173
21748 0.224722
21749 0.0440403
21750 0.391502
21751 0.786312
21752 0.80029
21753 0.124581
21754 0.00616784
21755 0.102888
21756 0.511165
21757 0.650816
21758 0.0407226
21759 0.763921
21760 0.496594
21761 0.356832
21762 0.654227
21763 0.790575
21764 0.188828
21765 0.669854
21766 0.409597
21767 0.400748
21768 0.855726
21769 0.205092
21770 0.613562
21771 0.613558
21772 0.0905294
21773 0.0896225
21774 0.519856
21775 0.487136
21776 0.0479527
21777 0.0699161
21778 0.0542003
21779 0.0392438
21780 0.218258
21781 0.749897
21782 0.942802
21783 0.518333
21784 0.66122
21785 0.090872
21786 0.0368925
21787 0.0687344
21788 0.418451
21789 0.059865
21790 0.181871
21791 0.0658225
21792 0.0628537
21793 0.0295465
21794 0.0939859
21795 0.0435066
21796 0.0463258
21797 0.0230415
21798 0.0240943
21799 0.0251895
21800 0.026327
21801 0.0275067
21802 0.0287277
21803 0.029989
21804 0.031289
21805 0.0326255
21806 0.0339958
21807 0.0353964
21808 0.036823
21809 0.0382706
21810 0.0397332
21811 0.0412041
21812 0.0426754
21813 0.0441384
21814 0.0455835
21815 0.047
21816 0.0483766
21817 0.0465399
21818 0.044782
21819 0.0516365
21820 0.178206
21821 0.0727479
21822 0.080775
21823 0.0840566
21824 0.0542401
21825 0.0894156
21826 0.0283855
21827 0.263978
21828 0.287225
21829 0.110772
21830 0.0832817
21831 0.0202542
21832 0.32278
21833 0.0770166
21834 0.391171
21835 0.552522
21836 0.213062
21837 0.653642
21838 0.713268
21839 0.148106
21840 0.275961
21841 0.164883
21842 0.0348669
21843 0.100815
21844 0.198313
21845 0.217016
21846 0.35056
21847 0.628727
21848 0.083083
21849 0.835292
21850 0.350615
21851 0.0229222
21852 0.615432
21853 0.526689
21854 0.369751
21855 0.871634
21856 0.0957479
21857 0.145062
21858 0.0744518
21859 0.874412
21860 0.0229111
21861 0.36064
21862 0.157215
21863 0.516991
21864 0.888174
21865 0.357953
21866 0.656019
21867 0.315007
21868 0.67233
21869 0.381067
21870 0.249539
21871 0.397089
21872 0.453952
21873 0.415309
21874 0.91231
21875 0.623525
21876 0.283712
21877 0.646944
21878 0.498776
21879 0.499945
21880 0.0762225
21881 0.288829
21882 0.0613702
21883 0.0973539
21884 0.067041
21885 0.0728143
21886 0.078533
21887 0.0931176
21888 0.0839932
21889 0.0889471
21890 0.0606639
21891 0.0719734
21892 0.072601
21893 0.666941
21894 0.0666253
21895 0.43911
21896 0.0690265
21897 0.0661138
21898 0.0441747
21899 0.0424162
21900 0.0449163
21901 0.055429
21902 0.0414196
21903 0.0642322
21904 0.0540936
21905 0.248769
21906 0.0764209
21907 0.0417547
21908 0.0776196
21909 0.0440191
21910 0.0767004
21911 0.0463751
21912 0.074219
21913 0.0488308
21914 0.051398
21915 0.0789448
21916 0.0715481
21917 0.0948157
21918 0.0809056
21919 0.104912
21920 0.10393
21921 0.0730039
21922 0.0420017
21923 0.0560676
21924 0.0557978
21925 0.0296775
21926 0.0469917
21927 0.0512485
21928 0.0559644
21929 0.0278544
21930 0.0545676
21931 0.30935
21932 0.060758
21933 0.175135
21934 0.255701
21935 0.2534
21936 0.377572
21937 0.364053
21938 0.14956
21939 0.344344
21940 0.24402
21941 0.124226
21942 0.347743
21943 0.0835767
21944 0.171404
21945 0.193736
21946 0.235549
21947 0.16676
21948 0.0803481
21949 0.15552
21950 0.0370053
21951 0.0567952
21952 0.112181
21953 0.0534258
21954 0.0730717
21955 0.109878
21956 0.0905568
21957 0.0472042
21958 0.0884889
21959 0.278307
21960 0.250289
21961 0.0661243
21962 0.61568
21963 0.0804723
21964 0.0730324
21965 0.142271
21966 0.0884059
21967 0.0500659
21968 0.0911469
21969 0.0844368
21970 0.0911867
21971 0.215243
21972 0.0986074
21973 0.465824
21974 0.224685
21975 0.073729
21976 0.137023
21977 0.105786
21978 0.126527
21979 0.492247
21980 0.605083
21981 0.395023
21982 0.158021
21983 0.106785
21984 0.107401
21985 0.0425188
21986 0.311269
21987 0.369262
21988 0.274035
21989 0.251063
21990 0.266996
21991 0.26521
21992 0.312681
21993 0.164564
21994 0.212573
21995 0.229969
21996 0.145516
21997 0.0701969
21998 0.0310169
21999 0.0701482
22000 0.412043
22001 0.35887
22002 0.227799
22003 0.194896
22004 0.696803
22005 0.341965
22006 0.38288
22007 0.258802
22008 0.170615
22009 0.17377
22010 0.146151
22011 0.0773911
22012 0.265405
22013 0.16142
22014 0.605141
22015 0.130216
22016 0.773195
22017 0.025871
22018 0.111096
22019 0.473338
22020 0.196791
22021 0.00464207
22022 0.239346
22023 0.215232
22024 0.340715
22025 0.217983
22026 0.368468
22027 0.43198
22028 0.216432
22029 0.342946
22030 0.286867
22031 0.225598
22032 0.422693
22033 0.222494
22034 0.167941
22035 0.726051
22036 0.0513414
22037 0.0524621
22038 0.127036
22039 0.0220022
22040 0.0534466
22041 0.0542833
22042 0.110619
22043 0.0938003
22044 0.119904
22045 0.336594
22046 0.566737
22047 0.331829
22048 0.193376
22049 0.157683
22050 0.365644
22051 0.174558
22052 0.245643
22053 0.186704
22054 0.344451
22055 0.142972
22056 0.482347
22057 0.0803907
22058 0.454546
22059 0.500796
22060 0.549528
22061 0.0748762
22062 0.192862
22063 0.437074
22064 0.470329
22065 0.607279
22066 0.707918
22067 0.493371
22068 0.410358
22069 0.168462
22070 0.475802
22071 0.0963266
22072 0.114132
22073 0.0818192
22074 0.0233613
22075 0.271682
22076 0.557604
22077 0.0230801
22078 0.407816
22079 0.273791
22080 0.214704
22081 0.469341
22082 0.368116
22083 0.264385
22084 0.461064
22085 0.182998
22086 0.407658
22087 0.382602
22088 0.051489
22089 0.112316
22090 0.0829474
22091 0.1177
22092 0.0423468
22093 0.0456142
22094 0.164133
22095 0.343706
22096 0.0424703
22097 0.215325
22098 0.356722
22099 0.397819
22100 0.306724
22101 0.324877
22102 0.377451
22103 0.822236
22104 0.642394
22105 0.502379
22106 0.615959
22107 0.671364
22108 0.209738
22109 0.661168
22110 0.593549
22111 0.361605
22112 0.25579
22113 0.474726
22114 0.313197
22115 0.484649
22116 0.271775
22117 0.792414
22118 0.31214
22119 0.370003
22120 0.304549
22121 0.791809
22122 0.766991
22123 0.335858
22124 0.310692
22125 0.290005
22126 0.29677
22127 0.24728
22128 0.961011
22129 0.413105
22130 0.343
22131 0.369289
22132 0.135225
22133 0.14094
22134 0.171851
22135 0.141773
22136 0.546983
22137 0.311626
22138 0.171303
22139 0.76927
22140 0.26552
22141 0.490101
22142 0.540604
22143 0.486092
22144 0.423275
22145 0.747433
22146 0.39524
22147 0.708484
22148 0.948288
22149 0.259782
22150 0.345069
22151 0.45641
22152 0.157313
22153 0.168016
22154 0.143992
22155 0.6909
22156 0.562044
22157 0.262093
22158 0.251526
22159 0.334912
22160 0.247815
22161 0.118984
22162 0.820008
22163 0.300818
22164 0.81968
22165 0.206848
22166 0.381212
22167 0.0150224
22168 0.859968
22169 0.534021
22170 0.041899
22171 0.0748231
22172 0.702428
22173 0.13933
22174 0.0466465
22175 0.0561079
22176 0.865284
22177 0.529502
22178 0.519497
22179 0.286574
22180 0.464218
22181 0.523
22182 0.378374
22183 0.640148
22184 0.44407
22185 0.585776
22186 0.085194
22187 0.218686
22188 0.0801163
22189 0.559086
22190 0.566584
22191 0.410149
22192 0.452195
22193 0.350966
22194 0.582931
22195 0.339235
22196 0.402072
22197 0.598609
22198 0.399326
22199 0.864524
22200 0.512111
22201 0.235973
22202 0.13741
22203 0.0810522
22204 0.907766
22205 0.285735
22206 0.587638
22207 0.057854
22208 0.0623174
22209 0.587592
22210 0.82857
22211 0.15615
22212 0.570694
22213 0.10157
22214 0.644717
22215 0.232348
22216 0.215535
22217 0.516665
22218 0.124573
22219 0.157142
22220 0.714066
22221 0.815098
22222 0.211373
22223 0.254541
22224 0.237441
22225 0.675803
22226 0.634557
22227 0.129128
22228 0.748091
22229 0.113076
22230 0.641773
22231 0.672736
22232 0.799571
22233 0.184257
22234 0.118729
22235 0.290248
22236 0.128789
22237 0.493972
22238 0.162998
22239 0.0561466
22240 0.0240168
22241 0.723019
22242 0.802397
22243 0.552809
22244 0.434505
22245 0.661225
22246 0.0420334
22247 0.0488522
22248 0.0760976
22249 0.763675
22250 0.691999
22251 0.0607588
22252 0.057865
22253 0.05498
22254 0.0448971
22255 0.0521333
22256 0.0474705
22257 0.0493491
22258 0.0600591
22259 0.29369
22260 0.0581291
22261 0.0313001
22262 0.0325232
22263 0.0215987
22264 0.0584663
22265 0.244237
22266 0.0583563
22267 0.150175
22268 0.217785
22269 0.123323
22270 0.283036
22271 0.241619
22272 0.363713
22273 0.183079
22274 0.238247
22275 0.934565
22276 0.300325
22277 0.0225069
22278 0.0217008
22279 0.201765
22280 0.131127
22281 0.0986595
22282 0.218844
22283 0.0833033
22284 0.216914
22285 0.744449
22286 0.239682
22287 0.127047
22288 0.307058
22289 0.327864
22290 0.133187
22291 0.372783
22292 0.439749
22293 0.224284
22294 0.701813
22295 0.802618
22296 0.373705
22297 0.404898
22298 0.644735
22299 0.188336
22300 0.672554
22301 0.230882
22302 0.288813
22303 0.0625468
22304 0.130829
22305 0.447928
22306 0.366043
22307 0.0695718
22308 0.272617
22309 0.584312
22310 0.855826
22311 0.280209
22312 0.199421
22313 0.0516711
22314 0.278695
22315 0.0400769
22316 0.0663232
22317 0.362183
22318 0.145006
22319 0.126392
22320 0.0522751
22321 0.0554639
22322 0.0906721
22323 0.0787871
22324 0.0568964
22325 0.0587132
22326 0.108681
22327 0.330154
22328 0.211325
22329 0.211186
22330 0.263698
22331 0.272849
22332 0.20318
22333 0.182699
22334 0.245923
22335 0.297261
22336 0.139633
22337 0.290813
22338 0.299926
22339 0.248586
22340 0.198697
22341 0.164919
22342 0.164141
22343 0.386938
22344 0.264379
22345 0.353401
22346 0.00111005
22347 0.44328
22348 0.644979
22349 0.387454
22350 0.112347
22351 0.060052
22352 0.0672708
22353 0.147574
22354 0.633692
22355 0.075222
22356 0.421837
22357 0.117838
22358 0.0464809
22359 0.218601
22360 0.635345
22361 0.187464
22362 0.246695
22363 0.143237
22364 0.198002
22365 0.138294
22366 0.158848
22367 0.394739
22368 0.747522
22369 0.594817
22370 0.380418
22371 0.274537
22372 0.0808418
22373 0.192505
22374 0.262213
22375 0.0993708
22376 0.0484143
22377 0.048609
22378 0.0486522
22379 0.048718
22380 0.0531315
22381 0.437206
22382 0.0874905
22383 0.128026
22384 0.130403
22385 0.0478752
22386 0.131298
22387 0.130665
22388 0.287531
22389 0.255172
22390 0.0884694
22391 0.102229
22392 0.141197
22393 0.101599
22394 0.0463625
22395 0.777634
22396 0.377717
22397 0.505561
22398 0.550659
22399 0.703616
22400 0.230157
22401 0.22318
22402 0.215395
22403 0.156478
22404 0.00322826
22405 0.00157547
22406 0.0430598
22407 0.0418258
22408 0.246697
22409 0.563535
22410 0.835198
22411 0.484743
22412 0.825978
22413 0.393221
22414 0.0862722
22415 0.263225
22416 0.0837789
22417 0.131352
22418 0.141016
22419 0.350382
22420 0.412173
22421 0.198885
22422 0.273112
22423 0.619446
22424 0.206137
22425 0.528214
22426 0.353464
22427 0.0542712
22428 0.218651
22429 0.395008
22430 0.958547
22431 0.358081
22432 0.889199
22433 0.19931
22434 0.188259
22435 0.0568728
22436 0.74424
22437 0.871458
22438 0.490619
22439 0.133538
22440 0.429178
22441 0.211363
22442 0.253387
22443 0.678508
22444 0.0940391
22445 0.316615
22446 0.821441
22447 0.236325
22448 0.0371577
22449 0.10344
22450 0.388781
22451 0.0530291
22452 0.0936046
22453 0.664783
22454 0.0901807
22455 0.550661
22456 0.0862025
22457 0.333148
22458 0.0811887
22459 0.10041
22460 0.208829
22461 0.0267396
22462 0.0276293
22463 0.0225386
22464 0.0208138
22465 0.0213816
22466 0.0199493
22467 0.0191629
22468 0.164907
22469 0.160393
22470 0.547257
22471 0.219874
22472 0.659329
22473 0.213652
22474 0.711498
22475 0.180068
22476 0.183719
22477 0.561261
22478 0.183852
22479 0.114622
22480 0.742579
22481 0.345041
22482 0.453529
22483 0.392152
22484 0.271093
22485 0.194944
22486 0.465793
22487 0.108993
22488 0.621065
22489 0.290425
22490 0.340975
22491 0.179551
22492 0.681613
22493 0.145502
22494 0.730891
22495 0.272869
22496 0.620975
22497 0.585901
22498 0.267086
22499 0.805301
22500 0.208375
22501 0.279632
22502 0.38075
22503 0.231185
22504 0.243823
22505 0.409955
22506 0.231565
22507 0.155501
22508 0.09152
22509 0.317337
22510 0.595431
22511 0.33819
22512 0.125728
22513 0.121415
22514 0.147193
22515 0.104678
22516 0.141615
22517 0.353904
22518 0.317703
22519 0.164728
22520 0.366953
22521 0.281271
22522 0.689091
22523 0.123822
22524 0.166551
22525 0.163584
22526 0.866292
22527 0.588222
22528 0.857128
22529 0.567034
22530 0.841323
22531 0.616714
22532 0.265019
22533 0.560564
22534 0.271627
22535 0.356807
22536 0.474384
22537 0.336765
22538 0.584508
22539 0.545249
22540 0.09047
22541 0.231163
22542 0.873171
22543 0.244779
22544 0.148615
22545 0.134395
22546 0.388133
22547 0.218755
22548 0.14439
22549 0.161655
22550 0.226242
22551 0.778056
22552 0.323444
22553 0.886606
22554 0.364571
22555 0.495152
22556 0.34672
22557 0.308698
22558 0.205844
22559 0.463911
22560 0.210744
22561 0.21337
22562 0.893615
22563 0.321791
22564 0.366064
22565 0.248401
22566 0.341868
22567 0.205839
22568 0.291537
22569 0.151098
22570 0.294889
22571 0.157183
22572 0.180796
22573 0.543394
22574 0.14371
22575 0.0287889
22576 0.778752
22577 0.0414362
22578 0.0499863
22579 0.668576
22580 0.323218
22581 0.231767
22582 0.332682
22583 0.307412
22584 0.366895
22585 0.726368
22586 0.115071
22587 0.60842
22588 0.507357
22589 0.201102
22590 0.199202
22591 0.660117
22592 0.462158
22593 0.470669
22594 0.244224
22595 0.38754
22596 0.097532
22597 0.263793
22598 0.68634
22599 0.277139
22600 0.575677
22601 0.184553
22602 0.751485
22603 0.239084
22604 0.598993
22605 0.435566
22606 0.782368
22607 0.541336
22608 0.231138
22609 0.815969
22610 0.121234
22611 0.175921
22612 0.12709
22613 0.469444
22614 0.800806
22615 0.145123
22616 0.16639
22617 0.0769083
22618 0.0636588
22619 0.0348835
22620 0.339664
22621 0.177351
22622 0.153398
22623 0.0388325
22624 0.0949071
22625 0.0535755
22626 0.0912858
22627 0.0532124
22628 0.0100355
22629 0.0675611
22630 0.00962649
22631 0.066922
22632 0.065721
22633 0.0640295
22634 0.00942796
22635 0.471292
22636 0.061937
22637 0.00904292
22638 0.00923343
22639 0.0642626
22640 0.0658956
22641 0.0670302
22642 0.0528232
22643 0.0108988
22644 0.133999
22645 0.154509
22646 0.0622194
22647 0.0136764
22648 0.0675978
22649 0.0142579
22650 0.082846
22651 0.200695
22652 0.133132
22653 0.103581
22654 0.478102
22655 0.139373
22656 0.0151675
22657 0.0989052
22658 0.158611
22659 0.0828404
22660 0.215142
22661 0.0541836
22662 0.226068
22663 0.155711
22664 0.159022
22665 0.129891
22666 0.357579
22667 0.355982
22668 0.436622
22669 0.198695
22670 0.425658
22671 0.653676
22672 0.245252
22673 0.604184
22674 0.559625
22675 0.0509375
22676 0.047216
22677 0.903807
22678 0.221884
22679 0.0641736
22680 0.0806197
22681 0.0979855
22682 0.0804046
22683 0.115964
22684 0.536506
22685 0.0958204
22686 0.0687741
22687 0.118469
22688 0.0310217
22689 0.031137
22690 0.162325
22691 0.031254
22692 0.0311653
22693 0.482704
22694 0.0384082
22695 0.0303488
22696 0.0305157
22697 0.0306589
22698 0.0307869
22699 0.0309062
22700 0.0495874
22701 0.235663
22702 0.0812355
22703 0.202551
22704 0.195692
22705 0.183772
22706 0.551581
22707 0.235273
22708 0.0671179
22709 0.208992
22710 0.768384
22711 0.397847
22712 0.119702
22713 0.0923197
22714 0.379709
22715 0.301987
22716 0.402183
22717 0.574068
22718 0.210249
22719 0.184479
22720 0.0377298
22721 0.134692
22722 0.200283
22723 0.0824799
22724 0.223967
22725 0.0416219
22726 0.0552356
22727 0.212417
22728 0.836272
22729 0.370426
22730 0.718878
22731 0.338328
22732 0.406992
22733 0.714798
22734 0.27544
22735 0.220947
22736 0.249145
22737 0.244704
22738 0.774755
22739 0.894309
22740 0.23125
22741 0.243102
22742 0.202946
22743 0.211416
22744 0.227043
22745 0.309815
22746 0.296876
22747 0.0833094
22748 0.0450281
22749 0.0496754
22750 0.466345
22751 0.0908797
22752 0.0983739
22753 0.160702
22754 0.165464
22755 0.240512
22756 0.315361
22757 0.419697
22758 0.194858
22759 0.0749644
22760 0.0283956
22761 0.028525
22762 0.0769791
22763 0.0441905
22764 0.0504258
22765 0.0192704
22766 0.054063
22767 0.0426687
22768 0.0411616
22769 0.0929535
22770 0.765027
22771 0.0280902
22772 0.341559
22773 0.203439
22774 0.0606689
22775 0.0685054
22776 0.371663
22777 0.368795
22778 0.643339
22779 0.59489
22780 0.380646
22781 0.00225162
22782 0.299195
22783 0.178019
22784 0.185193
22785 0.186447
22786 0.423645
22787 0.182352
22788 0.460361
22789 0.457516
22790 0.551722
22791 0.369384
22792 0.456081
22793 0.329134
22794 0.957104
22795 0.190342
22796 0.174982
22797 0.382338
22798 0.150018
22799 0.602058
22800 0.43435
22801 0.553979
22802 0.0704764
22803 0.110974
22804 0.135072
22805 0.218036
22806 0.821643
22807 0.770526
22808 0.224398
22809 0.11482
22810 0.0522891
22811 0.129224
22812 0.121269
22813 0.154402
22814 0.929145
22815 0.760869
22816 0.285766
22817 0.588554
22818 0.158199
22819 0.0598855
22820 0.229702
22821 0.553682
22822 0.168666
22823 0.621552
22824 0.0473743
22825 0.163052
22826 0.264822
22827 0.121446
22828 0.569049
22829 0.405943
22830 0.189136
22831 0.270397
22832 0.653291
22833 0.735441
22834 0.127881
22835 0.445962
22836 0.779837
22837 0.109279
22838 0.0516218
22839 0.837576
22840 0.344113
22841 0.239217
22842 0.377529
22843 0.282322
22844 0.358022
22845 0.021282
22846 0.594024
22847 0.606852
22848 0.385392
22849 0.361115
22850 0.68416
22851 0.556536
22852 0.105025
22853 0.164281
22854 0.448972
22855 0.195662
22856 0.390101
22857 0.249351
22858 0.0234085
22859 0.227979
22860 0.487089
22861 0.49846
22862 0.454137
22863 0.0728385
22864 0.0677906
22865 0.0448746
22866 0.0789803
22867 0.620496
22868 0.0444397
22869 0.182684
22870 0.399748
22871 0.189362
22872 0.0856766
22873 0.0964753
22874 0.149628
22875 0.0522288
22876 0.0743642
22877 0.0719508
22878 0.0803664
22879 0.0832182
22880 0.0525853
22881 0.0765031
22882 0.0783993
22883 0.358776
22884 0.0526434
22885 0.0853735
22886 0.0783213
22887 0.190269
22888 0.0867416
22889 0.079767
22890 0.0807869
22891 0.185405
22892 0.0180098
22893 0.475551
22894 0.289567
22895 0.27713
22896 0.469882
22897 0.241014
22898 0.228432
22899 0.0998862
22900 0.195791
22901 0.601653
22902 0.215764
22903 0.0786969
22904 0.0401847
22905 0.203946
22906 0.154904
22907 0.324132
22908 0.696714
22909 0.180317
22910 0.511494
22911 0.606516
22912 0.486339
22913 0.588805
22914 0.238699
22915 0.0977595
22916 0.583137
22917 0.909009
22918 0.622985
22919 0.657315
22920 0.61041
22921 0.875743
22922 0.0589767
22923 0.0290607
22924 0.0266388
22925 0.0522392
22926 0.231398
22927 0.0714383
22928 0.399028
22929 0.270139
22930 0.500225
22931 0.351132
22932 0.486165
22933 0.312949
22934 0.152716
22935 0.290646
22936 0.148963
22937 0.236366
22938 0.256546
22939 0.287236
22940 0.199793
22941 0.535496
22942 0.226306
22943 0.143426
22944 0.350259
22945 0.810744
22946 0.839319
22947 0.214315
22948 0.565121
22949 0.0559382
22950 0.368361
22951 0.196019
22952 0.170478
22953 0.0953925
22954 0.37554
22955 0.166046
22956 0.223283
22957 0.4413
22958 0.290055
22959 0.156349
22960 0.388674
22961 0.294038
22962 0.0577303
22963 0.0769449
22964 0.73838
22965 0.322307
22966 0.384653
22967 0.643166
22968 0.0430142
22969 0.560995
22970 0.704393
22971 0.237867
22972 0.274822
22973 0.522543
22974 0.573302
22975 0.12716
22976 0.579411
22977 0.113129
22978 0.77731
22979 0.465989
22980 0.34227
22981 0.578376
22982 0.0656673
22983 0.0615811
22984 0.843833
22985 0.054897
22986 0.535075
22987 0.175759
22988 0.11064
22989 0.0350345
22990 0.490605
22991 0.280066
22992 0.059462
22993 0.0592109
22994 0.0590981
22995 0.0572524
22996 0.0562663
22997 0.0593746
22998 0.053883
22999 0.0640794
23000 0.0660776
23001 0.0677538
23002 0.0690493
23003 0.0463268
23004 0.055082
23005 0.171296
23006 0.694188
23007 0.0567954
23008 0.0580506
23009 0.320554
23010 0.127716
23011 0.224963
23012 0.0463082
23013 0.0475607
23014 0.179262
23015 0.446167
23016 0.323765
23017 0.317434
23018 0.192051
23019 0.31073
23020 0.309505
23021 0.260325
23022 0.362682
23023 0.0942345
23024 0.21883
23025 0.0866864
23026 0.0792786
23027 0.3036
23028 0.872847
23029 0.34573
23030 0.419552
23031 0.325592
23032 0.478858
23033 0.310939
23034 0.154188
23035 0.116825
23036 0.607006
23037 0.258092
23038 0.0502925
23039 0.206827
23040 0.1805
23041 0.135207
23042 0.0723939
23043 0.150231
23044 0.464654
23045 0.159733
23046 0.865653
23047 0.244212
23048 0.120326
23049 0.136332
23050 0.783987
23051 0.41327
23052 0.570928
23053 0.838649
23054 0.236849
23055 0.416943
23056 0.158252
23057 0.579348
23058 0.119096
23059 0.857498
23060 0.138883
23061 0.407732
23062 0.208502
23063 0.675568
23064 0.62761
23065 0.157195
23066 0.328276
23067 0.702115
23068 0.266779
23069 0.166199
23070 0.339506
23071 0.428895
23072 0.369261
23073 0.151105
23074 0.0841079
23075 0.0914956
23076 0.0988061
23077 0.584263
23078 0.720433
23079 0.0447773
23080 0.0747761
23081 0.360927
23082 0.0119562
23083 0.321609
23084 0.0153725
23085 0.0126619
23086 0.013988
23087 0.0143297
23088 0.01365
23089 0.0129867
23090 0.0146746
23091 0.0133161
23092 0.400825
23093 0.330224
23094 0.472819
23095 0.858553
23096 0.687495
23097 0.0344852
23098 0.618611
23099 0.487871
23100 0.506096
23101 0.600577
23102 0.502005
23103 0.718249
23104 0.578087
23105 0.403869
23106 0.496112
23107 0.38552
23108 0.212964
23109 0.640704
23110 0.252008
23111 0.178515
23112 0.54815
23113 0.18415
23114 0.146129
23115 0.154166
23116 0.163782
23117 0.52564
23118 0.226412
23119 0.05986
23120 0.175775
23121 0.109867
23122 0.0837327
23123 0.282338
23124 0.203028
23125 0.724295
23126 0.191055
23127 0.197989
23128 0.410008
23129 0.45429
23130 0.599694
23131 0.231693
23132 0.131646
23133 0.437362
23134 0.124732
23135 0.318836
23136 0.185789
23137 0.0109234
23138 0.0116914
23139 0.375624
23140 0.145589
23141 0.0272228
23142 0.110165
23143 0.415964
23144 0.752807
23145 0.154089
23146 0.153364
23147 0.315898
23148 0.011431
23149 0.246478
23150 0.142198
23151 0.281943
23152 0.0982101
23153 0.0439408
23154 0.041724
23155 0.011175
23156 0.865541
23157 0.0756136
23158 0.0718029
23159 0.0919018
23160 0.0722248
23161 0.100718
23162 0.0719013
23163 0.0570614
23164 0.44931
23165 0.111403
23166 0.061395
23167 0.320115
23168 0.0586368
23169 0.323956
23170 0.0599909
23171 0.184537
23172 0.424804
23173 0.217218
23174 0.577915
23175 0.568089
23176 0.110362
23177 0.0809119
23178 0.078479
23179 0.071976
23180 0.101502
23181 0.207269
23182 0.285885
23183 0.751913
23184 0.277312
23185 0.586701
23186 0.0619723
23187 0.617678
23188 0.415412
23189 0.492396
23190 0.0681615
23191 0.0902071
23192 0.0680034
23193 0.74536
23194 0.0710059
23195 0.109521
23196 0.0235803
23197 0.0738158
23198 0.100251
23199 0.0278978
23200 0.126973
23201 0.0495027
23202 0.769622
23203 0.140043
23204 0.0457267
23205 0.151955
23206 0.161787
23207 0.0308269
23208 0.196771
23209 0.137885
23210 0.192912
23211 0.900808
23212 0.11367
23213 0.218363
23214 0.71099
23215 0.237227
23216 0.0544296
23217 0.660244
23218 0.218676
23219 0.427143
23220 0.43046
23221 0.236273
23222 0.884702
23223 0.33585
23224 0.67179
23225 0.382981
23226 0.52742
23227 0.203999
23228 0.156492
23229 0.64492
23230 0.703901
23231 0.32222
23232 0.500631
23233 0.577881
23234 0.397002
23235 0.0671163
23236 0.373261
23237 0.716972
23238 0.441111
23239 0.0587779
23240 0.40813
23241 0.276041
23242 0.343975
23243 0.178262
23244 0.163369
23245 0.29182
23246 0.0934724
23247 0.138883
23248 0.114897
23249 0.0718313
23250 0.286273
23251 0.120193
23252 0.0873359
23253 0.403588
23254 0.171352
23255 0.169464
23256 0.248992
23257 0.181275
23258 0.219981
23259 0.414246
23260 0.618393
23261 0.789039
23262 0.509916
23263 0.494661
23264 0.236508
23265 0.204977
23266 0.78993
23267 0.382341
23268 0.308505
23269 0.322538
23270 0.440371
23271 0.480293
23272 0.377363
23273 0.414923
23274 0.54588
23275 0.0470487
23276 0.355403
23277 0.320634
23278 0.106674
23279 0.249187
23280 0.133784
23281 0.616583
23282 0.124154
23283 0.153866
23284 0.404399
23285 0.159394
23286 0.073256
23287 0.0160775
23288 0.0652475
23289 0.0408936
23290 0.436417
23291 0.151356
23292 0.33544
23293 0.152589
23294 0.0192656
23295 0.752859
23296 0.454611
23297 0.506407
23298 0.680241
23299 0.0880005
23300 0.0753634
23301 0.310573
23302 0.304145
23303 0.246034
23304 0.288625
23305 0.22299
23306 0.202532
23307 0.238154
23308 0.296728
23309 0.200175
23310 0.450658
23311 0.21304
23312 0.195621
23313 0.568843
23314 0.476434
23315 0.512064
23316 0.401555
23317 0.714789
23318 0.674682
23319 0.457741
23320 0.412684
23321 0.781978
23322 0.467302
23323 0.178021
23324 0.521504
23325 0.235992
23326 0.721889
23327 0.180742
23328 0.26588
23329 0.219922
23330 0.151449
23331 0.416975
23332 0.185557
23333 0.184148
23334 0.240766
23335 0.178876
23336 0.264393
23337 0.238121
23338 0.17045
23339 0.637851
23340 0.214588
23341 0.359273
23342 0.173679
23343 0.217128
23344 0.195248
23345 0.212028
23346 0.197226
23347 0.0872786
23348 0.458782
23349 0.272843
23350 0.570866
23351 0.635007
23352 0.556328
23353 0.466598
23354 0.687403
23355 0.748591
23356 0.801584
23357 0.689637
23358 0.593653
23359 0.311794
23360 0.377196
23361 0.349502
23362 0.587841
23363 0.0900505
23364 0.086403
23365 0.297107
23366 0.241359
23367 0.0940035
23368 0.268922
23369 0.33366
23370 0.330018
23371 0.370165
23372 0.272672
23373 0.340487
23374 0.313234
23375 0.510706
23376 0.641101
23377 0.0142201
23378 0.46181
23379 0.332741
23380 0.144145
23381 0.187362
23382 0.0716186
23383 0.179311
23384 0.167591
23385 0.13236
23386 0.244381
23387 0.359883
23388 0.369307
23389 0.619308
23390 0.635526
23391 0.469879
23392 0.523717
23393 0.74359
23394 0.406047
23395 0.543603
23396 0.374696
23397 0.106767
23398 0.119651
23399 0.609276
23400 0.117699
23401 0.0588662
23402 0.236132
23403 0.604684
23404 0.900768
23405 0.323093
23406 0.32895
23407 0.461093
23408 0.0263248
23409 0.200459
23410 0.221699
23411 0.0728016
23412 0.241827
23413 0.160132
23414 0.125385
23415 0.0215311
23416 0.0893268
23417 0.188926
23418 0.885754
23419 0.184182
23420 0.283755
23421 0.011061
23422 0.348497
23423 0.181672
23424 0.813297
23425 0.572289
23426 0.124734
23427 0.58879
23428 0.484649
23429 0.167257
23430 0.114325
23431 0.103517
23432 0.106487
23433 0.0859217
23434 0.0983604
23435 0.090183
23436 0.832086
23437 0.614721
23438 0.109364
23439 0.0973586
23440 0.0010733
23441 0.262914
23442 0.250431
23443 0.520177
23444 0.138603
23445 0.726594
23446 0.369442
23447 0.199827
23448 0.107032
23449 0.616378
23450 0.273886
23451 0.232962
23452 0.155351
23453 0.0722139
23454 0.136422
23455 0.166235
23456 0.0724783
23457 0.11578
23458 0.597771
23459 0.245844
23460 0.164378
23461 0.0627993
23462 0.691619
23463 0.124423
23464 0.667456
23465 0.33572
23466 0.945558
23467 0.789201
23468 0.443768
23469 0.58807
23470 0.314846
23471 0.405692
23472 0.388518
23473 0.41372
23474 0.753118
23475 0.375459
23476 0.309659
23477 0.306239
23478 0.239918
23479 0.288523
23480 0.477178
23481 0.180087
23482 0.517773
23483 0.79798
23484 0.170851
23485 0.375636
23486 0.0752135
23487 0.209968
23488 0.520627
23489 0.0659298
23490 0.174824
23491 0.268118
23492 0.315588
23493 0.482373
23494 0.562042
23495 0.484267
23496 0.334317
23497 0.541416
23498 0.241954
23499 0.310642
23500 0.559614
23501 0.191966
23502 0.217807
23503 0.598452
23504 0.581621
23505 0.179948
23506 0.857275
23507 0.651102
23508 0.492112
23509 0.293477
23510 0.307317
23511 0.355174
23512 0.309445
23513 0.445699
23514 0.239811
23515 0.942168
23516 0.257434
23517 0.387998
23518 0.572694
23519 0.0831371
23520 0.617385
23521 0.682708
23522 0.140239
23523 0.260276
23524 0.0713462
23525 0.102929
23526 0.119881
23527 0.231791
23528 0.281483
23529 0.133933
23530 0.248661
23531 0.0665488
23532 0.0473121
23533 0.0174531
23534 0.239062
23535 0.0930991
23536 0.0427624
23537 0.0693089
23538 0.145039
23539 0.0391467
23540 0.560756
23541 0.130328
23542 0.515468
23543 0.674235
23544 0.510334
23545 0.451566
23546 0.556678
23547 0.169554
23548 0.391811
23549 0.383036
23550 0.0934619
23551 0.290669
23552 0.818974
23553 0.689621
23554 0.917397
23555 0.132042
23556 0.386968
23557 0.712198
23558 0.415459
23559 0.507754
23560 0.666216
23561 0.609173
23562 0.520348
23563 0.0981676
23564 0.736256
23565 0.0944143
23566 0.216929
23567 0.136088
23568 0.348874
23569 0.367881
23570 0.548945
23571 0.0198848
23572 0.035044
23573 0.3962
23574 0.165622
23575 0.0422075
23576 0.0849115
23577 0.0064942
23578 0.629741
23579 0.92129
23580 0.51795
23581 0.497924
23582 0.010466
23583 0.145219
23584 0.348228
23585 0.332532
23586 0.114252
23587 0.536024
23588 0.303378
23589 0.16678
23590 0.304663
23591 0.134403
23592 0.709738
23593 0.423639
23594 0.249757
23595 0.325106
23596 0.347674
23597 0.105975
23598 0.103941
23599 0.150303
23600 0.0896867
23601 0.0950994
23602 0.0904823
23603 0.0557991
23604 0.0854584
23605 0.517735
23606 0.0801966
23607 0.523272
23608 0.0548773
23609 0.0363079
23610 0.0349641
23611 0.0336399
23612 0.272136
23613 0.428878
23614 0.355441
23615 0.0990635
23616 0.10366
23617 0.0940101
23618 0.25903
23619 0.482234
23620 0.468293
23621 0.107634
23622 0.0886585
23623 0.0934788
23624 0.151984
23625 0.0831533
23626 0.116347
23627 0.113097
23628 0.127796
23629 0.114332
23630 0.114466
23631 0.113478
23632 0.135493
23633 0.108324
23634 0.104366
23635 0.0996823
23636 0.6472
23637 0.083495
23638 0.0673711
23639 0.0598229
23640 0.0469829
23641 0.0416405
23642 0.17887
23643 0.16625
23644 0.135621
23645 0.127472
23646 0.0966845
23647 0.116156
23648 0.10366
23649 0.0913819
23650 0.0800633
23651 0.115592
23652 0.0589648
23653 0.116468
23654 0.19893
23655 0.445308
23656 0.350408
23657 0.124408
23658 0.155648
23659 0.355008
23660 0.677532
23661 0.044419
23662 0.0971516
23663 0.0729384
23664 0.46388
23665 0.0769213
23666 0.0870209
23667 0.0804688
23668 0.0875054
23669 0.774584
23670 0.0834284
23671 0.0870428
23672 0.711328
23673 0.0856584
23674 0.22745
23675 0.217044
23676 0.408775
23677 0.511294
23678 0.514964
23679 0.594229
23680 0.206211
23681 0.18923
23682 0.357664
23683 0.296432
23684 0.298046
23685 0.0823095
23686 0.511918
23687 0.203535
23688 0.233341
23689 0.293171
23690 0.0822601
23691 0.189696
23692 0.131478
23693 0.387338
23694 0.221206
23695 0.0821031
23696 0.154627
23697 0.0703478
23698 0.549438
23699 0.527601
23700 0.0817715
23701 0.332021
23702 0.300769
23703 0.258036
23704 0.356457
23705 0.45656
23706 0.470172
23707 0.247406
23708 0.344679
23709 0.302744
23710 0.480239
23711 0.239731
23712 0.538267
23713 0.228468
23714 0.144313
23715 0.602385
23716 0.374535
23717 0.691251
23718 0.294713
23719 0.189965
23720 0.372696
23721 0.492867
23722 0.638987
23723 0.617281
23724 0.137055
23725 0.317093
23726 0.208688
23727 0.573004
23728 0.305428
23729 0.41276
23730 0.58354
23731 0.372958
23732 0.243871
23733 0.17521
23734 0.292544
23735 0.21322
23736 0.340209
23737 0.592676
23738 0.318236
23739 0.322255
23740 0.289932
23741 0.310612
23742 0.827078
23743 0.887098
23744 0.164133
23745 0.252396
23746 0.179628
23747 0.224312
23748 0.291117
23749 0.778003
23750 0.20469
23751 0.220961
23752 0.212482
23753 0.219136
23754 0.122051
23755 0.120532
23756 0.11774
23757 0.0795947
23758 0.181867
23759 0.197721
23760 0.273676
23761 0.678547
23762 0.271404
23763 0.462856
23764 0.466157
23765 0.505612
23766 0.601768
23767 0.462152
23768 0.226597
23769 0.473927
23770 0.263506
23771 0.845428
23772 0.365968
23773 0.466183
23774 0.10027
23775 0.081511
23776 0.0636309
23777 0.0983351
23778 0.744034
23779 0.300708
23780 0.069261
23781 0.426626
23782 0.0928643
23783 0.0965044
23784 0.0804652
23785 0.447816
23786 0.219795
23787 0.141632
23788 0.481859
23789 0.381128
23790 0.262224
23791 0.165364
23792 0.329229
23793 0.0529259
23794 0.211579
23795 0.551526
23796 0.355247
23797 0.0441652
23798 0.180511
23799 0.0244792
23800 0.0248942
23801 0.0253526
23802 0.172996
23803 0.0054268
23804 0.390699
23805 0.0511777
23806 0.0258527
23807 0.0408534
23808 0.00553587
23809 0.00576146
23810 0.0263886
23811 0.0405976
23812 0.00564741
23813 0.0610428
23814 0.0401951
23815 0.543795
23816 0.0396454
23817 0.00428994
23818 0.0389505
23819 0.10737
23820 0.060861
23821 0.016098
23822 0.142888
23823 0.872293
23824 0.339606
23825 0.162787
23826 0.00454663
23827 0.503098
23828 0.817703
23829 0.203704
23830 0.331916
23831 0.219727
23832 0.0456081
23833 0.200388
23834 0.0469671
23835 0.457985
23836 0.205964
23837 0.237665
23838 0.212985
23839 0.118979
23840 0.166246
23841 0.261507
23842 0.20045
23843 0.184341
23844 0.938039
23845 0.119595
23846 0.136086
23847 0.152439
23848 0.121307
23849 0.538082
23850 0.35756
23851 0.000586625
23852 0.486942
23853 0.689161
23854 0.187688
23855 0.396518
23856 0.220007
23857 0.221725
23858 0.0937572
23859 0.738332
23860 0.287845
23861 0.488768
23862 0.609591
23863 0.216758
23864 0.623884
23865 0.37747
23866 0.594176
23867 0.295158
23868 0.722787
23869 0.497123
23870 0.727958
23871 0.264007
23872 0.631092
23873 0.287382
23874 0.484291
23875 0.21083
23876 0.852553
23877 0.239635
23878 0.0852126
23879 0.261885
23880 0.254753
23881 0.293552
23882 0.557923
23883 0.250877
23884 0.591962
23885 0.395241
23886 0.23512
23887 0.259706
23888 0.0931908
23889 0.161162
23890 0.175233
23891 0.379778
23892 0.311779
23893 0.78602
23894 0.552755
23895 0.49916
23896 0.366459
23897 0.337183
23898 0.555901
23899 0.258874
23900 0.14417
23901 0.264662
23902 0.603475
23903 0.335245
23904 0.268816
23905 0.22223
23906 0.140798
23907 0.312271
23908 0.364908
23909 0.539401
23910 0.0325605
23911 0.0448667
23912 0.045907
23913 0.372915
23914 0.491801
23915 0.288779
23916 0.0177155
23917 0.0539677
23918 0.00370224
23919 0.00384082
23920 0.452848
23921 0.0198933
23922 0.0172377
23923 0.0325892
23924 0.00357216
23925 0.0113166
23926 0.0204618
23927 0.0193426
23928 0.0210487
23929 0.035912
23930 0.0168914
23931 0.0167711
23932 0.12287
23933 0.00344989
23934 0.0825966
23935 0.0134362
23936 0.0130673
23937 0.0158275
23938 0.0107591
23939 0.0286686
23940 0.0138661
23941 0.0033348
23942 0.0139521
23943 0.0148388
23944 0.0180357
23945 0.0158716
23946 0.027096
23947 0.00525201
23948 0.842963
23949 0.0143264
23950 0.0332594
23951 0.0113717
23952 0.0154385
23953 0.0147124
23954 0.0099526
23955 0.0116917
23956 0.0150164
23957 0.0663896
23958 0.0151106
23959 0.115424
23960 0.012021
23961 0.0146053
23962 0.0115979
23963 0.00824607
23964 0.01236
23965 0.014205
23966 0.0222786
23967 0.0159455
23968 0.0127087
23969 0.0138153
23970 0.0216542
23971 0.0834056
23972 0.765464
23973 0.730309
23974 0.658398
23975 0.537935
23976 0.469772
23977 0.585341
23978 0.846431
23979 0.713713
23980 0.730349
23981 0.592038
23982 0.0260099
23983 0.113488
23984 0.112885
23985 0.12854
23986 0.090396
23987 0.145063
23988 0.125035
23989 0.143292
23990 0.255251
23991 0.342268
23992 0.270654
23993 0.275889
23994 0.639526
23995 0.685303
23996 0.351803
23997 0.840158
23998 0.313795
23999 0.117146
24000 0.685733
24001 0.575862
24002 0.237901
24003 0.237163
24004 0.2624
24005 0.278239
24006 0.207499
24007 0.27946
24008 0.177189
24009 0.263132
24010 0.71495
24011 0.801102
24012 0.710756
24013 0.237241
24014 0.277484
24015 0.254357
24016 0.654143
24017 0.138685
24018 0.170431
24019 0.201377
24020 0.292642
24021 0.0846108
24022 0.029936
24023 0.0452307
24024 0.243106
24025 0.0494206
24026 0.363705
24027 0.299933
24028 0.64691
24029 0.608434
24030 0.289609
24031 0.625347
24032 0.450673
24033 0.656254
24034 0.805125
24035 0.471604
24036 0.101882
24037 0.0775047
24038 0.24747
24039 0.409297
24040 0.138184
24041 0.513372
24042 0.0442939
24043 0.0438427
24044 0.264816
24045 0.0417025
24046 0.0173837
24047 0.0282006
24048 0.0254287
24049 0.0582384
24050 0.283611
24051 0.128387
24052 0.585628
24053 0.258563
24054 0.317432
24055 0.0594847
24056 0.0647233
24057 0.0595875
24058 0.055022
24059 0.0936474
24060 0.0564434
24061 0.0350147
24062 0.0521894
24063 0.0347284
24064 0.0726234
24065 0.279661
